ID_LUOGO,ID_NAZIONE,DENOMINAZIONE,STATO,TIPO_LUOGO,COD_MF,ID_LUOGO_NUOVO,ID_PROVINCIA,COD_ISTAT,CAP,COD_CATASTALE,DT_INIZIO_VALIDITA,DT_FINE_VALIDITA,DT_INSERIMENTO,DT_AGGIORNAMENTO,ID_LUOGO_FONTE,FLAG_CERTIFICATO
646,100,ROVOLON,0,ITA,H622,646,28,028071,35698,H622,1900-01-01,4712-12-31,2000-05-12,2000-05-12,646,N
59396,100,MIRANO,0,ITA,F241,59396,27,027024,30622,F241,1900-01-01,4712-12-31,2000-05-12,2000-05-12,59396,N
59527,100,CONTARINA,1,ITA,C967,59527,29,029016,45093,C967,1938-02-11,1994-12-31,2003-06-04,2003-06-04,59527,N
58888,100,GRANCONA,1,ITA,E138,58888,24,024045,36957,E138,1900-01-01,2017-03-21,2017-05-17,2017-05-17,58888,N
58952,100,BREGANZE,0,ITA,B132,58952,24,024014,36632,B132,1900-01-01,4712-12-31,2000-05-12,2000-05-12,58952,N
48261,100,SANTA GIUSTINA IN COLLE,0,ITA,I207,48261,28,028080,35681,I207,1900-01-01,4712-12-31,2000-05-12,2000-05-12,48261,N
48328,100,MASERA' DI PADOVA,0,ITA,F011,48328,28,028048,35862,F011,1900-01-01,4712-12-31,2000-05-12,2000-05-12,48328,N
48389,100,CAMPODARSEGO,0,ITA,B524,48389,28,028017,35764,B524,1900-01-01,4712-12-31,2000-05-12,2000-05-12,48389,N
48522,100,VALEGGIO SUL MINCIO,0,ITA,L567,48522,23,023089,37854,L567,1900-01-01,4712-12-31,2000-05-12,2000-05-12,48522,N
48523,100,PORTOBUFFOLE',1,ITA,G909,48523,26,026060,31649,G909,1900-01-01,2006-02-05,2006-02-06,2006-02-06,48523,N
47877,100,CASALEONE,0,ITA,B886,47877,23,023019,37527,B886,1900-01-01,4712-12-31,2000-05-12,2000-05-12,47877,N
48137,100,NOGAROLE ROCCA,0,ITA,F921,48137,23,023054,37036,F921,1900-01-01,4712-12-31,2000-05-12,2000-05-12,48137,N
48198,100,CAVAION VERONESE,0,ITA,C370,48198,23,023023,37646,C370,1900-01-01,4712-12-31,2000-05-12,2000-05-12,48198,N
48199,100,PEDEROBBA,0,ITA,G408,48199,26,026056,31378,G408,1900-01-01,4712-12-31,2000-05-12,2000-05-12,48199,N
47561,100,GAZZO,0,ITA,D956,47561,28,028041,35448,D956,1900-01-01,4712-12-31,2000-05-12,2000-05-12,47561,N
47753,100,SOMMACAMPAGNA,0,ITA,I821,47753,23,023082,37540,I821,1900-01-01,4712-12-31,2000-05-12,2000-05-12,47753,N
47819,100,TARZO,0,ITA,L058,47819,26,026084,31808,L058,1900-01-01,4712-12-31,2000-05-12,2000-05-12,47819,N
47049,100,LAZISE,0,ITA,E502,47049,23,023043,37110,E502,1900-01-01,4712-12-31,2000-05-12,2000-05-12,47049,N
47111,100,BOVOLONE,0,ITA,B107,47111,23,023012,37699,B107,1900-01-01,4712-12-31,2000-05-12,2000-05-12,47111,N
47112,100,MONFUMO,0,ITA,F360,47112,26,026045,31467,F360,1900-01-01,4712-12-31,2000-05-12,2000-05-12,47112,N
47171,100,CAVASO DEL TOMBA,0,ITA,C384,47171,26,026014,31615,C384,1900-01-01,4712-12-31,2000-05-12,2000-05-12,47171,N
47240,100,ESTE,0,ITA,D442,47240,28,028037,35814,D442,1900-01-01,4712-12-31,2000-05-12,2000-05-12,47240,N
47304,100,ARRE,0,ITA,A438,47304,28,028006,35288,A438,1900-01-01,4712-12-31,2000-05-12,2000-05-12,47304,N
46790,100,BEVILACQUA,0,ITA,A837,46790,23,023008,37947,A837,1900-01-01,4712-12-31,2000-05-12,2000-05-12,46790,N
46278,100,VAS,1,ITA,L692,46278,25,025064,32387,L692,1900-01-01,2013-12-27,2000-05-12,2000-05-12,46278,N
46342,100,LOZZO DI CADORE,0,ITA,E708,46342,25,025033,32996,E708,1900-01-01,4712-12-31,2000-05-12,2000-05-12,46342,N
46471,100,CERVARESE SANTA CROCE,0,ITA,C544,46471,28,028030,35753,C544,1900-01-01,4712-12-31,2000-05-12,2000-05-12,46471,N
51910,100,CHIAMPO,0,ITA,C605,51910,24,024029,36433,C605,1900-01-01,4712-12-31,2000-05-12,2000-05-12,51910,N
51082,100,LUGO DI VICENZA,0,ITA,E731,51082,24,024053,36454,E731,1900-01-01,4712-12-31,2000-05-12,2000-05-12,51082,N
51142,100,CAMPIGLIA DEI BERICI,0,ITA,B511,51142,24,024022,36147,B511,1900-01-01,4712-12-31,2000-05-12,2000-05-12,51142,N
51268,100,PIANIGA,0,ITA,G565,51268,27,027028,30982,G565,1900-01-01,4712-12-31,2000-05-12,2000-05-12,51268,N
51461,100,ROSSANO VENETO,0,ITA,H580,51461,24,024088,36819,H580,1900-01-01,4712-12-31,2000-05-12,2000-05-12,51461,N
50697,100,POVE DEL GRAPPA,0,ITA,G943,50697,24,024081,36994,G943,1900-01-01,4712-12-31,2000-05-12,2000-05-12,50697,N
50758,100,LAGHI,0,ITA,E403,50758,24,024049,36924,E403,1900-01-01,4712-12-31,2000-05-12,2000-05-12,50758,N
50821,100,CALDOGNO,0,ITA,B403,50821,24,024018,36858,B403,1900-01-01,4712-12-31,2000-05-12,2000-05-12,50821,N
40714,100,ZEVIO,0,ITA,M172,40714,23,023097,37050,M172,1900-01-01,4712-12-31,2000-05-12,2000-05-12,40714,N
40839,100,ALTAVILLA VICENTINA,0,ITA,A231,40839,24,024004,36093,A231,1900-01-01,4712-12-31,2000-05-12,2000-05-12,40839,N
40840,100,PADOVA,0,ITA,G224,40840,28,028060,35423,G224,1900-01-01,4712-12-31,2000-05-12,2000-05-12,40840,N
40071,100,COLOGNA VENETA,0,ITA,C890,40071,23,023027,37076,C890,1900-01-01,4712-12-31,2000-05-12,2000-05-12,40071,N
-813,100,MIRA,1,ITA,D893,16452,27,,30556,D893,,,,,-813,N
-1013,100,VENEZIA,1,ITA,E845,32327,27,,30295,E845,,,,,-1013,N
-1199,100,VENEZIA,1,ITA,F807,32327,27,,30952,F807,,,,,-1199,N
-1072,100,VENEZIA,1,ITA,F159,32327,27,,30369,F159,,,,,-1072,N
-742,100,VENEZIA,1,ITA,D515,32327,27,,30663,D515,,,,,-742,N
-260,100,VENEZIA,1,ITA,B273,32327,27,,30721,B273,,,,,-260,N
-1319,100,VENEZIA,1,ITA,G425,32327,27,,30442,G425,,,,,-1319,N
-542,100,VENEZIA,1,ITA,C647,32327,27,,30846,C647,,,,,-542,N
-2125,100,VENEZIA,1,ITA,M154,32327,27,,30601,M154,,,,,-2125,N
40132,100,FONTE,0,ITA,D680,40132,26,026029,31576,D680,1900-01-01,4712-12-31,2000-05-12,2000-05-12,40132,N
40133,100,SANT'URBANO,0,ITA,I375,40133,28,028084,35374,I375,1900-01-01,4712-12-31,2000-05-12,2000-05-12,40133,N
40201,100,CAMPOLONGO MAGGIORE,0,ITA,B546,40201,27,027003,30654,B546,1900-01-01,4712-12-31,2000-05-12,2000-05-12,40201,N
40326,100,RIVOLI VERONESE,0,ITA,H356,40326,23,023062,37722,H356,1900-01-01,4712-12-31,2000-05-12,2000-05-12,40326,N
40392,100,DOLCE',0,ITA,D317,40392,23,023031,37586,D317,1900-01-01,4712-12-31,2000-05-12,2000-05-12,40392,N
40393,100,QUINTO DI TREVISO,0,ITA,H131,40393,26,026064,31993,H131,1900-01-01,4712-12-31,2000-05-12,2000-05-12,40393,N
40453,100,GODEGA DI SANT'URBANO,0,ITA,E071,40453,26,026033,31034,E071,1900-01-01,4712-12-31,2000-05-12,2000-05-12,40453,N
39688,100,VAZZOLA,0,ITA,L700,39688,26,026088,31826,L700,1900-01-01,4712-12-31,2000-05-12,2000-05-12,39688,N
46023,100,AFFI,0,ITA,A061,46023,23,023001,37539,A061,1900-01-01,4712-12-31,2000-05-12,2000-05-12,46023,N
46024,100,ZUGLIANO,0,ITA,M199,46024,24,024122,36634,M199,1900-01-01,4712-12-31,2000-05-12,2000-05-12,46024,N
46025,100,LIMANA,0,ITA,E588,46025,25,025029,32218,E588,1900-01-01,4712-12-31,2000-05-12,2000-05-12,46025,N
46084,100,ASOLO,0,ITA,A471,46084,26,026003,31517,A471,1900-01-01,4712-12-31,2000-05-12,2000-05-12,46084,N
45701,100,VILLAVERLA,0,ITA,M032,45701,24,024118,36426,M032,1900-01-01,4712-12-31,2000-05-12,2000-05-12,45701,N
45127,100,POJANA MAGGIORE,0,ITA,G776,45127,24,024079,36064,G776,1900-01-01,4712-12-31,2000-05-12,2000-05-12,45127,N
45189,100,SEDICO,0,ITA,I563,45189,25,025053,32008,I563,1900-01-01,4712-12-31,2000-05-12,2000-05-12,45189,N
45252,100,FONZASO,0,ITA,D686,45252,25,025022,32007,D686,1900-01-01,4712-12-31,2000-05-12,2000-05-12,45252,N
44871,100,SAN TOMASO AGORDINO,0,ITA,I347,44871,25,025049,32671,I347,1900-01-01,4712-12-31,2000-05-12,2000-05-12,44871,N
44934,100,DOMEGGE DI CADORE,0,ITA,D330,44934,25,025018,32522,D330,1900-01-01,4712-12-31,2000-05-12,2000-05-12,44934,N
44360,100,NOGAROLE VICENTINO,0,ITA,F922,44360,24,024072,36932,F922,1900-01-01,4712-12-31,2000-05-12,2000-05-12,44360,N
44361,100,SAN PIETRO VIMINARIO,0,ITA,I120,44361,28,028079,35369,I120,1900-01-01,4712-12-31,2000-05-12,2000-05-12,44361,N
-290,100,ADRIA,1,ITA,B348,6598,29,,45070,B348,,,,,-290,N
59208,100,SAN ZENO DI MONTAGNA,0,ITA,I414,59208,23,023079,37724,I414,1900-01-01,4712-12-31,2000-05-12,2000-05-12,59208,N
44611,100,TORREBELVICINO,0,ITA,L248,44611,24,024107,36593,L248,1900-01-01,4712-12-31,2000-05-12,2000-05-12,44611,N
43844,100,SCHIO,0,ITA,I531,43844,24,024100,36230,I531,1900-01-01,4712-12-31,2000-05-12,2000-05-12,43844,N
43845,100,BORCA DI CADORE,0,ITA,A982,43845,25,025007,32024,A982,1900-01-01,4712-12-31,2000-05-12,2000-05-12,43845,N
44039,100,MONTORSO VICENTINO,0,ITA,F696,44039,24,024068,36331,F696,1900-01-01,4712-12-31,2000-05-12,2000-05-12,44039,N
44103,100,CRESPADORO,0,ITA,D156,44103,24,024037,36360,D156,1900-01-01,4712-12-31,2000-05-12,2000-05-12,44103,N
44104,100,QUERO,1,ITA,H124,44104,25,025042,32540,H124,1900-01-01,2013-12-27,2000-05-12,2000-05-12,44104,N
44165,100,CESIOMAGGIORE,0,ITA,C577,44165,25,025011,32163,C577,1900-01-01,4712-12-31,2000-05-12,2000-05-12,44165,N
43463,100,SANTO STINO DI LIVENZA,1,ITA,I373,43463,27,027036,30840,I373,1900-01-01,2013-04-16,2000-05-12,2000-05-12,43463,N
43590,100,RUBANO,0,ITA,H625,43590,28,028072,35881,H625,1900-01-01,4712-12-31,2000-05-12,2000-05-12,43590,N
43591,100,GUARDA VENETA,0,ITA,E240,43591,29,029028,45022,E240,1900-01-01,4712-12-31,2000-05-12,2000-05-12,43591,N
43653,100,SAN VITO DI LEGUZZANO,0,ITA,I401,43653,24,024096,36745,I401,1900-01-01,4712-12-31,2000-05-12,2000-05-12,43653,N
43014,100,CASSOLA,0,ITA,C037,43014,24,024026,36013,C037,1900-01-01,4712-12-31,2000-05-12,2000-05-12,43014,N
43273,100,MONTECCHIO MAGGIORE,0,ITA,F464,43273,24,024061,36918,F464,1900-01-01,4712-12-31,2000-05-12,2000-05-12,43273,N
41606,100,PONSO,0,ITA,G823,41606,28,028067,35964,G823,1900-01-01,4712-12-31,2000-05-12,2000-05-12,41606,N
41669,100,ROVIGO,0,ITA,H620,41669,29,029041,45223,H620,1900-01-01,4712-12-31,2000-05-12,2000-05-12,41669,N
41098,100,SAN BONIFACIO,0,ITA,H783,41098,23,023069,37753,H783,1900-01-01,4712-12-31,2000-05-12,2000-05-12,41098,N
41159,100,GREZZANA,0,ITA,E171,41159,23,023038,37736,E171,1900-01-01,4712-12-31,2000-05-12,2000-05-12,41159,N
41221,100,URBANA,0,ITA,L497,41221,28,028095,35319,L497,1900-01-01,4712-12-31,2000-05-12,2000-05-12,41221,N
40518,100,MONTAGNANA,0,ITA,F394,40518,28,028056,35716,F394,1900-01-01,4712-12-31,2000-05-12,2000-05-12,40518,N
40579,100,CARRARA SANTO STEFANO,1,ITA,B834,40579,28,028025,35232,B834,1900-01-01,1995-03-23,2001-12-24,2001-12-24,40579,N
40580,100,LOREO,0,ITA,E689,40580,29,029030,45522,E689,1900-01-01,4712-12-31,2000-05-12,2000-05-12,40580,N
47621,100,BARBONA,0,ITA,A637,47621,28,028010,35665,A637,1900-01-01,4712-12-31,2000-05-12,2000-05-12,47621,N
42757,100,PORTO VIRO,0,ITA,G926,42757,29,029052,45938,G926,1995-01-01,4712-12-31,1995-02-15,1995-02-15,42757,N
42821,100,FICAROLO,0,ITA,D568,42821,29,029021,45308,D568,1900-01-01,4712-12-31,2000-05-12,2000-05-12,42821,N
42951,100,MAROSTICA,0,ITA,E970,42951,24,024057,36639,E970,1900-01-01,4712-12-31,2000-05-12,2000-05-12,42951,N
42184,100,LASTEBASSE,0,ITA,E465,42184,24,024050,36043,E465,1900-01-01,4712-12-31,2000-05-12,2000-05-12,42184,N
42185,100,DUE CARRARE,0,ITA,M300,42185,28,028106,35289,M300,1995-03-24,4712-12-31,2003-06-10,2003-06-10,42185,N
42373,100,MUSILE DI PIAVE,0,ITA,F826,42373,27,027025,30279,F826,1900-01-01,4712-12-31,2000-05-12,2000-05-12,42373,N
42439,100,VILLADOSE,0,ITA,L939,42439,29,029048,45734,L939,1900-01-01,4712-12-31,2000-05-12,2000-05-12,42439,N
42503,100,CORBOLA,0,ITA,C987,42503,29,029017,45208,C987,1900-01-01,4712-12-31,2000-05-12,2000-05-12,42503,N
42567,100,ROANA,0,ITA,H361,42567,24,024085,36492,H361,1900-01-01,4712-12-31,2000-05-12,2000-05-12,42567,N
41735,100,CANDA,0,ITA,B582,41735,29,029010,45146,B582,1900-01-01,4712-12-31,2000-05-12,2000-05-12,41735,N
41864,100,GRISIGNANO DI ZOCCO,0,ITA,E184,41864,24,024046,36218,E184,1900-01-01,4712-12-31,2000-05-12,2000-05-12,41864,N
41928,100,BRENDOLA,0,ITA,B143,41928,24,024015,36272,B143,1900-01-01,4712-12-31,2000-05-12,2000-05-12,41928,N
41286,100,FIESSO D'ARTICO,0,ITA,D578,41286,27,027014,30632,D578,1900-01-01,4712-12-31,2000-05-12,2000-05-12,41286,N
41348,100,POLESELLA,0,ITA,G782,41348,29,029037,45649,G782,1900-01-01,4712-12-31,2000-05-12,2000-05-12,41348,N
41413,100,SAN MARTINO BUON ALBERGO,0,ITA,I003,41413,23,023073,37049,I003,1900-01-01,4712-12-31,2000-05-12,2000-05-12,41413,N
41414,100,BERGANTINO,0,ITA,A795,41414,29,029006,45449,A795,1900-01-01,4712-12-31,2000-05-12,2000-05-12,41414,N
41480,100,SANTA LUCIA DI PIAVE,0,ITA,I221,41480,26,026075,31459,I221,1900-01-01,4712-12-31,2000-05-12,2000-05-12,41480,N
38923,100,MEZZANE DI SOTTO,0,ITA,F172,38923,23,023047,37107,F172,1900-01-01,4712-12-31,2000-05-12,2000-05-12,38923,N
38924,100,SILEA,0,ITA,F116,38924,26,026081,31570,F116,1900-01-01,4712-12-31,2000-05-12,2000-05-12,38924,N
38980,100,BUTTAPIETRA,0,ITA,B304,38980,23,023016,37664,B304,1900-01-01,4712-12-31,2000-05-12,2000-05-12,38980,N
38981,100,MOTTA DI LIVENZA,0,ITA,F770,38981,26,026049,31002,F770,1900-01-01,4712-12-31,2000-05-12,2000-05-12,38981,N
39045,100,CISON DI VALMARINO,0,ITA,C735,39045,26,026018,31273,C735,1900-01-01,4712-12-31,2000-05-12,2000-05-12,39045,N
39239,100,MOZZECANE,0,ITA,F789,39239,23,023051,37664,F789,1900-01-01,4712-12-31,2000-05-12,2000-05-12,39239,N
38152,100,ISOLA DELLA SCALA,0,ITA,E349,38152,23,023040,37244,E349,1900-01-01,4712-12-31,2000-05-12,2000-05-12,38152,N
38153,100,ZOLDO ALTO,1,ITA,I345,38153,25,025068,32090,I345,1900-01-01,2016-11-15,2000-05-12,2000-05-12,38153,N
38216,100,PERAROLO DI CADORE,0,ITA,G442,38216,25,025037,32453,G442,1900-01-01,4712-12-31,2000-05-12,2000-05-12,38216,N
38217,100,MIANE,0,ITA,F190,38217,26,026042,31665,F190,1900-01-01,4712-12-31,2000-05-12,2000-05-12,38217,N
38275,100,CASTELCUCCO,0,ITA,C073,38275,26,026011,31133,C073,1900-01-01,4712-12-31,2000-05-12,2000-05-12,38275,N
38342,100,CONSELVE,0,ITA,C964,38342,28,028034,35349,C964,1900-01-01,4712-12-31,2000-05-12,2000-05-12,38342,N
38407,100,ALBIGNASEGO,0,ITA,A161,38407,28,028003,35359,A161,1900-01-01,4712-12-31,2000-05-12,2000-05-12,38407,N
37894,100,BADIA CALAVENA,0,ITA,A540,37894,23,023005,37030,A540,1900-01-01,4712-12-31,2000-05-12,2000-05-12,37894,N
37957,100,CAPPELLA MAGGIORE,0,ITA,B678,37957,26,026007,31100,B678,1900-01-01,4712-12-31,2000-05-12,2000-05-12,37957,N
37382,100,TRICHIANA,1,ITA,L422,37382,25,025061,32152,L422,1900-01-01,2019-01-30,2000-05-12,2000-05-12,37382,N
37446,100,LIVINALLONGO DEL COL DI LANA,0,ITA,E622,37446,25,025030,32065,E622,1900-01-01,4712-12-31,2000-05-12,2000-05-12,37446,N
37061,100,SOVERZENE,0,ITA,I876,37061,25,025057,32591,I876,1900-01-01,4712-12-31,2000-05-12,2000-05-12,37061,N
37128,100,LAMON,0,ITA,E429,37128,25,025026,32160,E429,1900-01-01,4712-12-31,2000-05-12,2000-05-12,37128,N
36807,100,VELO D'ASTICO,0,ITA,L723,36807,24,024115,36643,L723,1900-01-01,4712-12-31,2000-05-12,2000-05-12,36807,N
36230,100,PEDEMONTE,0,ITA,G406,36230,24,024076,36517,G406,1900-01-01,4712-12-31,2000-05-12,2000-05-12,36230,N
36292,100,SANTO STEFANO DI CADORE,0,ITA,C919,36292,25,025050,32673,C919,1900-01-01,4712-12-31,2000-05-12,2000-05-12,36292,N
43334,100,CHIUPPANO,0,ITA,C650,43334,24,024030,36250,C650,1900-01-01,4712-12-31,2000-05-12,2000-05-12,43334,N
35717,100,TEZZE SUL BRENTA,0,ITA,L156,35717,24,024104,36837,L156,1900-01-01,4712-12-31,2000-05-12,2000-05-12,35717,N
35975,100,SAN NICOLO' DI COMELICO,0,ITA,I063,35975,25,025046,32543,I063,1900-01-01,4712-12-31,2000-05-12,2000-05-12,35975,N
36037,100,COMELICO SUPERIORE,0,ITA,C920,36037,25,025015,32295,C920,1900-01-01,4712-12-31,2000-05-12,2000-05-12,36037,N
35465,100,SAN GIORGIO IN BOSCO,0,ITA,H897,35465,28,028076,35485,H897,1900-01-01,4712-12-31,2000-05-12,2000-05-12,35465,N
34949,100,ARSIE',0,ITA,A443,34949,25,025004,32026,A443,1900-01-01,4712-12-31,2000-05-12,2000-05-12,34949,N
-1661,100,BORGORICCO,1,ITA,I043,56517,28,,35590,I043,,,,,-1661,N
-1495,100,CURTAROLO,1,ITA,H241,4296,28,,35184,H241,,,,,-1495,N
57992,100,CINTO CAOMAGGIORE,0,ITA,C714,57992,27,027009,30556,C714,1900-01-01,4712-12-31,2000-05-12,2000-05-12,57992,N
58246,100,TRIBANO,0,ITA,L414,58246,28,028094,35899,L414,1900-01-01,4712-12-31,2000-05-12,2000-05-12,58246,N
58310,100,ERACLEA,0,ITA,D415,58310,27,027013,30301,D415,1951-01-25,4712-12-31,2023-03-16,2023-03-16,58310,N
58371,100,PINCARA,0,ITA,G673,58371,29,029036,45139,G673,1900-01-01,4712-12-31,2000-05-12,2000-05-12,58371,N
59209,100,VO',0,ITA,M103,59209,28,028105,35216,M103,1900-01-01,4712-12-31,2000-05-12,2000-05-12,59209,N
58629,100,POLVERARA,0,ITA,G802,58629,28,028066,35114,G802,1900-01-01,4712-12-31,2000-05-12,2000-05-12,58629,N
35144,100,MONTEGALDELLA,0,ITA,F515,35144,24,024065,36711,F515,1900-01-01,4712-12-31,2000-05-12,2000-05-12,35144,N
39430,100,LIMENA,0,ITA,E592,39430,28,028045,35169,E592,1900-01-01,4712-12-31,2000-05-12,2000-05-12,39430,N
39493,100,BOVOLENTA,0,ITA,B106,39493,28,028014,35439,B106,1900-01-01,4712-12-31,2000-05-12,2000-05-12,39493,N
39625,100,TORRI DEL BENACO,0,ITA,L287,39625,23,023086,37593,L287,1900-01-01,4712-12-31,2000-05-12,2000-05-12,39625,N
29447,100,CINTO EUGANEO,0,ITA,C713,29447,28,028031,35533,C713,1900-01-01,4712-12-31,2000-05-12,2000-05-12,29447,N
28999,100,ALBAREDO D'ADIGE,0,ITA,A137,28999,23,023002,37553,A137,1900-01-01,4712-12-31,2000-05-12,2000-05-12,28999,N
29060,100,BORSO DEL GRAPPA,0,ITA,B061,29060,26,026004,31937,B061,1900-01-01,4712-12-31,2000-05-12,2000-05-12,29060,N
34058,100,LUSIANA,1,ITA,E762,34058,24,024054,36701,E762,1900-01-01,2019-02-20,2000-05-12,2000-05-12,34058,N
34117,100,CAMPOLONGO SUL BRENTA,1,ITA,B547,34117,24,024023,36008,B547,1900-01-01,2019-01-30,2000-05-12,2000-05-12,34117,N
34244,100,PORTOGRUARO,0,ITA,G914,34244,27,027029,30365,G914,1900-01-01,4712-12-31,2000-05-12,2000-05-12,34244,N
34437,100,ROTZO,0,ITA,H594,34437,24,024089,36283,H594,1900-01-01,4712-12-31,2000-05-12,2000-05-12,34437,N
33672,100,POZZOLEONE,0,ITA,G957,33672,24,024082,36069,G957,1900-01-01,4712-12-31,2000-05-12,2000-05-12,33672,N
33800,100,CALTRANO,0,ITA,B433,33800,24,024019,36576,B433,1900-01-01,4712-12-31,2000-05-12,2000-05-12,33800,N
33159,100,GRUARO,0,ITA,E215,33159,27,027018,30856,E215,1900-01-01,4712-12-31,2000-05-12,2000-05-12,33159,N
33288,100,SANT'AMBROGIO DI VALPOLICELLA,0,ITA,I259,33288,23,023077,37055,I259,1900-01-01,4712-12-31,2000-05-12,2000-05-12,33288,N
33289,100,VILLAFRANCA PADOVANA,0,ITA,L947,33289,28,028103,35229,L947,1900-01-01,4712-12-31,2000-05-12,2000-05-12,33289,N
33349,100,SEGUSINO,0,ITA,I578,33349,26,026079,31772,I578,1900-01-01,4712-12-31,2000-05-12,2000-05-12,33349,N
33476,100,MEOLO,0,ITA,F130,33476,27,027022,30175,F130,1900-01-01,4712-12-31,2000-05-12,2000-05-12,33476,N
33542,100,STIENTA,0,ITA,I953,33542,29,029045,45410,I953,1900-01-01,4712-12-31,2000-05-12,2000-05-12,33542,N
23815,100,ALTISSIMO,0,ITA,A236,23815,24,024005,36457,A236,1900-01-01,4712-12-31,2000-05-12,2000-05-12,23815,N
23816,100,PERNUMIA,0,ITA,G461,23816,28,028061,35323,G461,1900-01-01,4712-12-31,2000-05-12,2000-05-12,23816,N
32969,100,GAMBELLARA,0,ITA,D897,32969,24,024043,36069,D897,1900-01-01,4712-12-31,2000-05-12,2000-05-12,32969,N
33032,100,BASSANO DEL GRAPPA,0,ITA,A703,33032,24,024012,36199,A703,1900-01-01,4712-12-31,2000-05-12,2000-05-12,33032,N
33093,100,VIGODARZERE,0,ITA,L892,33093,28,028099,35093,L892,1900-01-01,4712-12-31,2000-05-12,2000-05-12,33093,N
32326,100,MANSUE',0,ITA,E893,32326,26,026037,31990,E893,1900-01-01,4712-12-31,2000-05-12,2000-05-12,32326,N
32327,100,VENEZIA,0,ITA,L736,32327,27,027042,30317,L736,1900-01-01,4712-12-31,2000-05-12,2000-05-12,32327,N
32328,100,TORREGLIA,0,ITA,L270,32328,28,028092,35047,L270,1900-01-01,4712-12-31,2000-05-12,2000-05-12,32328,N
32390,100,CONCORDIA SAGITTARIA,0,ITA,C950,32390,27,027011,30222,C950,1900-01-01,4712-12-31,2000-05-12,2000-05-12,32390,N
24074,100,FARA VICENTINO,0,ITA,D496,24074,24,024040,36841,D496,1900-01-01,4712-12-31,2000-05-12,2000-05-12,24074,N
32450,100,CASTELBALDO,0,ITA,C057,32450,28,028029,35240,C057,1900-01-01,4712-12-31,2000-05-12,2000-05-12,32450,N
32451,100,PAPOZZE,0,ITA,G323,32451,29,029034,45721,G323,1900-01-01,4712-12-31,2000-05-12,2000-05-12,32451,N
23369,100,ERBE',0,ITA,D419,23369,23,023032,37449,D419,1900-01-01,4712-12-31,2000-05-12,2000-05-12,23369,N
23370,100,REFRONTOLO,0,ITA,H220,23370,26,026065,31919,H220,1900-01-01,4712-12-31,2000-05-12,2000-05-12,23370,N
32518,100,SAN GIOVANNI ILARIONE,0,ITA,H916,32518,23,023070,37577,H916,1900-01-01,4712-12-31,2000-05-12,2000-05-12,32518,N
32519,100,ARQUA' POLESINE,0,ITA,A435,32519,29,029003,45718,A435,1900-01-01,4712-12-31,2000-05-12,2000-05-12,32519,N
23429,100,GORGO AL MONTICANO,0,ITA,E092,23429,26,026034,31508,E092,1900-01-01,4712-12-31,2000-05-12,2000-05-12,23429,N
32584,100,SAN FIOR,0,ITA,H843,32584,26,026072,31355,H843,1900-01-01,4712-12-31,2000-05-12,2000-05-12,32584,N
23495,100,MONTEGROTTO TERME,0,ITA,F529,23495,28,028057,35773,F529,1900-01-01,4712-12-31,2000-05-12,2000-05-12,23495,N
32708,100,ARZIGNANO,0,ITA,A459,32708,24,024008,36563,A459,1900-01-01,4712-12-31,2000-05-12,2000-05-12,32708,N
32709,100,PIOMBINO DESE,0,ITA,G688,32709,28,028064,35286,G688,1900-01-01,4712-12-31,2000-05-12,2000-05-12,32709,N
23554,100,CARTURA,0,ITA,B848,23554,28,028026,35943,B848,1900-01-01,4712-12-31,2000-05-12,2000-05-12,23554,N
23555,100,LUSIA,0,ITA,E761,23555,29,029031,45612,E761,1900-01-01,4712-12-31,2000-05-12,2000-05-12,23555,N
31942,100,AGUGLIARO,0,ITA,A093,31942,24,024001,36041,A093,1900-01-01,4712-12-31,2000-05-12,2000-05-12,31942,N
32005,100,STANGHELLA,0,ITA,I938,32005,28,028088,35866,I938,1900-01-01,4712-12-31,2000-05-12,2000-05-12,32005,N
28676,100,ZANE',0,ITA,M145,28676,24,024119,36870,M145,1900-01-01,4712-12-31,2000-05-12,2000-05-12,28676,N
30537,100,GRANTORTO,0,ITA,E145,30537,28,028042,35556,E145,1900-01-01,4712-12-31,2000-05-12,2000-05-12,30537,N
30597,100,BATTAGLIA TERME,0,ITA,A714,30597,28,028011,35689,A714,1900-01-01,4712-12-31,2000-05-12,2000-05-12,30597,N
30025,100,LEGNAGO,0,ITA,E512,30025,23,023044,37826,E512,1900-01-01,4712-12-31,2000-05-12,2000-05-12,30025,N
30086,100,BRENTINO BELLUNO,0,ITA,B152,30086,23,023013,37201,B152,1900-01-01,4712-12-31,2000-05-12,2000-05-12,30086,N
30087,100,MONTEBELLUNA,0,ITA,F443,30087,26,026046,31736,F443,1900-01-01,4712-12-31,2000-05-12,2000-05-12,30087,N
30147,100,CESSALTO,0,ITA,C580,30147,26,026015,31989,C580,1900-01-01,4712-12-31,2000-05-12,2000-05-12,30147,N
30216,100,FONTANIVA,0,ITA,D679,30216,28,028038,35864,D679,1900-01-01,4712-12-31,2000-05-12,2000-05-12,30216,N
30281,100,ARZERGRANDE,0,ITA,A458,30281,28,028007,35306,A458,1900-01-01,4712-12-31,2000-05-12,2000-05-12,30281,N
31304,100,MASI,0,ITA,F013,31304,28,028049,35655,F013,1900-01-01,4712-12-31,2000-05-12,2000-05-12,31304,N
31365,100,CAMPODORO,0,ITA,B531,31365,28,028018,35004,B531,1900-01-01,4712-12-31,2000-05-12,2000-05-12,31365,N
31498,100,POSSAGNO,0,ITA,G933,31498,26,026061,31974,G933,1900-01-01,4712-12-31,2000-05-12,2000-05-12,31498,N
30730,100,SONA,0,ITA,I826,30730,23,023083,37273,I826,1900-01-01,4712-12-31,2000-05-12,2000-05-12,30730,N
30794,100,TREVIGNANO,0,ITA,L402,30794,26,026085,31593,L402,1900-01-01,4712-12-31,2000-05-12,2000-05-12,30794,N
30407,100,NERVESA DELLA BATTAGLIA,0,ITA,F872,30407,26,026050,31527,F872,1900-01-01,4712-12-31,2000-05-12,2000-05-12,30407,N
29766,100,BONAVIGO,0,ITA,A964,29766,23,023009,37894,A964,1900-01-01,4712-12-31,2000-05-12,2000-05-12,29766,N
58122,100,SALIZZOLE,0,ITA,H714,58122,23,023068,37028,H714,1900-01-01,4712-12-31,2000-05-12,2000-05-12,58122,N
58183,100,GAZZO VERONESE,0,ITA,D957,58183,23,023037,37266,D957,1900-01-01,4712-12-31,2000-05-12,2000-05-12,58183,N
57604,100,CARRARA SAN GIORGIO,1,ITA,B833,57604,28,028024,35605,B833,1900-01-01,1995-03-23,2001-12-24,2001-12-24,57604,N
58437,100,SANGUINETTO,0,ITA,H944,58437,23,023072,37988,H944,1900-01-01,4712-12-31,2000-05-12,2000-05-12,58437,N
33607,100,CENESELLI,0,ITA,C461,33607,29,029014,45455,C461,1900-01-01,4712-12-31,2000-05-12,2000-05-12,33607,N
29255,100,VIGO DI CADORE,0,ITA,L890,29255,25,025065,32225,L890,1900-01-01,4712-12-31,2000-05-12,2000-05-12,29255,N
29319,100,MEL,1,ITA,F094,29319,25,025034,32340,F094,1900-01-01,2019-01-30,2000-05-12,2000-05-12,29319,N
27335,100,NOVE,0,ITA,F957,27335,24,024073,36773,F957,1900-01-01,4712-12-31,2000-05-12,2000-05-12,27335,N
26820,100,SOLAGNA,0,ITA,I783,26820,24,024101,36847,I783,1900-01-01,4712-12-31,2000-05-12,2000-05-12,26820,N
26821,100,CALALZO DI CADORE,0,ITA,B375,26821,25,025008,32633,B375,1900-01-01,4712-12-31,2000-05-12,2000-05-12,26821,N
27015,100,MOSSANO,1,ITA,F768,27015,24,024069,36365,F768,1900-01-01,2006-02-06,2006-02-07,2006-02-07,27015,N
-135,100,BRENTINO BELLUNO,1,ITA,A758,30086,23,,37988,A758,,,,,-135,N
-229,100,BRENTINO BELLUNO,1,ITA,B151,30086,23,,37209,B151,,,,,-229,N
-1095,100,VERONA,1,ITA,F252,22920,23,,37890,F252,,,,,-1095,N
-1715,100,VERONA,1,ITA,I246,22920,23,,37651,I246,,,,,-1715,N
-1297,100,VERONA,1,ITA,G341,22920,23,,37880,G341,,,,,-1297,N
-1655,100,VERONA,1,ITA,I022,22920,23,,37370,I022,,,,,-1655,N
-1174,100,VERONA,1,ITA,F691,22920,23,,37955,F691,,,,,-1174,N
-1459,100,VERONA,1,ITA,H133,22920,23,,37116,H133,,,,,-1459,N
-1466,100,VERONA,1,ITA,H142,22920,23,,37870,H142,,,,,-1466,N
-88,100,VERONA,1,ITA,A513,22920,23,,37381,A513,,,,,-88,N
-287,100,VERONA,1,ITA,B342,22920,23,,37498,B342,,,,,-287,N
-1449,100,NEGRAR,1,ITA,H084,22215,23,,37990,H084,,,,,-1449,N
-624,100,GAZZO VERONESE,1,ITA,D039,58183,23,,37070,D039,,,,,-624,N
-473,100,COSTERMANO,1,ITA,C326,57418,23,,37937,C326,,,,,-473,N
-149,100,BEVILACQUA,1,ITA,A838,46790,23,,37457,A838,,,,,-149,N
-1030,100,SAN MARTINO BUON ALBERGO,1,ITA,E926,41413,23,,37617,E926,,,,,-1030,N
-1211,100,SAN PIETRO IN CARIANO,1,ITA,F860,50311,23,,37634,F860,,,,,-1211,N
-1660,100,CAPRINO VERONESE,1,ITA,I041,4933,23,,37575,I041,,,,,-1660,N
-230,100,FUMANE,1,ITA,B155,32262,23,,37992,B155,,,,,-230,N
26249,100,MONTECCHIO PRECALCINO,0,ITA,F465,26249,24,024062,36170,F465,1900-01-01,4712-12-31,2000-05-12,2000-05-12,26249,N
31238,100,FARRA DI SOLIGO,0,ITA,D505,31238,26,026026,31669,D505,1900-01-01,4712-12-31,2000-05-12,2000-05-12,31238,N
31239,100,SANTA MARGHERITA D'ADIGE,1,ITA,I226,31239,28,028081,35814,I226,1900-01-01,2018-02-16,2000-05-12,2000-05-12,31239,N
24324,100,PONTECCHIO POLESINE,0,ITA,G836,24324,29,029038,45588,G836,1900-01-01,4712-12-31,2000-05-12,2000-05-12,24324,N
24391,100,SAN MAURO DI SALINE,0,ITA,H712,24391,23,023074,37733,H712,1900-01-01,4712-12-31,2000-05-12,2000-05-12,24391,N
24392,100,VIGONZA,0,ITA,L900,24392,28,028100,35088,L900,1900-01-01,4712-12-31,2000-05-12,2000-05-12,24392,N
24393,100,BOSARO,0,ITA,B069,24393,29,029007,45290,B069,1900-01-01,4712-12-31,2000-05-12,2000-05-12,24393,N
24457,100,SAN VENDEMIANO,0,ITA,I382,24457,26,026076,31666,I382,1900-01-01,4712-12-31,2000-05-12,2000-05-12,24457,N
25415,100,VILLAMARZANA,0,ITA,L967,25415,29,029049,45326,L967,1900-01-01,4712-12-31,2000-05-12,2000-05-12,25415,N
24581,100,PONTELONGO,0,ITA,G850,24581,28,028068,35037,G850,1900-01-01,4712-12-31,2000-05-12,2000-05-12,24581,N
24645,100,SALARA,0,ITA,H689,24645,29,029042,45502,H689,1900-01-01,4712-12-31,2000-05-12,2000-05-12,24645,N
24711,100,CASTELGUGLIELMO,0,ITA,C122,24711,29,029011,45146,C122,1900-01-01,4712-12-31,2000-05-12,2000-05-12,24711,N
24839,100,GRUMOLO DELLE ABBADESSE,0,ITA,E226,24839,24,024047,36896,E226,1900-01-01,4712-12-31,2000-05-12,2000-05-12,24839,N
24904,100,BRESSANVIDO,0,ITA,B161,24904,24,024016,36044,B161,1900-01-01,4712-12-31,2000-05-12,2000-05-12,24904,N
24135,100,ILLASI,0,ITA,E284,24135,23,023039,37751,E284,1900-01-01,4712-12-31,2000-05-12,2000-05-12,24135,N
26311,100,CISMON DEL GRAPPA,1,ITA,C734,26311,24,024031,36750,C734,1900-01-01,2019-01-30,2000-05-12,2000-05-12,26311,N
26439,100,SCORZE',0,ITA,I551,26439,27,027037,30321,I551,1900-01-01,4712-12-31,2000-05-12,2000-05-12,26439,N
26567,100,SACCOLONGO,0,ITA,H655,26567,28,028073,35963,H655,1900-01-01,4712-12-31,2000-05-12,2000-05-12,26567,N
26568,100,LENDINARA,0,ITA,E522,26568,29,029029,45466,E522,1900-01-01,4712-12-31,2000-05-12,2000-05-12,26568,N
26629,100,SARCEDO,0,ITA,I425,26629,24,024097,36608,I425,1900-01-01,4712-12-31,2000-05-12,2000-05-12,26629,N
25864,100,SALCEDO,0,ITA,F810,25864,24,024090,36589,F810,1900-01-01,4712-12-31,2000-05-12,2000-05-12,25864,N
25926,100,MASON VICENTINO,1,ITA,F019,25926,24,024058,36089,F019,1900-01-01,2019-02-20,2000-05-12,2000-05-12,25926,N
25990,100,CASTEGNERO,1,ITA,C056,25990,24,024027,36500,C056,1900-01-01,2026-02-20,2026-03-24,2026-03-24,25990,N
26053,100,AGORDO,0,ITA,A083,26053,25,025001,32756,A083,1900-01-01,4712-12-31,2000-05-12,2000-05-12,26053,N
25479,100,COSTA DI ROVIGO,0,ITA,D105,25479,29,029018,45961,D105,1900-01-01,4712-12-31,2000-05-12,2000-05-12,25479,N
25542,100,ROMANO D'EZZELINO,0,ITA,H512,25542,24,024086,36178,H512,1900-01-01,4712-12-31,2000-05-12,2000-05-12,25542,N
25669,100,PRAMAGGIORE,0,ITA,G981,25669,27,027030,30148,G981,1900-01-01,4712-12-31,2000-05-12,2000-05-12,25669,N
25798,100,FIESSO UMBERTIANO,0,ITA,D577,25798,29,029022,45726,D577,1900-01-01,4712-12-31,2000-05-12,2000-05-12,25798,N
25161,100,LONGARE,0,ITA,E671,25161,24,024051,36378,E671,1900-01-01,4712-12-31,2000-05-12,2000-05-12,25161,N
25223,100,CALVENE,0,ITA,B441,25223,24,024020,36692,B441,1900-01-01,4712-12-31,2000-05-12,2000-05-12,25223,N
25350,100,NOALE,0,ITA,F904,25350,27,027026,30950,F904,1900-01-01,4712-12-31,2000-05-12,2000-05-12,25350,N
32073,100,CEGGIA,0,ITA,C422,32073,27,027007,30967,C422,1900-01-01,4712-12-31,2000-05-12,2000-05-12,32073,N
32202,100,ROVEREDO DI GUA',0,ITA,H610,32202,23,023066,37202,H610,1900-01-01,4712-12-31,2000-05-12,2000-05-12,32202,N
32262,100,FUMANE,0,ITA,D818,32262,23,023035,37169,D818,1900-01-01,4712-12-31,2000-05-12,2000-05-12,32262,N
32263,100,RIESE PIO X,0,ITA,H280,32263,26,026068,31162,H280,1900-01-01,4712-12-31,2000-05-12,2000-05-12,32263,N
31558,100,FREGONA,0,ITA,D794,31558,26,026030,31238,D794,1900-01-01,4712-12-31,2000-05-12,2000-05-12,31558,N
31622,100,MERLARA,0,ITA,F148,31622,28,028053,35973,F148,1900-01-01,4712-12-31,2000-05-12,2000-05-12,31622,N
31813,100,VIGASIO,0,ITA,L869,31813,23,023094,37326,L869,1900-01-01,4712-12-31,2000-05-12,2000-05-12,31813,N
31113,100,OPPEANO,0,ITA,G080,31113,23,023055,37856,G080,1900-01-01,4712-12-31,2000-05-12,2000-05-12,31113,N
31173,100,CAZZANO DI TRAMIGNA,0,ITA,C412,31173,23,023024,37078,C412,1900-01-01,4712-12-31,2000-05-12,2000-05-12,31173,N
58245,100,MASER,0,ITA,F009,58245,26,026039,31173,F009,1900-01-01,4712-12-31,2000-05-12,2000-05-12,58245,N
57736,100,VILLAFRANCA DI VERONA,0,ITA,L949,57736,23,023096,37968,L949,1900-01-01,4712-12-31,2000-05-12,2000-05-12,57736,N
57862,100,ALONTE,0,ITA,A220,57862,24,024003,36841,A220,1900-01-01,4712-12-31,2000-05-12,2000-05-12,57862,N
1416,100,NANTO,1,ITA,F838,1416,24,024071,36637,F838,1900-01-01,2026-02-20,2026-03-24,2026-03-24,1416,N
1417,100,SAN PIETRO IN GU',1,ITA,I107,1417,28,028078,35822,I107,1900-01-01,2012-07-04,2000-05-12,2000-05-12,1417,N
1668,100,TONEZZA DEL CIMONE,0,ITA,D717,1668,24,024106,36108,D717,1900-01-01,4712-12-31,2000-05-12,2000-05-12,1668,N
1222,100,CENCENIGHE AGORDINO,0,ITA,C458,1222,25,025010,32280,C458,1900-01-01,4712-12-31,2000-05-12,2000-05-12,1222,N
900,100,BELLUNO,0,ITA,A757,900,25,025006,32489,A757,1900-01-01,4712-12-31,2000-05-12,2000-05-12,900,N
53831,100,VALSTAGNA,1,ITA,L650,53831,24,024114,36224,L650,1900-01-01,2019-01-30,2000-05-12,2000-05-12,53831,N
53254,100,ORGIANO,0,ITA,G095,53254,24,024075,36101,G095,1900-01-01,4712-12-31,2000-05-12,2000-05-12,53254,N
31174,100,PIEVE DI SOLIGO,0,ITA,G645,31174,26,026057,31018,G645,1900-01-01,4712-12-31,2000-05-12,2000-05-12,31174,N
23690,100,ZIMELLA,0,ITA,M178,23690,23,023098,37986,M178,1900-01-01,4712-12-31,2000-05-12,2000-05-12,23690,N
22985,100,PESCHIERA DEL GARDA,0,ITA,G489,22985,23,023059,37115,G489,1900-01-01,4712-12-31,2000-05-12,2000-05-12,22985,N
22986,100,VOLPAGO DEL MONTELLO,0,ITA,M118,22986,26,026093,31368,M118,1900-01-01,4712-12-31,2000-05-12,2000-05-12,22986,N
23045,100,COLOGNOLA AI COLLI,0,ITA,C897,23045,23,023028,37562,C897,1900-01-01,4712-12-31,2000-05-12,2000-05-12,23045,N
23108,100,SAONARA,0,ITA,I418,23108,28,028085,35002,I418,1900-01-01,4712-12-31,2000-05-12,2000-05-12,23108,N
23177,100,CAMPONOGARA,0,ITA,B554,23177,27,027004,30970,B554,1900-01-01,4712-12-31,2000-05-12,2000-05-12,23177,N
23304,100,RONCA',0,ITA,H522,23304,23,023063,37758,H522,1900-01-01,4712-12-31,2000-05-12,2000-05-12,23304,N
22603,100,TREGNAGO,0,ITA,L364,22603,23,023087,37160,L364,1900-01-01,4712-12-31,2000-05-12,2000-05-12,22603,N
28165,100,SELVA DI CADORE,0,ITA,I592,28165,25,025054,32338,I592,1900-01-01,4712-12-31,2000-05-12,2000-05-12,28165,N
28229,100,CANALE D'AGORDO,0,ITA,B574,28229,25,025023,32896,B574,1900-01-01,4712-12-31,2000-05-12,2000-05-12,28229,N
27587,100,TORRI DI QUARTESOLO,0,ITA,L297,27587,24,024108,36665,L297,1900-01-01,4712-12-31,2000-05-12,2000-05-12,27587,N
27910,100,VALDASTICO,0,ITA,L554,27910,24,024112,36489,L554,1900-01-01,4712-12-31,2000-05-12,2000-05-12,27910,N
27911,100,FALCADE,0,ITA,D470,27911,25,025019,32801,D470,1900-01-01,4712-12-31,2000-05-12,2000-05-12,27911,N
27078,100,DUEVILLE,0,ITA,D379,27078,24,024038,36553,D379,1900-01-01,4712-12-31,2000-05-12,2000-05-12,27078,N
27079,100,RIVAMONTE AGORDINO,0,ITA,H327,27079,25,025043,32076,H327,1900-01-01,4712-12-31,2000-05-12,2000-05-12,27079,N
27139,100,CHIES D'ALPAGO,0,ITA,C630,27139,25,025012,32682,C630,1900-01-01,4712-12-31,2000-05-12,2000-05-12,27139,N
19206,100,PIANEZZE,0,ITA,G560,19206,24,024077,36559,G560,1900-01-01,4712-12-31,2000-05-12,2000-05-12,19206,N
19269,100,SAN VITO DI CADORE,0,ITA,I392,19269,25,025051,32071,I392,1900-01-01,4712-12-31,2000-05-12,2000-05-12,19269,N
19334,100,FARRA D'ALPAGO,1,ITA,D506,19334,25,025020,32972,D506,1900-01-01,2016-11-15,2000-05-12,2000-05-12,19334,N
18692,100,THIENE,0,ITA,L157,18692,24,024105,36302,L157,1900-01-01,4712-12-31,2000-05-12,2000-05-12,18692,N
18120,100,MONTEVIALE,0,ITA,F662,18120,24,024066,36232,F662,1900-01-01,4712-12-31,2000-05-12,2000-05-12,18120,N
18182,100,COSTABISSARA,0,ITA,D107,18182,24,024035,36402,D107,1900-01-01,4712-12-31,2000-05-12,2000-05-12,18182,N
18183,100,PONTE NELLE ALPI,0,ITA,B662,18183,25,025040,32255,B662,1900-01-01,4712-12-31,2000-05-12,2000-05-12,18183,N
16518,100,TAGLIO DI PO,0,ITA,L026,16518,29,029046,45599,L026,1900-01-01,4712-12-31,2000-05-12,2000-05-12,16518,N
-22,100,VEDELAGO,1,ITA,A136,22665,26,,31690,A136,,,,,-22,N
-1345,100,ODERZO,1,ITA,G578,13384,26,,31581,G578,,,,,-1345,N
-916,100,SAN POLO DI PIAVE,1,ITA,E408,58503,26,,31059,E408,,,,,-916,N
-1682,100,VALDOBBIADENE,1,ITA,I101,56712,26,,31427,I101,,,,,-1682,N
-1843,100,SAN BIAGIO DI CALLALTA,1,ITA,I890,49608,26,,31839,I890,,,,,-1843,N
-1498,100,REVINE LAGO,1,ITA,H252,49289,26,,31508,H252,,,,,-1498,N
-1795,100,VITTORIO VENETO,1,ITA,I664,40010,26,,31821,I664,,,,,-1795,N
-504,100,VITTORIO VENETO,1,ITA,C460,40010,26,,31274,C460,,,,,-504,N
16583,100,CEREGNANO,0,ITA,C500,16583,29,029015,45969,C500,1900-01-01,4712-12-31,2000-05-12,2000-05-12,16583,N
18441,100,MUSSOLENTE,0,ITA,F829,18441,24,024070,36168,F829,1900-01-01,4712-12-31,2000-05-12,2000-05-12,18441,N
18442,100,SAN MARTINO DI LUPARI,0,ITA,I008,18442,28,028077,35853,I008,1900-01-01,4712-12-31,2000-05-12,2000-05-12,18442,N
17735,100,SAN PIETRO MUSSOLINO,0,ITA,I117,17735,24,024094,36539,I117,1900-01-01,4712-12-31,2000-05-12,2000-05-12,17735,N
17924,100,AURONZO DI CADORE,0,ITA,A501,17924,25,025005,32594,A501,1900-01-01,4712-12-31,2000-05-12,2000-05-12,17924,N
20869,100,BARDOLINO,0,ITA,A650,20869,23,023006,37030,A650,1900-01-01,4712-12-31,2000-05-12,2000-05-12,20869,N
20104,100,ZERMEGHEDO,0,ITA,M170,20104,24,024120,36471,M170,1900-01-01,4712-12-31,2000-05-12,2000-05-12,20104,N
20105,100,LA VALLE AGORDINA,0,ITA,E490,20105,25,025027,32836,E490,1900-01-01,4712-12-31,2000-05-12,2000-05-12,20105,N
20163,100,ALTIVOLE,0,ITA,A237,20163,26,026001,31548,A237,1900-01-01,4712-12-31,2000-05-12,2000-05-12,20163,N
20358,100,VALLADA AGORDINA,0,ITA,L584,20358,25,025062,32806,L584,1900-01-01,4712-12-31,2000-05-12,2000-05-12,20358,N
20422,100,LONGARONE,1,ITA,E672,20422,25,025031,32651,E672,1900-01-01,2014-02-21,2000-05-12,2000-05-12,20422,N
19783,100,VICENZA,0,ITA,L840,19783,24,024116,36208,L840,1900-01-01,4712-12-31,2000-05-12,2000-05-12,19783,N
17542,100,SAN MICHELE AL TAGLIAMENTO,0,ITA,I040,17542,27,027034,30065,I040,1900-01-01,4712-12-31,2000-05-12,2000-05-12,17542,N
22665,100,VEDELAGO,0,ITA,L706,22665,26,026089,31156,L706,1900-01-01,4712-12-31,2000-05-12,2000-05-12,22665,N
22728,100,MASSANZAGO,0,ITA,F033,22728,28,028050,35254,F033,1900-01-01,4712-12-31,2000-05-12,2000-05-12,22728,N
22920,100,VERONA,0,ITA,L781,22920,23,023091,37506,L781,1900-01-01,4712-12-31,2000-05-12,2000-05-12,22920,N
22215,100,NEGRAR,1,ITA,F861,22215,23,023052,37465,F861,1900-01-01,2019-02-23,2019-02-19,2019-02-19,22215,N
22278,100,CASTEL D'AZZANO,0,ITA,C078,22278,23,023021,37460,C078,1900-01-01,4712-12-31,2000-05-12,2000-05-12,22278,N
22279,100,PADERNO DEL GRAPPA,1,ITA,G221,22279,26,026054,31379,G221,1900-01-01,2006-02-07,2006-02-08,2006-02-08,22279,N
54085,100,SOSPIROLO,0,ITA,I866,54085,25,025056,32251,I866,1900-01-01,4712-12-31,2000-05-12,2000-05-12,54085,N
31684,100,CARCERI,1,ITA,B749,31684,28,028022,35809,B749,1900-01-01,2024-01-21,2000-05-12,2000-05-12,31684,N
22340,100,CORNUDA,0,ITA,D030,22340,26,026023,31167,D030,1900-01-01,4712-12-31,2000-05-12,2000-05-12,22340,N
22408,100,LOREGGIA,0,ITA,E684,22408,28,028046,35115,E684,1900-01-01,4712-12-31,2000-05-12,2000-05-12,22408,N
22468,100,BRUGINE,0,ITA,B213,22468,28,028015,35802,B213,1900-01-01,4712-12-31,2000-05-12,2000-05-12,22468,N
21834,100,SELVA DI PROGNO,0,ITA,I594,21834,23,023080,37158,I594,1900-01-01,4712-12-31,2000-05-12,2000-05-12,21834,N
21899,100,MINERBE,0,ITA,F218,21899,23,023048,37598,F218,1900-01-01,4712-12-31,2000-05-12,2000-05-12,21899,N
21900,100,SPRESIANO,0,ITA,I927,21900,26,026082,31845,I927,1900-01-01,4712-12-31,2000-05-12,2000-05-12,21900,N
21958,100,CALDIERO,0,ITA,B402,21958,23,023017,37705,B402,1900-01-01,4712-12-31,2000-05-12,2000-05-12,21958,N
22021,100,CODOGNE',0,ITA,C815,22021,26,026019,31008,C815,1900-01-01,4712-12-31,2000-05-12,2000-05-12,22021,N
21318,100,CORREZZOLA,0,ITA,D040,21318,28,028035,35263,D040,1900-01-01,4712-12-31,2000-05-12,2000-05-12,21318,N
21383,100,ANGUILLARA VENETA,0,ITA,A296,21383,28,028004,35713,A296,1900-01-01,4712-12-31,2000-05-12,2000-05-12,21383,N
20933,100,CARBONERA,0,ITA,B744,20933,26,026008,31491,B744,1900-01-01,4712-12-31,2000-05-12,2000-05-12,20933,N
21128,100,ISOLA RIZZA,0,ITA,E358,21128,23,023041,37343,E358,1900-01-01,4712-12-31,2000-05-12,2000-05-12,21128,N
21129,100,ZOPPE' DI CADORE,0,ITA,M189,21129,25,025069,32162,M189,1900-01-01,4712-12-31,2000-05-12,2000-05-12,21129,N
21193,100,BOSCHI SANT'ANNA,0,ITA,B070,21193,23,023010,37763,B070,1900-01-01,4712-12-31,2000-05-12,2000-05-12,21193,N
21194,100,PIEVE D'ALPAGO,1,ITA,G638,21194,25,025038,32155,G638,1900-01-01,2016-11-15,2000-05-12,2000-05-12,21194,N
21195,100,MOGLIANO VENETO,0,ITA,F269,21195,26,026043,31964,F269,1900-01-01,4712-12-31,2000-05-12,2000-05-12,21195,N
21253,100,CASTELFRANCO VENETO,0,ITA,C111,21253,26,026012,31138,C111,1900-01-01,4712-12-31,2000-05-12,2000-05-12,21253,N
17670,100,POZZONOVO,0,ITA,G963,17670,28,028070,35923,G963,1900-01-01,4712-12-31,2000-05-12,2000-05-12,17670,N
17671,100,GAVELLO,0,ITA,D942,17671,29,029026,45664,D942,1900-01-01,4712-12-31,2000-05-12,2000-05-12,17671,N
17033,100,MALO,0,ITA,E864,17033,24,024055,36945,E864,1900-01-01,4712-12-31,2000-05-12,2000-05-12,17033,N
17093,100,CARRE',0,ITA,B835,17093,24,024024,36867,B835,1900-01-01,4712-12-31,2000-05-12,2000-05-12,17093,N
16452,100,MIRA,0,ITA,F229,16452,27,027023,30835,F229,1900-01-01,4712-12-31,2000-05-12,2000-05-12,16452,N
24197,100,VEGGIANO,0,ITA,L710,24197,28,028096,35585,L710,1900-01-01,4712-12-31,2000-05-12,2000-05-12,24197,N
24263,100,FOSSALTA DI PIAVE,0,ITA,D740,24263,27,027015,30482,D740,1900-01-01,4712-12-31,2000-05-12,2000-05-12,24263,N
20038,100,SOVRAMONTE,0,ITA,I673,20038,25,025058,32798,I673,1900-01-01,4712-12-31,2000-05-12,2000-05-12,20038,N
18951,100,SAN PIETRO DI CADORE,0,ITA,I088,18951,25,025047,32038,I088,1900-01-01,4712-12-31,2000-05-12,2000-05-12,18951,N
19013,100,CORTINA D'AMPEZZO,0,ITA,A266,19013,25,025016,32080,A266,1900-01-01,4712-12-31,2000-05-12,2000-05-12,19013,N
16647,100,QUINTO VICENTINO,0,ITA,H134,16647,24,024083,36029,H134,1900-01-01,4712-12-31,2000-05-12,2000-05-12,16647,N
16838,100,VILLANOVA DEL GHEBBO,0,ITA,L985,16838,29,029050,45530,L985,1900-01-01,4712-12-31,2000-05-12,2000-05-12,16838,N
15945,100,GAMBUGLIANO,1,ITA,D902,15945,24,024044,36764,D902,1900-01-01,2024-01-21,2000-05-12,2000-05-12,15945,N
16007,100,BOLZANO VICENTINO,0,ITA,A954,16007,24,024013,36142,A954,1900-01-01,4712-12-31,2000-05-12,2000-05-12,16007,N
16135,100,JESOLO,0,ITA,C388,16135,27,027019,30046,C388,1900-01-01,4712-12-31,2000-05-12,2000-05-12,16135,N
16264,100,SANT'ANNA D'ALFAEDO,0,ITA,I292,16264,23,023078,37537,I292,1900-01-01,4712-12-31,2000-05-12,2000-05-12,16264,N
16265,100,VILLANOVA DI CAMPOSAMPIERO,0,ITA,L979,16265,28,028104,35648,L979,1900-01-01,4712-12-31,2003-06-10,2003-06-10,16265,N
13125,100,CHIARANO,0,ITA,C614,13125,26,026016,31254,C614,1900-01-01,4712-12-31,2000-05-12,2000-05-12,13125,N
13191,100,GALLIERA VENETA,0,ITA,D879,13191,28,028039,35602,D879,1900-01-01,4712-12-31,2000-05-12,2000-05-12,13191,N
13257,100,BAGNOLI DI SOPRA,0,ITA,A568,13257,28,028008,35259,A568,1900-01-01,4712-12-31,2000-05-12,2000-05-12,13257,N
13384,100,ODERZO,0,ITA,F999,13384,26,026051,31739,F999,1900-01-01,4712-12-31,2000-05-12,2000-05-12,13384,N
13445,100,COLLE UMBERTO,0,ITA,C848,13445,26,026020,31940,C848,1900-01-01,4712-12-31,2000-05-12,2000-05-12,13445,N
13511,100,GRANZE,0,ITA,E146,13511,28,028043,35259,E146,1900-01-01,4712-12-31,2000-05-12,2000-05-12,13511,N
15560,100,SAN PIETRO DI FELETTO,0,ITA,I103,15560,26,026073,31561,I103,1900-01-01,4712-12-31,2000-05-12,2000-05-12,15560,N
15685,100,ASIAGO,0,ITA,A465,15685,24,024009,36825,A465,1900-01-01,4712-12-31,2000-05-12,2000-05-12,15685,N
15686,100,PIOVE DI SACCO,0,ITA,G693,15686,28,028065,35249,G693,1900-01-01,4712-12-31,2000-05-12,2000-05-12,15686,N
-1066,100,AURONZO DI CADORE,1,ITA,F124,17924,25,,32234,F124,,,,,-1066,N
15179,100,ROVERE' VERONESE,0,ITA,H608,15179,23,023067,37501,H608,1900-01-01,4712-12-31,2000-05-12,2000-05-12,15179,N
15237,100,GARDA,0,ITA,D915,15237,23,023036,37830,D915,1900-01-01,4712-12-31,2000-05-12,2000-05-12,15237,N
15238,100,RONCADE,0,ITA,H523,15238,26,026069,31291,H523,1900-01-01,4712-12-31,2000-05-12,2000-05-12,15238,N
15302,100,MARENO DI PIAVE,0,ITA,E940,15302,26,026038,31366,E940,1900-01-01,4712-12-31,2000-05-12,2000-05-12,15302,N
15303,100,VIGONOVO,0,ITA,L899,15303,27,027043,30814,L899,1900-01-01,4712-12-31,2000-05-12,2000-05-12,15303,N
15304,100,TREBASELEGHE,0,ITA,L349,15304,28,028093,35752,L349,1900-01-01,4712-12-31,2000-05-12,2000-05-12,15304,N
15366,100,DOLO,0,ITA,D325,15366,27,027012,30407,D325,1900-01-01,4712-12-31,2000-05-12,2000-05-12,15366,N
15426,100,PETTORAZZA GRIMANI,0,ITA,G525,15426,29,029035,45500,G525,1900-01-01,4712-12-31,2000-05-12,2000-05-12,15426,N
15493,100,SAN GIOVANNI LUPATOTO,0,ITA,H924,15493,23,023071,37862,H924,1900-01-01,4712-12-31,2000-05-12,2000-05-12,15493,N
15494,100,BADIA POLESINE,0,ITA,A539,15494,29,029004,45920,A539,1900-01-01,4712-12-31,2000-05-12,2000-05-12,15494,N
14791,100,VILLA BARTOLOMEA,0,ITA,L912,14791,23,023095,37608,L912,1900-01-01,4712-12-31,2000-05-12,2000-05-12,14791,N
14919,100,ALBETTONE,0,ITA,A154,14919,24,024002,36503,A154,1900-01-01,4712-12-31,2000-05-12,2000-05-12,14919,N
14981,100,TEOLO,0,ITA,L100,14981,28,028089,35667,L100,1900-01-01,4712-12-31,2000-05-12,2000-05-12,14981,N
15048,100,CHIOGGIA,0,ITA,C638,15048,27,027008,30408,C638,1900-01-01,4712-12-31,2000-05-12,2000-05-12,15048,N
14342,100,CAMPOSAMPIERO,0,ITA,B563,14342,28,028019,35622,B563,1900-01-01,4712-12-31,2000-05-12,2000-05-12,14342,N
14406,100,POVEGLIANO VERONESE,0,ITA,G945,14406,23,023060,37522,G945,1900-01-01,4712-12-31,2000-05-12,2000-05-12,14406,N
14474,100,POVEGLIANO,0,ITA,G944,14474,26,026062,31600,G944,1900-01-01,4712-12-31,2000-05-12,2000-05-12,14474,N
14533,100,GAIARINE,0,ITA,D854,14533,26,026031,31522,D854,1900-01-01,4712-12-31,2000-05-12,2000-05-12,14533,N
14597,100,MESTRINO,0,ITA,F161,14597,28,028054,35064,F161,1900-01-01,4712-12-31,2000-05-12,2000-05-12,14597,N
14660,100,CARMIGNANO DI BRENTA,0,ITA,B795,14660,28,028023,35576,B795,1900-01-01,4712-12-31,2000-05-12,2000-05-12,14660,N
14089,100,PALU',0,ITA,G297,14089,23,023056,37809,G297,1900-01-01,4712-12-31,2000-05-12,2000-05-12,14089,N
14090,100,VIDOR,0,ITA,L856,14090,26,026090,31735,L856,1900-01-01,4712-12-31,2000-05-12,2000-05-12,14090,N
14149,100,CEREA,0,ITA,C498,14149,23,023025,37628,C498,1900-01-01,4712-12-31,2000-05-12,2000-05-12,14149,N
1159,100,CREAZZO,0,ITA,D136,1159,24,024036,36514,D136,1900-01-01,4712-12-31,2000-05-12,2000-05-12,1159,N
709,100,SANTORSO,0,ITA,I353,709,24,024095,36229,I353,1900-01-01,4712-12-31,2000-05-12,2000-05-12,709,N
59781,100,VILLANOVA MARCHESANA,0,ITA,L988,59781,29,029051,45333,L988,1900-01-01,4712-12-31,2000-05-12,2000-05-12,59781,N
59846,100,DONADA,1,ITA,D337,59846,29,029020,45508,D337,1938-02-11,1994-12-31,2003-06-04,2003-06-04,59846,N
58438,100,BAGNOLO DI PO,0,ITA,A574,58438,29,029005,45890,A574,1900-01-01,4712-12-31,2000-05-12,2000-05-12,58438,N
58694,100,ROSOLINA,0,ITA,H573,58694,29,029040,45973,H573,1900-01-01,4712-12-31,2000-05-12,2000-05-12,58694,N
14150,100,PONTE DI PIAVE,0,ITA,G846,14150,26,026058,31367,G846,1900-01-01,4712-12-31,2000-05-12,2000-05-12,14150,N
14213,100,FOLLINA,0,ITA,D654,14213,26,026027,31669,D654,1900-01-01,4712-12-31,2000-05-12,2000-05-12,14213,N
14214,100,SANT'ANGELO DI PIOVE DI SACCO,0,ITA,I275,14214,28,028082,35753,I275,1900-01-01,4712-12-31,2000-05-12,2000-05-12,14214,N
14280,100,ANNONE VENETO,0,ITA,A302,14280,27,027001,30565,A302,1900-01-01,4712-12-31,2000-05-12,2000-05-12,14280,N
13573,100,BOARA PISANI,0,ITA,A906,13573,28,028012,35119,A906,1900-01-01,4712-12-31,2000-05-12,2000-05-12,13573,N
13704,100,SORGA',0,ITA,I850,13704,23,023084,37543,I850,1900-01-01,4712-12-31,2000-05-12,2000-05-12,13704,N
13769,100,TREVISO,0,ITA,L407,13769,26,026086,31434,L407,1900-01-01,4712-12-31,2000-05-12,2000-05-12,13769,N
12295,100,OSPITALE DI CADORE,0,ITA,G169,12295,25,025035,32070,G169,1900-01-01,4712-12-31,2000-05-12,2000-05-12,12295,N
12296,100,MASERADA SUL PIAVE,0,ITA,F012,12296,26,026040,31172,F012,1900-01-01,4712-12-31,2000-05-12,2000-05-12,12296,N
-1474,100,LENDINARA,1,ITA,H169,26568,29,,45508,H169,,,,,-1474,N
-1581,100,LENDINARA,1,ITA,H667,26568,29,,45975,H667,,,,,-1581,N
-2063,100,BADIA POLESINE,1,ITA,L918,15494,29,,45443,L918,,,,,-2063,N
-1593,100,BADIA POLESINE,1,ITA,H728,15494,29,,45884,H728,,,,,-1593,N
-664,100,BADIA POLESINE,1,ITA,D176,15494,29,,45658,D176,,,,,-664,N
-262,100,ROVIGO,1,ITA,B290,41669,29,,45415,B290,,,,,-262,N
-204,100,ROVIGO,1,ITA,B060,41669,29,,45370,B060,,,,,-204,N
-605,100,ROVIGO,1,ITA,C942,41669,29,,45296,C942,,,,,-605,N
-1725,100,ROVIGO,1,ITA,I303,41669,29,,45147,I303,,,,,-1725,N
-167,100,ROVIGO,1,ITA,A907,41669,29,,45470,A907,,,,,-167,N
-863,100,ROVIGO,1,ITA,E176,41669,29,,45869,E176,,,,,-863,N
-134,100,ADRIA,1,ITA,A754,6598,29,,45871,A754,,,,,-134,N
12423,100,CITTADELLA,0,ITA,C743,12423,28,028032,35254,C743,1900-01-01,4712-12-31,2000-05-12,2000-05-12,12423,N
12486,100,ABANO TERME,0,ITA,A001,12486,28,028001,35704,A001,1900-01-01,4712-12-31,2025-08-21,2025-08-21,12486,N
7050,100,FOZA,0,ITA,D750,7050,24,024041,36230,D750,1900-01-01,4712-12-31,2000-05-12,2000-05-12,7050,N
7111,100,ASIGLIANO VENETO,0,ITA,A467,7111,24,024010,36868,A467,1900-01-01,4712-12-31,2000-05-12,2000-05-12,7111,N
-1408,100,DONADA,1,ITA,G926,60432,29,,45445,G926,,,,,-1408,N
-2178,100,PORTO VIRO,1,ITA,C967,60432,29,,45671,C967,,,,,-2178,N
-214,100,ADRIA,1,ITA,B095,6598,29,,45966,B095,,,,,-214,N
-1047,100,CASTELMASSA,1,ITA,F036,7688,29,,45455,F036,,,,,-1047,N
7173,100,VESCOVANA,0,ITA,L805,7173,28,028097,35716,L805,1900-01-01,4712-12-31,2000-05-12,2000-05-12,7173,N
7240,100,FOSSALTA DI PORTOGRUARO,0,ITA,D741,7240,27,027016,30765,D741,1900-01-01,4712-12-31,2000-05-12,2000-05-12,7240,N
7300,100,PORTO TOLLE,0,ITA,G923,7300,29,029039,45144,G923,1900-01-01,4712-12-31,2000-05-12,2000-05-12,7300,N
7366,100,SAN PIETRO DI MORUBIO,0,ITA,I105,7366,23,023075,37299,I105,1900-01-01,4712-12-31,2000-05-12,2000-05-12,7366,N
7367,100,VILLA DEL CONTE,0,ITA,L934,7367,28,028101,35097,L934,1900-01-01,4712-12-31,2000-05-12,2000-05-12,7367,N
7368,100,CALTO,0,ITA,B432,7368,29,029008,45384,B432,1900-01-01,4712-12-31,2000-05-12,2000-05-12,7368,N
6598,100,ADRIA,0,ITA,A059,6598,29,029001,45512,A059,1900-01-01,4712-12-31,2000-05-12,2000-05-12,6598,N
6665,100,SALGAREDA,0,ITA,H706,6665,26,026070,31738,H706,1900-01-01,4712-12-31,2000-05-12,2000-05-12,6665,N
6791,100,ARCUGNANO,0,ITA,A377,6791,24,024006,36063,A377,1900-01-01,4712-12-31,2000-05-12,2000-05-12,6791,N
6792,100,PIACENZA D'ADIGE,0,ITA,G534,6792,28,028062,35996,G534,1900-01-01,4712-12-31,2000-05-12,2000-05-12,6792,N
5254,100,CASTELNUOVO DEL GARDA,0,ITA,C225,5254,23,023022,37232,C225,1900-01-01,4712-12-31,2000-05-12,2000-05-12,5254,N
5255,100,PAESE,0,ITA,G229,5255,26,026055,31873,G229,1900-01-01,4712-12-31,2000-05-12,2000-05-12,5255,N
5316,100,CRESPANO DEL GRAPPA,1,ITA,D157,5316,26,026024,31116,D157,1900-01-01,2019-01-30,2000-05-12,2000-05-12,5316,N
6282,100,RONCO ALL'ADIGE,0,ITA,H540,6282,23,023064,37091,H540,1900-01-01,4712-12-31,2000-05-12,2000-05-12,6282,N
6344,100,ERBEZZO,0,ITA,D420,6344,23,023033,37884,D420,1900-01-01,4712-12-31,2000-05-12,2000-05-12,6344,N
6345,100,RESANA,0,ITA,H238,6345,26,026066,31315,H238,1900-01-01,4712-12-31,2000-05-12,2000-05-12,6345,N
6405,100,ISTRANA,0,ITA,E373,6405,26,026035,31906,E373,1900-01-01,4712-12-31,2000-05-12,2000-05-12,6405,N
6531,100,MELARA,0,ITA,F095,6531,29,029032,45907,F095,1900-01-01,4712-12-31,2000-05-12,2000-05-12,6531,N
5895,100,VERONELLA,0,ITA,D193,5895,23,023092,37889,D193,1900-01-01,4712-12-31,2000-05-12,2000-05-12,5895,N
5961,100,ZENSON DI PIAVE,0,ITA,M163,5961,26,026094,31848,M163,1900-01-01,4712-12-31,2000-05-12,2000-05-12,5961,N
6022,100,CONCAMARISE,0,ITA,C943,6022,23,023029,37669,C943,1900-01-01,4712-12-31,2000-05-12,2000-05-12,6022,N
8774,100,FRASSINELLE POLESINE,0,ITA,D776,8774,29,029023,45052,D776,1900-01-01,4712-12-31,2000-05-12,2000-05-12,8774,N
8841,100,SANDRIGO,0,ITA,H829,8841,24,024091,36040,H829,1900-01-01,4712-12-31,2000-05-12,2000-05-12,8841,N
8903,100,MOLVENA,1,ITA,F306,8903,24,024059,36594,F306,1900-01-01,2019-02-20,2000-05-12,2000-05-12,8903,N
8965,100,CASTELGOMBERTO,0,ITA,C119,8965,24,024028,36281,C119,1900-01-01,4712-12-31,2000-05-12,2000-05-12,8965,N
9027,100,ALANO DI PIAVE,1,ITA,A121,9027,25,025002,32242,A121,1900-01-01,2024-01-21,2000-05-12,2000-05-12,9027,N
9797,100,CASTELLAVAZZO,1,ITA,C146,9797,25,025009,32847,C146,1900-01-01,2014-02-21,2000-05-12,2000-05-12,9797,N
9225,100,MONTE DI MALO,0,ITA,F486,9225,24,024063,36041,F486,1900-01-01,4712-12-31,2000-05-12,2000-05-12,9225,N
9286,100,COGOLLO DEL CENGIO,0,ITA,C824,9286,24,024032,36617,C824,1900-01-01,4712-12-31,2000-05-12,2000-05-12,9286,N
5579,100,TREVENZUOLO,0,ITA,L396,5579,23,023088,37510,L396,1900-01-01,4712-12-31,2000-05-12,2000-05-12,5579,N
5704,100,MEGLIADINO SAN FIDENZIO,1,ITA,F091,5704,28,028051,35860,F091,1900-01-01,2018-02-16,2000-05-12,2000-05-12,5704,N
5764,100,CAMPO SAN MARTINO,0,ITA,B564,5764,28,028020,35815,B564,1900-01-01,4712-12-31,2000-05-12,2000-05-12,5764,N
5192,100,NOGARA,0,ITA,F918,5192,23,023053,37895,F918,1900-01-01,4712-12-31,2000-05-12,2000-05-12,5192,N
13001,100,MALCESINE,0,ITA,E848,13001,23,023045,37262,E848,1900-01-01,4712-12-31,2000-05-12,2000-05-12,13001,N
4878,100,SUSEGANA,0,ITA,L014,4878,26,026083,31384,L014,1900-01-01,4712-12-31,2000-05-12,2000-05-12,4878,N
60037,100,CARTIGLIANO,0,ITA,B844,60037,24,024025,36355,B844,1900-01-01,4712-12-31,2000-05-12,2000-05-12,60037,N
59591,100,RECOARO TERME,0,ITA,H214,59591,24,024084,36062,H214,1900-01-01,4712-12-31,2000-05-12,2000-05-12,59591,N
6406,100,TEGLIO VENETO,0,ITA,L085,6406,27,027040,30650,L085,1900-01-01,4712-12-31,2000-05-12,2000-05-12,6406,N
6407,100,TERRASSA PADOVANA,0,ITA,L132,6407,28,028090,35565,L132,1900-01-01,4712-12-31,2000-05-12,2000-05-12,6407,N
6470,100,NOVENTA PADOVANA,0,ITA,F962,6470,28,028058,35670,F962,1900-01-01,4712-12-31,2000-05-12,2000-05-12,6470,N
6530,100,CASALE DI SCODOSIA,0,ITA,B877,6530,28,028027,35780,B877,1900-01-01,4712-12-31,2000-05-12,2000-05-12,6530,N
4933,100,CAPRINO VERONESE,0,ITA,B709,4933,23,023018,37156,B709,1900-01-01,4712-12-31,2000-05-12,2000-05-12,4933,N
2757,100,VILLAGA,0,ITA,L952,2757,24,024117,36739,L952,1900-01-01,4712-12-31,2000-05-12,2000-05-12,2757,N
2183,100,PIOVENE ROCCHETTE,0,ITA,G694,2183,24,024078,36809,G694,1900-01-01,4712-12-31,2000-05-12,2000-05-12,2183,N
2245,100,SAPPADA,1,ITA,I421,2245,25,025052,32653,I421,1900-01-01,2017-12-31,2000-05-12,2000-05-12,2245,N
2310,100,FELTRE,0,ITA,D530,2310,25,025021,32084,D530,1900-01-01,4712-12-31,2000-05-12,2000-05-12,2310,N
7814,100,ISOLA VICENTINA,0,ITA,E354,7814,24,024048,36415,E354,1900-01-01,4712-12-31,2000-05-12,2000-05-12,7814,N
7878,100,BROGLIANO,0,ITA,B196,7878,24,024017,36164,B196,1900-01-01,4712-12-31,2000-05-12,2000-05-12,7878,N
60673,100,BARBARANO MOSSANO,0,ITA,M401,60673,24,024124,36822,M401,2018-02-17,4712-12-31,,,60673,N
60674,100,BORGO VENETO,0,ITA,M402,60674,28,028107,35322,M402,2018-02-17,4712-12-31,,,60674,N
60490,100,SAN STINO DI LIVENZA,0,ITA,I373,60490,27,027036,30475,I373,2013-04-17,4712-12-31,,,60490,N
60491,100,SAN PIETRO IN GU,0,ITA,I107,60491,28,028078,35205,I107,2012-07-05,4712-12-31,,,60491,N
60519,100,VAL LIONA,0,ITA,M384,60519,24,024123,36352,M384,2017-03-22,4712-12-31,,,60519,N
60713,100,BORGO VALBELLUNA,0,ITA,M421,60713,25,025074,32466,M421,2019-01-30,4712-12-31,,,60713,N
60714,100,PIEVE DEL GRAPPA,0,ITA,M422,60714,26,026096,31951,M422,2019-01-30,4712-12-31,,,60714,N
60715,100,VALBRENTA,0,ITA,M423,60715,24,024125,36360,M423,2019-01-30,4712-12-31,,,60715,N
60716,100,NEGRAR DI VALPOLICELLA,0,ITA,F861,60716,23,023052,37636,F861,2019-02-23,4712-12-31,2019-02-19,2019-02-19,60716,N
60719,100,COLCERESA,0,ITA,M426,60719,24,024126,36743,M426,2019-02-20,4712-12-31,,,60719,N
60720,100,LUSIANA CONCO,0,ITA,M427,60720,24,024127,36539,M427,2019-02-20,4712-12-31,,,60720,N
60873,100,GRISOLERA,1,ITA,D415,60873,27,027506,30836,D415,1900-01-01,1951-01-24,2026-02-23,2026-02-23,60873,N
60884,100,SETTEVILLE,0,ITA,M437,60884,25,025075,32790,M437,2024-01-22,4712-12-31,,,60884,N
60887,100,SOVIZZO,0,ITA,M436,60887,24,024128,36671,M436,2024-01-22,4712-12-31,,,60887,N
60890,100,SANTA CATERINA D'ESTE,0,ITA,M438,60890,28,028108,35878,M438,2024-01-22,4712-12-31,,,60890,N
60896,100,TRETTO,1,ITA,L394,60896,24,024109,36942,L394,1900-01-01,1969-06-24,2000-05-12,2000-05-12,60896,N
60901,100,CASTEGNERO NANTO,0,ITA,M439,60901,24,024129,36258,M439,2026-02-21,4712-12-31,2026-03-24,2026-03-24,60901,N
-782,100,VALDASTICO,1,ITA,D721,27910,24,,36783,D721,,,,,-782,N
-1228,100,VALDAGNO,1,ITA,F946,44933,24,,36672,F946,,,,,-1228,N
-1950,100,SCHIO,1,ITA,L394,43844,24,,36204,L394,,,,,-1950,N
-1010,100,SCHIO,1,ITA,E828,43844,24,,36807,E828,,,,,-1010,N
-1996,100,MAROSTICA,1,ITA,L630,42951,24,,36550,L630,,,,,-1996,N
-666,100,MAROSTICA,1,ITA,D183,42951,24,,36857,D183,,,,,-666,N
-1948,100,ROANA,1,ITA,L387,42567,24,,36489,L387,,,,,-1948,N
-401,100,PEDEMONTE,1,ITA,B992,36230,24,,36431,B992,,,,,-401,N
-2001,100,BASSANO DEL GRAPPA,1,ITA,L646,33032,24,,36974,L646,,,,,-2001,N
-8,100,ALTRI COMUNI,1,ITA,XXXX,-1,25,,32917,XXXX,,,,,-8,N
-3,100,ALTRI COMUNI,1,ITA,XXXX,-1,28,,35780,XXXX,,,,,-3,N
-2,100,ALTRI COMUNI,1,ITA,XXXX,-1,27,,30367,XXXX,,,,,-2,N
-4,100,ALTRI COMUNI,1,ITA,XXXX,-1,24,,36758,XXXX,,,,,-4,N
-5,100,ALTRI COMUNI,1,ITA,XXXX,-1,23,,37910,XXXX,,,,,-5,N
-6,100,ALTRI COMUNI,1,ITA,XXXX,-1,29,,45531,XXXX,,,,,-6,N
-7,100,ALTRI COMUNI,1,ITA,XXXX,-1,26,,31687,XXXX,,,,,-7,N
-1,100,FUORI VENETO,1,ITA,XXXX,-1,999,,39364,XXXX,,,,,-1,N
1160,100,PUOS D'ALPAGO,1,ITA,H092,1160,25,025041,32066,H092,1900-01-01,2016-11-15,2000-05-12,2000-05-12,1160,N
518,100,SANTA MARIA DI SALA,0,ITA,I242,518,27,027035,30666,I242,1900-01-01,4712-12-31,2000-05-12,2000-05-12,518,N
647,100,GIACCIANO CON BARUCHELLA,0,ITA,E008,647,29,029027,45938,E008,1900-01-01,4712-12-31,2000-05-12,2000-05-12,647,N
59977,100,MARANO VICENTINO,0,ITA,E912,59977,24,024056,36144,E912,1900-01-01,4712-12-31,2000-05-12,2000-05-12,59977,N
59465,100,TRECENTA,0,ITA,L359,59465,29,029047,45792,L359,1900-01-01,4712-12-31,2000-05-12,2000-05-12,59465,N
50117,100,VIGHIZZOLO D'ESTE,1,ITA,L878,50117,28,028098,35400,L878,1900-01-01,2024-01-21,2000-05-12,2000-05-12,50117,N
49414,100,CONA,0,ITA,C938,49414,27,027010,30558,C938,1900-01-01,4712-12-31,2000-05-12,2000-05-12,49414,N
49415,100,OSPEDALETTO EUGANEO,0,ITA,G167,49415,28,028059,35542,G167,1900-01-01,4712-12-31,2000-05-12,2000-05-12,49415,N
49474,100,CASALSERUGO,0,ITA,B912,49474,28,028028,35980,B912,1900-01-01,4712-12-31,2000-05-12,2000-05-12,49474,N
49475,100,OCCHIOBELLO,0,ITA,F994,49475,29,029033,45969,F994,1900-01-01,4712-12-31,2000-05-12,2000-05-12,49475,N
49542,100,ARIANO NEL POLESINE,0,ITA,A400,49542,29,029002,45906,A400,1900-01-01,4712-12-31,2000-05-12,2000-05-12,49542,N
49608,100,SAN BIAGIO DI CALLALTA,0,ITA,H781,49608,26,026071,31496,H781,1900-01-01,4712-12-31,2000-05-12,2000-05-12,49608,N
49733,100,ARSIERO,0,ITA,A444,49733,24,024007,36820,A444,1900-01-01,4712-12-31,2000-05-12,2000-05-12,49733,N
49734,100,PIAZZOLA SUL BRENTA,0,ITA,G587,49734,28,028063,35782,G587,1900-01-01,4712-12-31,2000-05-12,2000-05-12,49734,N
49028,100,SOLESINO,0,ITA,I799,49028,28,028087,35815,I799,1900-01-01,4712-12-31,2000-05-12,2000-05-12,49028,N
49098,100,CAVARZERE,0,ITA,C383,49098,27,027006,30735,C383,1900-01-01,4712-12-31,2000-05-12,2000-05-12,49098,N
49226,100,ROVERCHIARA,0,ITA,H606,49226,23,023065,37542,H606,1900-01-01,4712-12-31,2000-05-12,2000-05-12,49226,N
49288,100,FERRARA DI MONTE BALDO,0,ITA,D549,49288,23,023034,37119,D549,1900-01-01,4712-12-31,2000-05-12,2000-05-12,49288,N
49289,100,REVINE LAGO,0,ITA,H253,49289,26,026067,31172,H253,1900-01-01,4712-12-31,2000-05-12,2000-05-12,49289,N
48838,100,VESTENANOVA,0,ITA,L810,48838,23,023093,37600,L810,1900-01-01,4712-12-31,2000-05-12,2000-05-12,48838,N
48905,100,ZERO BRANCO,0,ITA,M171,48905,26,026095,31656,M171,1900-01-01,4712-12-31,2000-05-12,2000-05-12,48905,N
48260,100,CROCETTA DEL MONTELLO,0,ITA,C670,48260,26,026025,31006,C670,1900-01-01,4712-12-31,2000-05-12,2000-05-12,48260,N
9414,100,SPINEA,0,ITA,I908,9414,27,027038,30183,I908,1900-01-01,4712-12-31,2000-05-12,2000-05-12,9414,N
60297,100,MONTEBELLO VICENTINO,0,ITA,F442,60297,24,024060,36518,F442,1900-01-01,4712-12-31,2000-05-12,2000-05-12,60297,N
1096,100,MONTICELLO CONTE OTTO,0,ITA,F675,1096,24,024067,36742,F675,1900-01-01,4712-12-31,2000-05-12,2000-05-12,1096,N
58503,100,SAN POLO DI PIAVE,0,ITA,I124,58503,26,026074,31177,I124,1900-01-01,4712-12-31,2000-05-12,2000-05-12,58503,N
51971,100,ALLEGHE,0,ITA,A206,51971,25,025003,32812,A206,1900-01-01,4712-12-31,2000-05-12,2000-05-12,51971,N
52168,100,MONTEGALDA,0,ITA,F514,52168,24,024064,36719,F514,1900-01-01,4712-12-31,2000-05-12,2000-05-12,52168,N
52229,100,CONCO,1,ITA,C949,52229,24,024033,36013,C949,1900-01-01,2019-02-20,2000-05-12,2000-05-12,52229,N
52358,100,STRA,0,ITA,I965,52358,27,027039,30936,I965,1900-01-01,4712-12-31,2000-05-12,2000-05-12,52358,N
51588,100,SALZANO,1,ITA,H735,51588,27,027032,30237,H735,1900-01-01,2005-11-17,2005-11-18,2005-11-18,51588,N
51718,100,FRATTA POLESINE,0,ITA,D788,51718,29,029024,45209,D788,1900-01-01,4712-12-31,2000-05-12,2000-05-12,51718,N
51784,100,SAN GERMANO DEI BERICI,1,ITA,H863,51784,24,024092,36487,H863,1900-01-01,2017-03-21,2017-05-17,2017-05-17,51784,N
55367,100,CODEVIGO,0,ITA,C812,55367,28,028033,35574,C812,1900-01-01,4712-12-31,2000-05-12,2000-05-12,55367,N
55430,100,AGNA,0,ITA,A075,55430,28,028002,35077,A075,1900-01-01,4712-12-31,2000-05-12,2000-05-12,55430,N
54918,100,ARCOLE,0,ITA,A374,54918,23,023004,37293,A374,1900-01-01,4712-12-31,2000-05-12,2000-05-12,54918,N
54981,100,CAERANO DI SAN MARCO,0,ITA,B349,54981,26,026006,31157,B349,1900-01-01,4712-12-31,2000-05-12,2000-05-12,54981,N
54408,100,TAMBRE,0,ITA,L040,54408,25,025060,32999,L040,1900-01-01,4712-12-31,2000-05-12,2000-05-12,54408,N
52999,100,SAN GREGORIO NELLE ALPI,0,ITA,H938,52999,25,025045,32469,H938,1900-01-01,4712-12-31,2000-05-12,2000-05-12,52999,N
53060,100,COLLE SANTA LUCIA,0,ITA,C872,53060,25,025014,32506,C872,1900-01-01,4712-12-31,2000-05-12,2000-05-12,53060,N
52488,100,SAN GIORGIO DELLE PERTICHE,0,ITA,H893,52488,28,028075,35978,H893,1900-01-01,4712-12-31,2000-05-12,2000-05-12,52488,N
52548,100,SCHIAVON,0,ITA,I527,52548,24,024099,36177,I527,1900-01-01,4712-12-31,2000-05-12,2000-05-12,52548,N
54150,100,GOSALDO,0,ITA,E113,54150,25,025025,32001,E113,1900-01-01,4712-12-31,2000-05-12,2000-05-12,54150,N
50185,100,FOSSO',0,ITA,D748,50185,27,027017,30656,D748,1900-01-01,4712-12-31,2000-05-12,2000-05-12,50185,N
50311,100,SAN PIETRO IN CARIANO,0,ITA,I109,50311,23,023076,37172,I109,1900-01-01,4712-12-31,2000-05-12,2000-05-12,50311,N
50312,100,VILLA ESTENSE,0,ITA,L937,50312,28,028102,35477,L937,1900-01-01,4712-12-31,2000-05-12,2000-05-12,50312,N
50313,100,CANARO,0,ITA,B578,50313,29,029009,45673,B578,1900-01-01,4712-12-31,2000-05-12,2000-05-12,50313,N
50374,100,SARMEDE,0,ITA,I435,50374,26,026078,31530,I435,1900-01-01,4712-12-31,2000-05-12,2000-05-12,50374,N
50500,100,MARTELLAGO,0,ITA,E980,50500,27,027021,30332,E980,1900-01-01,4712-12-31,2000-05-12,2000-05-12,50500,N
50565,100,SAN MARTINO DI VENEZZE,0,ITA,H996,50565,29,029044,45460,H996,1900-01-01,4712-12-31,2000-05-12,2000-05-12,50565,N
50631,100,CASTELNOVO BARIANO,0,ITA,C215,50631,29,029013,45308,C215,1900-01-01,4712-12-31,2000-05-12,2000-05-12,50631,N
49994,100,GALLIO,0,ITA,D882,49994,24,024042,36161,D882,1900-01-01,4712-12-31,2000-05-12,2000-05-12,49994,N
50055,100,BARBARANO VICENTINO,1,ITA,A627,50055,24,024011,36881,A627,1900-01-01,2018-02-16,2000-05-12,2000-05-12,50055,N
57224,100,CAMPAGNA LUPIA,0,ITA,B493,57224,27,027002,30121,B493,1900-01-01,4712-12-31,2000-05-12,2000-05-12,57224,N
57350,100,PRESSANA,0,ITA,H048,57350,23,023061,37762,H048,1900-01-01,4712-12-31,2000-05-12,2000-05-12,57350,N
57418,100,COSTERMANO SUL GARDA,0,ITA,D118,57418,23,023030,37615,D118,1900-01-01,4712-12-31,2017-06-22,2017-06-22,57418,N
57419,100,PREGANZIOL,0,ITA,H022,57419,26,026063,31535,H022,1900-01-01,4712-12-31,2000-05-12,2000-05-12,57419,N
52740,100,SOVIZZO,1,ITA,I879,52740,24,024103,36131,I879,1900-01-01,2024-01-21,2000-05-12,2000-05-12,52740,N
49350,100,LORIA,0,ITA,E692,49350,26,026036,31569,E692,1900-01-01,4712-12-31,2000-05-12,2000-05-12,49350,N
49351,100,TORRE DI MOSTO,0,ITA,L267,49351,27,027041,30396,L267,1900-01-01,4712-12-31,2000-05-12,2000-05-12,49351,N
49352,100,TOMBOLO,0,ITA,L199,49352,28,028091,35508,L199,1900-01-01,4712-12-31,2000-05-12,2000-05-12,49352,N
48648,100,MEGLIADINO SAN VITALE,0,ITA,F092,48648,28,028052,35578,F092,1900-01-01,4712-12-31,2000-05-12,2000-05-12,48648,N
48708,100,CANDIANA,0,ITA,B589,48708,28,028021,35688,B589,1900-01-01,4712-12-31,2000-05-12,2000-05-12,48708,N
44933,100,VALDAGNO,0,ITA,L551,44933,24,024111,36808,L551,1900-01-01,4712-12-31,2000-05-12,2000-05-12,44933,N
12036,100,BREDA DI PIAVE,0,ITA,B128,12036,26,026005,31911,B128,1900-01-01,4712-12-31,2000-05-12,2000-05-12,12036,N
8326,100,NOVENTA DI PIAVE,0,ITA,F963,8326,27,027027,30159,F963,1900-01-01,4712-12-31,2000-05-12,2000-05-12,8326,N
8455,100,CRESPINO,0,ITA,D161,8455,29,029019,45386,D161,1900-01-01,4712-12-31,2000-05-12,2000-05-12,8455,N
8518,100,ROSA',0,ITA,H556,8518,24,024087,36387,H556,1900-01-01,4712-12-31,2000-05-12,2000-05-12,8518,N
8644,100,QUARTO D'ALTINO,0,ITA,H117,8644,27,027031,30189,H117,1900-01-01,4712-12-31,2000-05-12,2000-05-12,8644,N
6084,100,SELVAZZANO DENTRO,0,ITA,I595,6084,28,028086,35116,I595,1900-01-01,4712-12-31,2000-05-12,2000-05-12,6084,N
6153,100,CAORLE,0,ITA,B642,6153,27,027005,30979,B642,1900-01-01,4712-12-31,2000-05-12,2000-05-12,6153,N
5444,100,CADONEGHE,0,ITA,B345,5444,28,028016,35244,B345,1900-01-01,4712-12-31,2000-05-12,2000-05-12,5444,N
10886,100,VALLI DEL PASUBIO,0,ITA,L624,10886,24,024113,36245,L624,1900-01-01,4712-12-31,2000-05-12,2000-05-12,10886,N
10055,100,ENEGO,0,ITA,D407,10055,24,024039,36990,D407,1900-01-01,4712-12-31,2000-05-12,2000-05-12,10055,N
10056,100,ROCCA PIETORE,0,ITA,H379,10056,25,025044,32053,H379,1900-01-01,4712-12-31,2000-05-12,2000-05-12,10056,N
10115,100,CIBIANA DI CADORE,0,ITA,C672,10115,25,025013,32748,C672,1900-01-01,4712-12-31,2000-05-12,2000-05-12,10115,N
10311,100,NOVENTA VICENTINA,0,ITA,F964,10311,24,024074,36891,F964,1900-01-01,4712-12-31,2000-05-12,2000-05-12,10311,N
9543,100,SALETTO,1,ITA,H705,9543,28,028074,35069,H705,1900-01-01,2018-02-16,2000-05-12,2000-05-12,9543,N
9604,100,SAREGO,0,ITA,I430,9604,24,024098,36310,I430,1900-01-01,4712-12-31,2000-05-12,2000-05-12,9604,N
9796,100,SOSSANO,0,ITA,I867,9796,24,024102,36734,I867,1900-01-01,4712-12-31,2000-05-12,2000-05-12,9796,N
13061,100,BRENZONE,1,ITA,B154,13061,23,023014,37343,B154,1900-01-01,2014-02-21,2000-05-12,2000-05-12,13061,N
13062,100,MORGANO,0,ITA,F725,13062,26,026047,31789,F725,1900-01-01,4712-12-31,2000-05-12,2000-05-12,13062,N
8137,100,LONIGO,0,ITA,E682,8137,24,024052,36583,E682,1900-01-01,4712-12-31,2000-05-12,2000-05-12,8137,N
8200,100,CAMISANO VICENTINO,0,ITA,B485,8200,24,024021,36122,B485,1900-01-01,4712-12-31,2000-05-12,2000-05-12,8200,N
7432,100,SAN ZENONE DEGLI EZZELINI,0,ITA,I417,7432,26,026077,31808,I417,1900-01-01,4712-12-31,2000-05-12,2000-05-12,7432,N
7557,100,MARCON,0,ITA,E936,7557,27,027020,30912,E936,1900-01-01,4712-12-31,2000-05-12,2000-05-12,7557,N
7558,100,PONTE SAN NICOLO',0,ITA,G855,7558,28,028069,35226,G855,1900-01-01,4712-12-31,2000-05-12,2000-05-12,7558,N
7621,100,SAN BELLINO,0,ITA,H768,7621,29,029043,45106,H768,1900-01-01,4712-12-31,2000-05-12,2000-05-12,7621,N
7688,100,CASTELMASSA,0,ITA,C207,7688,29,029012,45294,C207,1900-01-01,4712-12-31,2000-05-12,2000-05-12,7688,N
5386,100,LOZZO ATESTINO,0,ITA,E709,5386,28,028047,35224,E709,1900-01-01,4712-12-31,2000-05-12,2000-05-12,5386,N
4617,100,GALZIGNANO TERME,0,ITA,D889,4617,28,028040,35324,D889,1900-01-01,4712-12-31,2000-05-12,2000-05-12,4617,N
4810,100,SOAVE,0,ITA,I775,4810,23,023081,37344,I775,1900-01-01,4712-12-31,2000-05-12,2000-05-12,4810,N
4877,100,MONTECCHIA DI CROSARA,0,ITA,F461,4877,23,023049,37613,F461,1900-01-01,4712-12-31,2000-05-12,2000-05-12,4877,N
35206,100,CORNEDO VICENTINO,0,ITA,D020,35206,24,024034,36505,D020,1900-01-01,4712-12-31,2000-05-12,2000-05-12,35206,N
34565,100,SAN DONA' DI PIAVE,0,ITA,H823,34565,27,027033,30993,H823,1900-01-01,4712-12-31,2000-05-12,2000-05-12,34565,N
34695,100,GAIBA,0,ITA,D855,34695,29,029025,45322,D855,1900-01-01,4712-12-31,2000-05-12,2000-05-12,34695,N
34759,100,SAN NAZARIO,1,ITA,I047,34759,24,024093,36160,I047,1900-01-01,2019-01-30,2000-05-12,2000-05-12,34759,N
39944,100,VELO VERONESE,0,ITA,L722,39944,23,023090,37529,L722,1900-01-01,4712-12-31,2000-05-12,2000-05-12,39944,N
40009,100,PESCANTINA,0,ITA,G481,40009,23,023058,37993,G481,1900-01-01,4712-12-31,2000-05-12,2000-05-12,40009,N
40010,100,VITTORIO VENETO,0,ITA,M089,40010,26,026092,31862,M089,1900-01-01,4712-12-31,2000-05-12,2000-05-12,40010,N
39304,100,CASTAGNARO,0,ITA,C041,39304,23,023020,37588,C041,1900-01-01,4712-12-31,2000-05-12,2000-05-12,39304,N
39305,100,ORSAGO,0,ITA,G123,39305,26,026053,31170,G123,1900-01-01,4712-12-31,2000-05-12,2000-05-12,39305,N
39364,100,CORDIGNANO,0,ITA,C992,39364,26,026022,31479,C992,1900-01-01,4712-12-31,2000-05-12,2000-05-12,39364,N
57477,100,GIAVERA DEL MONTELLO,0,ITA,E021,57477,26,026032,31088,E021,1900-01-01,4712-12-31,2000-05-12,2000-05-12,57477,N
57541,100,MONSELICE,0,ITA,F382,57541,28,028055,35073,F382,1900-01-01,4712-12-31,2000-05-12,2000-05-12,57541,N
57033,100,PASTRENGO,0,ITA,G365,57033,23,023057,37250,G365,1900-01-01,4712-12-31,2000-05-12,2000-05-12,57033,N
57034,100,VILLORBA,1,ITA,M048,57034,26,026091,31731,M048,1900-01-01,2006-01-14,2006-01-15,2006-01-15,57034,N
57093,100,CERRO VERONESE,0,ITA,C538,57093,23,023026,37054,C538,1900-01-01,4712-12-31,2000-05-12,2000-05-12,57093,N
57094,100,PONZANO VENETO,0,ITA,G875,57094,26,026059,31079,G875,1900-01-01,4712-12-31,2000-05-12,2000-05-12,57094,N
57157,100,FONTANELLE,0,ITA,D674,57157,26,026028,31438,D674,1900-01-01,4712-12-31,2000-05-12,2000-05-12,57157,N
57158,100,SANT'ELENA,0,ITA,I319,57158,28,028083,35863,I319,1900-01-01,4712-12-31,2000-05-12,2000-05-12,57158,N
56388,100,CONEGLIANO,0,ITA,C957,56388,26,026021,31292,C957,1900-01-01,4712-12-31,2000-05-12,2000-05-12,56388,N
56454,100,LEGNARO,0,ITA,E515,56454,28,028044,35277,E515,1900-01-01,4712-12-31,2000-05-12,2000-05-12,56454,N
56517,100,BORGORICCO,0,ITA,B031,56517,28,028013,35513,B031,1900-01-01,4712-12-31,2000-05-12,2000-05-12,56517,N
56649,100,TERRAZZO,0,ITA,L136,56649,23,023085,37837,L136,1900-01-01,4712-12-31,2000-05-12,2000-05-12,56649,N
56712,100,VALDOBBIADENE,0,ITA,L565,56712,26,026087,31046,L565,1900-01-01,4712-12-31,2000-05-12,2000-05-12,56712,N
55945,100,MARANO DI VALPOLICELLA,0,ITA,E911,55945,23,023046,37770,E911,1900-01-01,4712-12-31,2000-05-12,2000-05-12,55945,N
55946,100,SERNAGLIA DELLA BATTAGLIA,0,ITA,I635,55946,26,026080,31626,I635,1900-01-01,4712-12-31,2000-05-12,2000-05-12,55946,N
56005,100,BUSSOLENGO,0,ITA,B296,56005,23,023015,37377,B296,1900-01-01,4712-12-31,2000-05-12,2000-05-12,56005,N
56006,100,MORIAGO DELLA BATTAGLIA,0,ITA,F729,56006,26,026048,31817,F729,1900-01-01,4712-12-31,2000-05-12,2000-05-12,56006,N
56069,100,CIMADOLMO,0,ITA,C689,56069,26,026017,31295,C689,1900-01-01,4712-12-31,2000-05-12,2000-05-12,56069,N
56201,100,BAONE,0,ITA,A613,56201,28,028009,35580,A613,1900-01-01,4712-12-31,2000-05-12,2000-05-12,56201,N
56263,100,MONTEFORTE D'ALPONE,0,ITA,F508,56263,23,023050,37581,F508,1900-01-01,4712-12-31,2000-05-12,2000-05-12,56263,N
56328,100,ORMELLE,0,ITA,G115,56328,26,026052,31679,G115,1900-01-01,4712-12-31,2000-05-12,2000-05-12,56328,N
55176,100,VOLTAGO AGORDINO,0,ITA,M124,55176,25,025067,32475,M124,1900-01-01,4712-12-31,2000-05-12,2000-05-12,55176,N
55240,100,PEDAVENA,0,ITA,G404,55240,25,025036,32265,G404,1900-01-01,4712-12-31,2000-05-12,2000-05-12,55240,N
55241,100,MEDUNA DI LIVENZA,0,ITA,F088,55241,26,026041,31417,F088,1900-01-01,4712-12-31,2000-05-12,2000-05-12,55241,N
55299,100,CASIER,0,ITA,B965,55299,26,026010,31540,B965,1900-01-01,4712-12-31,2000-05-12,2000-05-12,55299,N
11975,100,ANGIARI,0,ITA,A292,11975,23,023003,37763,A292,1900-01-01,4712-12-31,2000-05-12,2000-05-12,11975,N
12232,100,VODO CADORE,0,ITA,M108,12232,25,025066,32349,M108,1900-01-01,4712-12-31,2000-05-12,2000-05-12,12232,N
11141,100,SEREN DEL GRAPPA,0,ITA,I626,11141,25,025055,32533,I626,1900-01-01,4712-12-31,2000-05-12,2000-05-12,11141,N
11206,100,FORNO DI ZOLDO,1,ITA,D726,11206,25,025024,32358,D726,1900-01-01,2016-11-15,2000-05-12,2000-05-12,11206,N
7752,100,POSINA,0,ITA,G931,7752,24,024080,36761,G931,1900-01-01,4712-12-31,2000-05-12,2000-05-12,7752,N
4168,100,PIEVE DI CADORE,0,ITA,G642,4168,25,025039,32761,G642,1900-01-01,4712-12-31,2000-05-12,2000-05-12,4168,N
4169,100,MONASTIER DI TREVISO,0,ITA,F332,4169,26,026044,31993,F332,1900-01-01,4712-12-31,2000-05-12,2000-05-12,4169,N
4227,100,CASTELLO DI GODEGO,0,ITA,C190,4227,26,026013,31456,C190,1900-01-01,4712-12-31,2000-05-12,2000-05-12,4227,N
4296,100,CURTAROLO,0,ITA,D226,4296,28,028036,35484,D226,1900-01-01,4712-12-31,2000-05-12,2000-05-12,4296,N
4359,100,ARQUA' PETRARCA,0,ITA,A434,4359,28,028005,35264,A434,1900-01-01,4712-12-31,2000-05-12,2000-05-12,4359,N
1928,100,SANTA GIUSTINA,0,ITA,I206,1928,25,025048,32274,I206,1900-01-01,4712-12-31,2000-05-12,2000-05-12,1928,N
1989,100,TRISSINO,0,ITA,L433,1989,24,024110,36428,L433,1900-01-01,4712-12-31,2000-05-12,2000-05-12,1989,N
1990,100,DANTA DI CADORE,0,ITA,D247,1990,25,025017,32997,D247,1900-01-01,4712-12-31,2000-05-12,2000-05-12,1990,N
60428,100,CAVALLINO TREPORTI,0,ITA,M308,60428,27,027044,30119,M308,1999-04-02,4712-12-31,2001-12-24,2001-12-24,60428,N
60430,100,DUE CARRARE_ERRATO,1,ITA,M300,60430,28,028106,35461,M300,2003-05-29,2003-05-28,2003-06-10,2003-06-10,60430,N
60429,100,VILLANOVA DI CAMPOSAMPIERO_ERRATO,1,ITA,X979,60429,28,028104,35169,X979,2003-05-28,2003-05-28,2003-06-10,2003-06-10,60429,N
60432,100,PORTO VIRO,1,ITA,G926,60432,29,029052,45743,G926,1929-02-01,1938-02-10,2003-06-04,2003-06-04,60432,N
60433,100,DONADA,1,ITA,D337,60433,29,029020,45836,D337,1900-01-01,1929-01-31,2003-06-04,2003-06-04,60433,N
60434,100,CONTARINA,1,ITA,C967,60434,29,029016,45241,C967,1900-01-01,1929-01-31,2003-06-04,2003-06-04,60434,N
60443,100,SALZANO,0,ITA,H735,60443,27,027032,30478,H735,2005-11-18,4712-12-31,2005-11-18,2005-11-18,60443,N
60444,100,VILLORBA,0,ITA,M048,60444,26,026091,31899,M048,2006-01-15,4712-12-31,2006-01-15,2006-01-15,60444,N
60445,100,MOSSANO,1,ITA,F768,60445,24,024069,36463,F768,2006-02-07,2018-02-16,2006-02-07,2006-02-07,60445,N
60446,100,PORTOBUFFOLE',0,ITA,G909,60446,26,026060,31324,G909,2006-02-06,4712-12-31,2006-02-06,2006-02-06,60446,N
60447,100,PADERNO DEL GRAPPA,1,ITA,G221,60447,26,026054,31464,G221,2006-02-08,2019-01-30,2006-02-08,2006-02-08,60447,N
60492,100,QUERO VAS,1,ITA,M332,60492,25,025070,32302,M332,2013-12-28,2024-01-21,,,60492,N
60493,100,BRENZONE SUL GARDA,0,ITA,B154,60493,23,023014,37187,B154,2014-02-22,4712-12-31,,,60493,N
60494,100,LONGARONE,0,ITA,M342,60494,25,025071,32486,M342,2014-02-22,4712-12-31,,,60494,N
60514,100,ALPAGO,0,ITA,M375,60514,25,025072,32123,M375,2016-02-23,4712-12-31,,,60514,N
60515,100,VAL DI ZOLDO,0,ITA,M374,60515,25,025073,32859,M374,2016-02-23,4712-12-31,,,60515,N
3846,100,BELFIORE,0,ITA,A737,3846,23,023007,37012,A737,1900-01-01,4712-12-31,2000-05-12,2000-05-12,3846,N
3909,100,CASALE SUL SILE,0,ITA,B879,3909,26,026009,31606,B879,1900-01-01,4712-12-31,2000-05-12,2000-05-12,3909,N
4105,100,LAVAGNO,0,ITA,E489,4105,23,023042,37522,E489,1900-01-01,4712-12-31,2000-05-12,2000-05-12,4105,N
4167,100,BOSCO CHIESANUOVA,0,ITA,B073,4167,23,023011,37314,B073,1900-01-01,4712-12-31,2000-05-12,2000-05-12,4167,N
3335,100,VALLE DI CADORE,0,ITA,L590,3335,25,025063,32803,L590,1900-01-01,4712-12-31,2000-05-12,2000-05-12,3335,N
3398,100,LORENZAGO DI CADORE,0,ITA,E687,3398,25,025032,32688,E687,1900-01-01,4712-12-31,2000-05-12,2000-05-12,3398,N
3015,100,TAIBON AGORDINO,0,ITA,L030,3015,25,025059,32024,L030,1900-01-01,4712-12-31,2000-05-12,2000-05-12,3015,N
3081,100,ZOVENCEDO,0,ITA,M194,3081,24,024121,36327,M194,1900-01-01,4712-12-31,2000-05-12,2000-05-12,3081,N
3082,100,LENTIAI,1,ITA,C562,3082,25,025028,32335,C562,1900-01-01,2019-01-30,2000-05-12,2000-05-12,3082,N
3140,100,ARCADE,0,ITA,A360,3140,26,026002,31798,A360,1900-01-01,4712-12-31,2000-05-12,2000-05-12,3140,N
