ID_PROVINCIA,SIGLA_PROVINCIA,DESC_PROVINCIA,COD_ISTAT,COD_ISTAT_REGIONE,ID_COMUNE_CAPOLUOGO,DT_INIZIO_VALIDITA,DT_FINE_VALIDITA,DT_INSERIMENTO,DT_AGGIORNAMENTO
27,VE,VENEZIA,027,05,-1013,1900-01-01,4712-12-31,2000-09-06,2000-09-06
24,VI,VICENZA,024,05,19783,1900-01-01,4712-12-31,2000-09-06,2000-09-06
28,PD,PADOVA,028,05,40840,1900-01-01,4712-12-31,2000-09-06,2000-09-06
25,BL,BELLUNO,025,05,900,1900-01-01,4712-12-31,2000-09-06,2000-09-06
29,RO,ROVIGO,029,05,41669,1900-01-01,4712-12-31,2000-09-06,2000-09-06
22,TN,TRENTO,022,04,,1900-01-01,4712-12-31,2000-09-06,2000-09-06
26,TV,TREVISO,026,05,13769,1900-01-01,4712-12-31,2000-09-06,2000-09-06
23,VR,VERONA,023,05,-1095,1900-01-01,4712-12-31,2000-09-06,2000-09-06
999,XX,ALTRE,XXX,,,1900-01-01,4712-12-31,2000-09-06,2000-09-06
