id_fascia,de_fascia,num_reddito_da,num_reddito_a,num_ordinamento
1,    Minore di 0,-100000000,-1,1
3,   Da 1 a 2.500,1,2500,3
42,  Da 2.501 a 5.000,2501,5000,4
4,  Da 5.001 a 7.500,5001,7500,5
5,  Da 7.501 a 10.000,7501,10000,6
6, Da 10.001 a 12.500,10001,12500,7
7, Da 12.501 a 15.000,12501,15000,8
8, Da 15.001 a 17.500,15001,17500,9
9, Da 17.501 a 20.000,17501,20000,10
10, Da 20.001 a 22.500,20001,22500,11
11, Da 22.501 a 25.000,22501,25000,12
12, Da 25.001 a 27.500,25001,27500,13
13, Da 27.501 a 30.000,27501,30000,14
14, Da 30.001 a 32.500,30001,32500,15
15, Da 32.501 a 35.000,32501,35000,16
16, Da 35.001 a 37.500,35001,37500,17
17, Da 37.501 a 40.000,37501,40000,18
18, Da 40.001 a 42.500,40001,42500,19
19, Da 42.501 a 45.000,42501,45000,20
20, Da 45.001 a 47.500,45001,47500,21
21, Da 47.501 a 50.000,47501,50000,22
22, Da 50.001 a 55.000,50001,55000,23
23, Da 55.001 a 60.000,55001,60000,24
24, Da 60.001 a 65.000,60001,65000,25
25, Da 65.001 a 70.000,65001,70000,26
26, Da 70.001 a 75.000,70001,75000,27
27, Da 75.001 a 80.000,75001,80000,28
28, Da 80.001 a 85.000,80001,85000,29
29, Da 85.001 a 90.000,85001,90000,30
30, Da 90.001 a 95.000,90001,95000,31
31, Da 95.001 a 100.000,95001,100000,32
32,Da 100.001 a 200.000,100001,200000,33
33,Da 200.001 a 300.000,200001,300000,34
34,Da 300.001 a 400.000,300001,400000,35
35,Da 400.001 a 500.000,400001,500000,36
36,Da 500.001 a 600.000,500001,600000,37
37,Da 600.001 a 700.000,600001,700000,38
38,Da 700.001 a 800.000,700001,800000,39
39,Da 800.001 a 900.000,800001,900000,40
40,Da 900.001 a 1.000.000,900001,1000000,41
41,Più di 1.000.000,1000001,100000000,42
2,Uguale a 0,0,1,2
