id_fascia,de_fascia,num_reddito_da,num_reddito_a,num_ordinamento,de_fascia_ridotta
18,Da 40.001 a 42.500,40001,42500,18,Da 28.001 a 55.000
19,Da 42.501 a 45.000,42501,45000,19,Da 28.001 a 55.000
20,Da 45.001 a 47.500,45001,47500,20,Da 28.001 a 55.000
21,Da 47.501 a 50.000,47501,50000,21,Da 28.001 a 55.000
22,Da 50.001 a 52.500,50001,52500,22,Da 28.001 a 55.000
23,Da 52.501 a 55.000,52501,55000,23,Da 28.001 a 55.000
1,Da 1 a 2.500,1,2500,1,Da 0 a 15.000
2,Da 2.501 a 5.000,2501,5000,2,Da 0 a 15.000
3,Da 5.001 a 7.500,5001,7500,3,Da 0 a 15.000
4,Da 7.501 a 10.000,7501,10000,4,Da 0 a 15.000
5,Da 10.001 a 12.500,10001,12500,5,Da 0 a 15.000
6,Da 12.501 a 15.000,12501,15000,6,Da 0 a 15.000
64,Da 0 a 1,0,1,0,Da 0 a 15.000
0,Minore di 0,-100000000,-1,-1,Minore di 0
24,Da 55.001 a 57.500,55001,57500,24,Da 55.001 a 75.000
25,Da 57.501 a 60.000,57501,60000,25,Da 55.001 a 75.000
26,Da 60.001 a 62.500,60001,62500,26,Da 55.001 a 75.000
7,Da 15.001 a 17.500,15001,17500,7,Da 15.001 a 28.000
8,Da 17.501 a 20.000,17501,20000,8,Da 15.001 a 28.000
9,Da 20.001 a 22.500,20001,22500,9,Da 15.001 a 28.000
10,Da 22.501 a 25.000,22501,25000,10,Da 15.001 a 28.000
11,Da 25.001 a 27.500,25001,27500,11,Da 15.001 a 28.000
12,Da 27.501 a 28.000,27501,28000,12,Da 15.001 a 28.000
13,Da 28.001 a 30.000,28001,30000,13,Da 28.001 a 55.000
14,Da 30.001 a 32.500,30001,32500,14,Da 28.001 a 55.000
15,Da 32.501 a 35.000,32501,35000,15,Da 28.001 a 55.000
16,Da 35.001 a 37.500,35001,37500,16,Da 28.001 a 55.000
17,Da 37.501 a 40.000,37501,40000,17,Da 28.001 a 55.000
27,Da 62.501 a 65.000,62501,65000,27,Da 55.001 a 75.000
28,Da 65.001 a 67.500,65001,67500,28,Da 55.001 a 75.000
29,Da 67.501 a 70.000,67501,70000,29,Da 55.001 a 75.000
30,Da 70.001 a 72.500,70001,72500,30,Da 55.001 a 75.000
31,Da 72.501 a 75.000,72501,75000,31,Da 55.001 a 75.000
32,Da 75.001 a 80.000,75001,80000,32,Da 75.001 e oltre
33,Da 80.001 a 85.000,80001,85000,33,Da 75.001 e oltre
34,Da 85.001 a 90.000,85001,90000,34,Da 75.001 e oltre
35,Da 90.001 a 95.000,90001,95000,35,Da 75.001 e oltre
36,Da 95.001 a 100.000,95001,100000,36,Da 75.001 e oltre
37,Da 100.001 a 110.000,100001,110000,37,Da 75.001 e oltre
38,Da 110.001 a 120.000,110001,120000,38,Da 75.001 e oltre
39,Da 120.001 a 130.000,120001,130000,39,Da 75.001 e oltre
40,Da 130.001 a 140.000,130001,140000,40,Da 75.001 e oltre
41,Da 140.001 a 150.000,140001,150000,41,Da 75.001 e oltre
42,Da 150.001 a 160.000,150001,160000,42,Da 75.001 e oltre
43,Da 160.001 a 170.000,160001,170000,43,Da 75.001 e oltre
44,Da 170.001 a 180.000,170001,180000,44,Da 75.001 e oltre
45,Da 180.001 a 190.000,180001,190000,45,Da 75.001 e oltre
46,Da 190.001 a 200.000,190001,200000,46,Da 75.001 e oltre
47,Da 200.001 a 250.000,200001,250000,47,Da 75.001 e oltre
48,Da 250.001 a 300.000,250001,300000,48,Da 75.001 e oltre
49,Da 300.001 a 350.000,300001,350000,49,Da 75.001 e oltre
50,Da 350.001 a 400.000,350001,400000,50,Da 75.001 e oltre
51,Da 400.001 a 450.000,400001,450000,51,Da 75.001 e oltre
52,Da 450.001 a 500.000,450001,500000,52,Da 75.001 e oltre
53,Da 500.001 a 550.000,500001,550000,53,Da 75.001 e oltre
54,Da 550.001 a 600.000,550001,600000,54,Da 75.001 e oltre
55,Da 600.001 a 650.000,600001,650000,55,Da 75.001 e oltre
56,Da 650.001 a 700.000,650001,700000,56,Da 75.001 e oltre
57,Da 700.001 a 750.000,700001,750000,57,Da 75.001 e oltre
58,Da 750.001 a 800.000,750001,800000,58,Da 75.001 e oltre
59,Da 800.001 a 850.000,800001,850000,59,Da 75.001 e oltre
60,Da 850.001 a 900.000,850001,900000,60,Da 75.001 e oltre
61,Da 900.001 a 950.000,900001,950000,61,Da 75.001 e oltre
62,Da 950.001 a 1.000.000,950001,1000000,62,Da 75.001 e oltre
63,Da 1.000.001 e oltre,1000001,100000000,63,Da 75.001 e oltre
-1,Indefinita,,,-2,Non Definita
