id_anagrafica,cod_fiscale,cod_partita_iva,fk_comune_residenza,de_indirizzo_residenza,flg_dic_presentata_prima_volta,flg_pf_mini,flg_grandi_contrib,fk_comune_nascita,dt_nascita,flg_sesso,cod_stato_civile,de_cognome,de_nome,de_numero_telefono,de_numero_fax,de_mail,fk_comune_fiscale
9800000,BRBSMN73A16H622A,,646,Corso Roma 18,1,1,0,646,1973-01-16,M,C,Barbieri,Simone,3735898634,,simone.barbieri98@example.it,646
9800001,BRNNNA90T56F241Z,,59396,Strada Mazzini 64,,0,0,59396,1990-12-16,F,D,Bruno,Anna,3706698511,,anna.bruno28@example.it,59396
9800002,CNTPLA70H11B132K,,58952,Strada Carducci 66,,0,0,58952,1970-06-11,M,S,Conti,Paolo,3573014510,,paolo.conti57@example.it,58952
9800003,MRTDVD47L24I207T,,48261,Piazza Carducci 56,,0,0,48261,1947-07-24,M,S,Moretti,Davide,3992327377,,davide.moretti92@example.it,48261
9800004,FRRSRA83A56F011P,,48328,Via Marconi 151,,0,0,48328,1983-01-16,F,N,Ferrari,Sara,3629231266,,sara.ferrari12@example.it,48328
9800005,LMBDVD73S25B524V,,48389,Viale Carducci 82,,0,0,48389,1973-11-25,M,C,Lombardi,Davide,3808985672,,davide.lombardi49@example.it,48389
9800006,BRBCHR74P54L567N,,48522,Borgo Garibaldi 9,,0,0,48522,1974-09-14,F,N,Barbieri,Chiara,3486802739,,chiara.barbieri40@example.it,48522
9800007,SPSNDR28M18B886C,,47877,Strada Garibaldi 114,1,0,0,47877,1928-08-18,M,C,Esposito,Andrea,3552984500,,andrea.esposito39@example.it,47877
9800008,FNTLCU89H05F921Q,,48137,Via Manzoni 117,,0,0,48137,1989-06-05,M,C,Fontana,Luca,3861515304,,luca.fontana90@example.it,48137
9800009,BRBLRA90H45C370N,,48198,Corso Kennedy 77,,0,0,48198,1990-06-05,F,V,Barbieri,Laura,3403575675,,laura.barbieri49@example.it,48198
9800010,RZZDVD63L05G408Q,,48199,Borgo Europa 174,,0,0,48199,1963-07-05,M,N,Rizzo,Davide,3671074111,,davide.rizzo7@example.it,48199
9800011,FNTMRT83C59D956C,,47561,Corso Europa 151,,1,0,47561,1983-03-19,F,C,Fontana,Marta,3737818114,,marta.fontana86@example.it,47561
9800012,GRCMRC79R31I821J,,47753,Corso Roma 53,,0,0,47753,1979-10-31,M,N,Greco,Marco,3861606370,,marco.greco44@example.it,47753
9800013,MRTPLA84D17L058K,,47819,Strada Verdi 25,,0,0,47819,1984-04-17,M,V,Moretti,Paolo,3731881876,,paolo.moretti97@example.it,47819
9800014,BRBNNA95E49E502T,,47049,Via Manzoni 151,1,0,0,47049,1995-05-09,F,D,Barbieri,Anna,3829555854,,anna.barbieri22@example.it,47049
9800015,BRBMRC67R09B107X,,47111,Corso Garibaldi 39,,0,0,47111,1967-10-09,M,C,Barbieri,Marco,3352849036,,marco.barbieri19@example.it,47111
9800016,SPSFRC46R42F360S,,47112,Piazza Dante 173,,0,0,47112,1946-10-02,F,C,Esposito,Federica,3562567948,,federica.esposito12@example.it,47112
9800017,CNTPLA53E27C384I,,47171,Viale Mazzini 42,,0,0,47171,1953-05-27,M,S,Conti,Paolo,3792080239,,paolo.conti23@example.it,47171
9800018,LMBDVD70L23D442I,,47240,Strada Marconi 10,,0,0,47240,1970-07-23,M,V,Lombardi,Davide,3284242050,,davide.lombardi76@example.it,47240
9800019,GLLGLI53M71A438M,,47304,Viale Kennedy 70,,0,0,47304,1353-08-31,F,V,Gallo,Giulia,3337071524,,giulia.gallo15@example.it,47304
9800020,RSSPLA98R29A837S,,46790,Via Kennedy 54,,0,0,46790,1998-10-29,M,S,Rossi,Paolo,3735543959,,paolo.rossi94@example.it,46790
9800021,GRCLNE37P62E708W,,46342,Piazza Manzoni 17,1,0,0,46342,1937-09-22,F,D,Greco,Elena,3666631720,,elena.greco34@example.it,46342
9800022,CSTNDR96M20C544Z,,46471,Strada Pascoli 144,,1,0,46471,1996-08-20,M,V,Costa,Andrea,3433570357,,andrea.costa32@example.it,46471
9800023,RSSGRL84C24C605P,,51910,Piazza Verdi 88,,0,0,51910,1984-03-24,M,V,Rossi,Gabriele,3555818569,,gabriele.rossi70@example.it,51910
9800024,FNTSFO00E54E731A,,51082,Via Verdi 120,,0,0,51082,2000-05-14,F,V,Fontana,Sofia,3655360624,,sofia.fontana39@example.it,51082
9800025,BRBLSN02T19B511M,,51142,Piazza Manzoni 35,,0,0,51142,2002-12-19,M,S,Barbieri,Alessandro,3435769060,,alessandro.barbieri20@example.it,51142
9800026,BRBVNT58R62G565Y,,51268,Borgo Europa 170,,0,0,51268,1958-10-22,F,C,Barbieri,Valentina,3885434263,,valentina.barbieri49@example.it,51268
9800027,BRBLCU02A23H580X,,51461,Strada Garibaldi 25,,0,0,51461,2002-01-23,M,N,Barbieri,Luca,3725032601,,luca.barbieri60@example.it,51461
9800028,CSTDVD63P10G943X,,50697,Corso Cavour 6,1,0,0,50697,1963-09-10,M,V,Costa,Davide,3523554382,,davide.costa41@example.it,50697
9800029,RMNMTN49R58E403Y,,50758,Via Roma 10,,0,0,50758,1949-10-18,F,S,Romano,Martina,3383670239,,martina.romano10@example.it,50758
9800030,RZZPLA04H05B403R,,50821,Borgo Roma 174,,0,0,50821,2004-06-05,M,S,Rizzo,Paolo,3293175988,,paolo.rizzo84@example.it,50821
9800031,FNTMTN14M59M172T,,40714,Strada Cavour 141,,0,0,40714,2014-08-19,F,N,Fontana,Martina,3306978774,,martina.fontana55@example.it,40714
9800032,BRNLSN20T12A231H,,40839,Corso Mazzini 44,,0,0,40839,2020-12-12,M,D,Bruno,Alessandro,3749746866,,alessandro.bruno55@example.it,40839
9800033,MRNSFN94M31G224Z,,40840,Viale Dante 56,,1,0,40840,1994-08-31,M,V,Marino,Stefano,3317603643,,stefano.marino39@example.it,40840
9800034,RMNNNA78R60C890S,,40071,Viale Europa 9,,0,0,40071,1978-10-20,F,V,Romano,Anna,3777130635,,anna.romano87@example.it,40071
9800035,RMNNDR72P30D680J,,40132,Viale Europa 9,1,0,0,40132,1972-09-30,M,V,Romano,Andrea,3723866884,,andrea.romano10@example.it,40132
9800036,FRRLNE35H50I375R,,40133,Strada Marconi 103,,0,0,40133,1935-06-10,F,D,Ferrari,Elena,3549372162,,elena.ferrari94@example.it,40133
9800037,MRNMRC79H15B546C,,40201,Borgo Verdi 106,,0,0,40201,1979-06-15,M,D,Marino,Marco,3258206459,,marco.marino9@example.it,40201
9800038,SPSPLA49P10H356S,,40326,Via Carducci 139,,0,0,40326,1949-09-10,M,N,Esposito,Paolo,3302723863,,paolo.esposito33@example.it,40326
9800039,RZZMTN51S69D317X,,40392,Piazza Manzoni 122,,0,0,40392,1951-11-29,F,C,Rizzo,Martina,3753283546,,martina.rizzo6@example.it,40392
9800040,RMNSFN74M17H131F,,40393,Borgo Carducci 27,,0,0,40393,1974-08-17,M,D,Romano,Stefano,3444648565,,stefano.romano31@example.it,40393
9800041,CNTLRA79P53E071I,,40453,Piazza Mazzini 36,,0,0,40453,1979-09-13,F,C,Conti,Laura,3242148590,,laura.conti26@example.it,40453
9800042,FRRMTT97S01L700C,,39688,Viale Dante 170,1,0,0,39688,1997-11-01,M,C,Ferrari,Matteo,3417314575,,matteo.ferrari2@example.it,39688
9800043,GLLGNN17R01A061F,,46023,Via Manzoni 15,,0,0,46023,2017-10-01,M,N,Gallo,Giovanni,3953072753,,giovanni.gallo82@example.it,46023
9800044,FRRLRA08A69M199E,,46024,Strada Mazzini 48,,1,0,46024,2008-01-29,F,C,Ferrari,Laura,3266552450,,laura.ferrari23@example.it,46024
9800045,SPSMRC26P06E588T,,46025,Borgo Marconi 75,,0,0,46025,1926-09-06,M,C,Esposito,Marco,3422749545,,marco.esposito81@example.it,46025
9800046,GLLGLI75T70A471P,,46084,Borgo Pascoli 23,,0,0,46084,1975-12-30,F,D,Gallo,Giulia,3781853529,,giulia.gallo85@example.it,46084
9800047,GRCSMN86B13M032A,,45701,Borgo Marconi 70,,0,0,45701,1986-02-13,M,C,Greco,Simone,3884302783,,simone.greco56@example.it,45701
9800048,CSTLSN88D14G776W,,45127,Viale Dante 67,,0,0,45127,1988-04-14,M,V,Costa,Alessandro,3997396042,,alessandro.costa45@example.it,45127
9800049,MRNSRA84T67I563H,,45189,Piazza Cavour 159,1,0,0,45189,1284-12-27,F,C,Marino,Sara,3513329081,,sara.marino30@example.it,45189
9800050,CSTMTT08A07D686B,,45252,Piazza Europa 179,,0,0,45252,2008-01-07,M,D,Costa,Matteo,3328385033,,matteo.costa84@example.it,45252
9800051,BNCFNC82A71I347G,,44871,Via Mazzini 92,,0,0,44871,1982-01-31,F,N,Bianchi,Francesca,3247787940,,francesca.bianchi62@example.it,44871
9800052,MRNGRL62H06D330C,,44934,Corso Cavour 137,,0,0,44934,1962-06-06,M,S,Marino,Gabriele,3409064846,,gabriele.marino15@example.it,44934
9800053,RSSDVD58T28F922X,,44360,Strada Pascoli 67,,0,0,44360,1958-12-28,M,V,Rossi,Davide,3802060868,,davide.rossi57@example.it,44360
9800054,FRRSFO31A65I120H,,44361,Borgo Dante 19,,0,0,44361,1931-01-25,F,S,Ferrari,Sofia,3453973700,,sofia.ferrari80@example.it,44361
9800055,GRCNDR46H11I414F,,59208,Via Cavour 145,,1,0,59208,1946-06-11,M,N,Greco,Andrea,3338850743,,andrea.greco3@example.it,59208
9800056,LMBLRA51B51L248K,,44611,Strada Cavour 82,1,0,0,44611,1951-02-11,F,D,Lombardi,Laura,3615792748,,laura.lombardi85@example.it,44611
9800057,RZZGNN01R05I531I,,43844,Via Garibaldi 56,,0,0,43844,2001-10-05,M,N,Rizzo,Giovanni,3789734234,,giovanni.rizzo63@example.it,43844
9800058,GRCMRC77S03A982J,,43845,Strada Cavour 64,,0,0,43845,1977-11-03,M,V,Greco,Marco,3841486707,,marco.greco18@example.it,43845
9800059,LMBSRA48S64F696X,,44039,Corso Pascoli 52,,0,0,44039,1948-11-24,F,V,Lombardi,Sara,3247840134,,sara.lombardi76@example.it,44039
9800060,MRNGNN79H12D156I,,44103,Piazza Roma 72,,0,0,44103,1979-06-12,M,N,Marino,Giovanni,3924925337,,giovanni.marino53@example.it,44103
9800061,MRTCHR26C70C577O,,44165,Piazza Mazzini 106,,0,0,44165,1926-03-30,F,S,Moretti,Chiara,3485559792,,chiara.moretti76@example.it,44165
9800062,MRTSMN23D06H625X,,43590,Corso Manzoni 154,,0,0,43590,2023-04-06,M,C,Moretti,Simone,3647697182,,simone.moretti67@example.it,43590
9800063,BNCNDR72T23E240I,,43591,Piazza Garibaldi 152,1,0,0,43591,1972-12-23,M,V,Bianchi,Andrea,3701590272,,andrea.bianchi24@example.it,43591
9800064,BRBVNT16T67I401N,,43653,Strada Carducci 43,,0,0,43653,2016-12-27,F,C,Barbieri,Valentina,3381189229,,valentina.barbieri72@example.it,43653
9800065,RMNDVD22S24C037X,,43014,Via Manzoni 146,,0,0,43014,1922-11-24,M,N,Romano,Davide,3544789950,,davide.romano22@example.it,43014
9800066,RSSSFO87R70F464B,,43273,Via Garibaldi 104,,1,0,43273,1987-10-30,F,C,Rossi,Sofia,3976663567,,sofia.rossi22@example.it,43273
9800067,FNTLSN56L18G823D,,41606,Strada Garibaldi 86,,0,0,41606,1956-07-18,M,S,Fontana,Alessandro,3328449877,,alessandro.fontana36@example.it,41606
9800068,FNTSFN78H20H620C,,41669,Via Marconi 78,,0,0,41669,1978-06-20,M,V,Fontana,Stefano,3563496890,,stefano.fontana27@example.it,41669
9800069,BRNVNT81R71H783I,,41098,Strada Garibaldi 165,,0,0,41098,1481-10-31,F,S,Bruno,Valentina,3735259001,,valentina.bruno73@example.it,41098
9800070,FRRMTT36D06E171M,,41159,Via Carducci 140,1,0,0,41159,1936-04-06,M,D,Ferrari,Matteo,3558989131,,matteo.ferrari90@example.it,41159
9800071,CSTGLI71B54L497W,,41221,Piazza Manzoni 25,,0,0,41221,1971-02-14,F,S,Costa,Giulia,3305742682,,giulia.costa90@example.it,41221
9800072,FNTGNN58T29F394L,,40518,Viale Europa 131,,0,0,40518,1958-12-29,M,S,Fontana,Giovanni,3836168112,,giovanni.fontana63@example.it,40518
9800073,GLLSFN81P05E689W,,40580,Corso Dante 11,,0,0,40580,1981-09-05,M,S,Gallo,Stefano,3579023975,,stefano.gallo40@example.it,40580
9800074,RSSCHR94M65A637O,,47621,Viale Garibaldi 63,,0,0,47621,1994-08-25,F,C,Rossi,Chiara,3584478370,,chiara.rossi23@example.it,47621
9800075,CNTNDR32E27G926N,,42757,Corso Kennedy 90,,0,0,42757,1932-05-27,M,S,Conti,Andrea,3695317285,,andrea.conti50@example.it,42757
9800076,RSSMTN81D43D568E,,42821,Strada Pascoli 144,,0,0,42821,1981-04-03,F,C,Rossi,Martina,3759300099,,martina.rossi35@example.it,42821
9800077,CSTLSN44H08E970O,,42951,Borgo Europa 75,1,1,0,42951,1944-06-08,M,N,Costa,Alessandro,3593056486,,alessandro.costa15@example.it,42951
9800078,RMNNCL91C04E465N,,42184,Via Cavour 165,,0,0,42184,1991-03-04,M,D,Romano,Nicolo,3872207743,,nicolo.romano47@example.it,42184
9800079,SPSLRA69R67M300T,,42185,Viale Mazzini 52,,0,0,42185,1969-10-27,F,S,Esposito,Laura,3416518269,,laura.esposito47@example.it,42185
9800080,BRNDVD10C17F826P,,42373,Piazza Cavour 146,,0,0,42373,2010-03-17,M,D,Bruno,Davide,3504213717,,davide.bruno2@example.it,42373
9800081,GLLGLI23L49L939K,,42439,Viale Garibaldi 58,,0,0,42439,2023-07-09,F,N,Gallo,Giulia,3983189412,,giulia.gallo76@example.it,42439
9800082,MRNLCU82E01C987E,,42503,Viale Dante 61,,0,0,42503,1982-05-01,M,V,Marino,Luca,3853308370,,luca.marino83@example.it,42503
9800083,GRCMTT83P24H361S,,42567,Via Mazzini 107,,0,0,42567,1983-09-24,M,V,Greco,Matteo,3351762107,,matteo.greco22@example.it,42567
9800084,RZZNNA07R52B582D,,41735,Strada Manzoni 71,1,0,0,41735,2007-10-12,F,C,Rizzo,Anna,3363310392,,anna.rizzo95@example.it,41735
9800085,CSTMRC96E26E184A,,41864,Corso Manzoni 140,,0,0,41864,1996-05-26,M,V,Costa,Marco,3446624075,,marco.costa1@example.it,41864
9800086,LMBFNC05L52B143L,,41928,Strada Cavour 19,,0,0,41928,2005-07-12,F,V,Lombardi,Francesca,3461215061,,francesca.lombardi12@example.it,41928
9800087,CSTDVD23C08D578B,,41286,Viale Verdi 141,,0,0,41286,1923-03-08,M,C,Costa,Davide,3656872380,,davide.costa42@example.it,41286
9800088,MRNSFN38E04G782Q,,41348,Via Manzoni 23,,1,0,41348,1938-05-04,M,D,Marino,Stefano,3578084184,,stefano.marino33@example.it,41348
9800089,FNTMTN34L49I003S,,41413,Strada Europa 47,,0,0,41413,1434-07-09,F,V,Fontana,Martina,3632472640,,martina.fontana33@example.it,41413
9800090,FRRLSN99D13A795T,,41414,Corso Pascoli 3,,0,0,41414,1999-04-13,M,C,Ferrari,Alessandro,3892395648,,alessandro.ferrari33@example.it,41414
9800091,MRTFNC84D63I221A,,41480,Strada Europa 150,1,0,0,41480,1984-04-23,F,D,Moretti,Francesca,3513263146,,francesca.moretti20@example.it,41480
9800092,RSSSFN16P27F172F,,38923,Via Cavour 142,,0,0,38923,2016-09-27,M,S,Rossi,Stefano,3837244637,,stefano.rossi52@example.it,38923
9800093,RSSMTT13P21F116L,,38924,Borgo Manzoni 68,,0,0,38924,2013-09-21,M,V,Rossi,Matteo,3526801724,,matteo.rossi41@example.it,38924
9800094,FRRMRT37M58B304I,,38980,Strada Garibaldi 33,,0,0,38980,1937-08-18,F,V,Ferrari,Marta,3507964366,,marta.ferrari9@example.it,38980
9800095,CNTNCL61B05F770A,,38981,Via Carducci 76,,0,0,38981,1961-02-05,M,S,Conti,Nicolo,3599797873,,nicolo.conti54@example.it,38981
9800096,MRNMRT33T59C735T,,39045,Borgo Carducci 8,,0,0,39045,1933-12-19,F,N,Marino,Marta,3375852845,,marta.marino62@example.it,39045
9800097,CNTGNN04C15F789X,,39239,Borgo Manzoni 26,,0,0,39239,2004-03-15,M,D,Conti,Giovanni,3926160457,,giovanni.conti31@example.it,39239
9800098,RSSPLA65E22E349Z,,38152,Strada Garibaldi 163,1,0,0,38152,1965-05-22,M,V,Rossi,Paolo,3506250185,,paolo.rossi13@example.it,38152
9800099,RMNLNE20R50G442M,,38216,Viale Verdi 21,,1,0,38216,2020-10-10,F,C,Romano,Elena,3854770691,,elena.romano82@example.it,38216
9800100,CNTGRL15M21F190O,,38217,Via Europa 48,,0,0,38217,2015-08-21,M,V,Conti,Gabriele,3742177542,,gabriele.conti47@example.it,38217
9800101,RSSSFO72L68C073S,,38275,Via Mazzini 121,,0,0,38275,1972-07-28,F,V,Rossi,Sofia,3879659542,,sofia.rossi92@example.it,38275
9800102,SPSLSN73A09C964D,,38342,Strada Pascoli 128,,0,0,38342,1973-01-09,M,D,Esposito,Alessandro,3247468166,,alessandro.esposito98@example.it,38342
9800103,LMBLSN57B21A161V,,38407,Strada Marconi 41,,0,0,38407,1957-02-21,M,D,Lombardi,Alessandro,3892774745,,alessandro.lombardi34@example.it,38407
9800104,CSTSFO65C70A540L,,37894,Piazza Mazzini 51,,0,0,37894,1965-03-30,F,V,Costa,Sofia,3603731520,,sofia.costa88@example.it,37894
9800105,MRTNCL32R03B678M,,37957,Via Roma 42,1,0,0,37957,1932-10-03,M,N,Moretti,Nicolo,3395005739,,nicolo.moretti35@example.it,37957
9800106,GRCNNA58A45E622L,,37446,Strada Marconi 173,,0,0,37446,1958-01-05,F,V,Greco,Anna,3406181149,,anna.greco98@example.it,37446
9800107,BRBLCU98P08I876J,,37061,Piazza Dante 98,,0,0,37061,1998-09-08,M,V,Barbieri,Luca,3619500965,,luca.barbieri29@example.it,37061
9800108,CNTLCU45S27E429B,,37128,Borgo Cavour 57,,0,0,37128,1945-11-27,M,S,Conti,Luca,3757686958,,luca.conti69@example.it,37128
9800109,FNTGLI56S58L723J,,36807,Piazza Cavour 178,,0,0,36807,1956-11-18,F,C,Fontana,Giulia,3404705297,,giulia.fontana83@example.it,36807
9800110,SPSDVD79H15G406Q,,36230,Piazza Manzoni 95,,1,0,36230,1979-06-15,M,D,Esposito,Davide,3872352228,,davide.esposito68@example.it,36230
9800111,CSTMRT67C52C919U,,36292,Corso Garibaldi 156,,0,0,36292,1967-03-12,F,C,Costa,Marta,3307027543,,marta.costa1@example.it,36292
9800112,SPSNCL92B20C650G,,43334,Corso Cavour 178,1,0,0,43334,1992-02-20,M,S,Esposito,Nicolo,3505322636,,nicolo.esposito37@example.it,43334
9800113,BRNSFN46C13L156C,,35717,Viale Kennedy 3,,0,0,35717,1946-03-13,M,D,Bruno,Stefano,3634190034,,stefano.bruno75@example.it,35717
9800114,RMNVNT99S62I063P,,35975,Viale Roma 50,,0,0,35975,1999-11-22,F,D,Romano,Valentina,3986260430,,valentina.romano22@example.it,35975
9800115,CNTNCL72C06C920V,,36037,Corso Carducci 26,,0,0,36037,1972-03-06,M,D,Conti,Nicolo,3239174376,,nicolo.conti85@example.it,36037
9800116,FRRSRA39A59H897Q,,35465,Via Kennedy 49,,0,0,35465,1939-01-19,F,S,Ferrari,Sara,3993030449,,sara.ferrari20@example.it,35465
9800117,CNTSMN92P23A443E,,34949,Piazza Pascoli 158,,0,0,34949,1992-09-23,M,N,Conti,Simone,3463021564,,simone.conti87@example.it,34949
9800118,FRRLCU33H15C714P,,57992,Viale Carducci 30,,0,0,57992,1933-06-15,M,S,Ferrari,Luca,3369510194,,luca.ferrari43@example.it,57992
9800119,MRNLRA26A44L414Y,,58246,Via Manzoni 60,1,0,0,58246,1926-01-04,F,V,Marino,Laura,3287539990,,laura.marino2@example.it,58246
9800120,GRCDVD99H14D415W,,58310,Via Europa 101,,0,0,58310,1999-06-14,M,D,Greco,Davide,3918302886,,davide.greco5@example.it,58310
9800121,FNTSRA98H49G673I,,58371,Viale Kennedy 123,,1,0,58371,1998-06-09,F,C,Fontana,Sara,3459705862,,sara.fontana1@example.it,58371
9800122,FNTGNN52R02M103H,,59209,Via Europa 79,,0,0,59209,1952-10-02,M,V,Fontana,Giovanni,3391026236,,giovanni.fontana10@example.it,59209
9800123,LMBSFN50P03G802E,,58629,Borgo Carducci 76,,0,0,58629,1350-09-03,M,V,Lombardi,Stefano,3863234664,,stefano.lombardi16@example.it,58629
9800124,GRCSFO65D63F515I,,35144,Strada Garibaldi 113,,0,0,35144,1965-04-23,F,S,Greco,Sofia,3985602052,,sofia.greco41@example.it,35144
9800125,CSTLSN99P20E592E,,39430,Strada Dante 118,,0,0,39430,1999-09-20,M,N,Costa,Alessandro,3859859756,,alessandro.costa39@example.it,39430
9800126,BNCFRC23S58B106B,,39493,Via Carducci 143,1,0,0,39493,2023-11-18,F,D,Bianchi,Federica,3473632621,,federica.bianchi37@example.it,39493
9800127,SPSNDR57L17L287D,,39625,Viale Pascoli 139,,0,0,39625,1957-07-17,M,C,Esposito,Andrea,3825687490,,andrea.esposito99@example.it,39625
9800128,FNTSMN56P10C713J,,29447,Strada Pascoli 62,,0,0,29447,1956-09-10,M,N,Fontana,Simone,3773007934,,simone.fontana20@example.it,29447
9800129,SPSFRC29T55A137P,,28999,Piazza Kennedy 159,,0,0,28999,1929-12-15,F,C,Esposito,Federica,3302262773,,federica.esposito62@example.it,28999
9800130,LMBPLA91T02B061Q,,29060,Strada Roma 112,,0,0,29060,1991-12-02,M,C,Lombardi,Paolo,3223228845,,paolo.lombardi58@example.it,29060
9800131,BRNCHR82M57G914F,,34244,Via Kennedy 145,,0,0,34244,1682-08-17,F,N,Bruno,Chiara,3815802438,,chiara.bruno3@example.it,34244
9800132,BNCLSN65D12H594E,,34437,Via Pascoli 134,,1,0,34437,1965-04-12,M,N,Bianchi,Alessandro,3855715679,,alessandro.bianchi92@example.it,34437
9800133,FNTGNN93P17G957C,,33672,Via Manzoni 123,1,0,0,33672,1193-09-17,M,S,Fontana,Giovanni,3276455138,,giovanni.fontana83@example.it,33672
9800134,GLLSFO73S42B433U,,33800,Corso Dante 28,,0,0,33800,1973-11-02,F,N,Gallo,Sofia,3863791104,,sofia.gallo64@example.it,33800
9800135,CNTSMN60P08E215Z,,33159,Viale Marconi 66,,0,0,33159,1960-09-08,M,S,Conti,Simone,3405172458,,simone.conti99@example.it,33159
9800136,MRTMRT57A56I259L,,33288,Via Verdi 83,,0,0,33288,1957-01-16,F,C,Moretti,Marta,3457609053,,marta.moretti46@example.it,33288
9800137,BRBNCL00E03L947N,,33289,Borgo Manzoni 156,,0,0,33289,2000-05-03,M,N,Barbieri,Nicolo,3543294411,,nicolo.barbieri26@example.it,33289
9800138,RSSMTT72S02I578P,,33349,Corso Roma 100,,0,0,33349,1972-11-02,M,C,Rossi,Matteo,3236712553,,matteo.rossi70@example.it,33349
9800139,CSTSFO03P49F130R,,33476,Via Cavour 169,,0,0,33476,2003-09-09,F,N,Costa,Sofia,3404604111,,sofia.costa9@example.it,33476
9800140,SPSPLA64A07I953R,,33542,Piazza Garibaldi 173,1,0,0,33542,1964-01-07,M,N,Esposito,Paolo,3342621229,,paolo.esposito54@example.it,33542
9800141,GRCLRA79T70A236E,,23815,Strada Kennedy 82,,0,0,23815,1979-12-30,F,S,Greco,Laura,3787557306,,laura.greco73@example.it,23815
9800142,CNTPLA59E17G461K,,23816,Piazza Roma 134,,0,0,23816,1959-05-17,M,S,Conti,Paolo,3218582321,,paolo.conti18@example.it,23816
9800143,SPSSFN85C09D897R,,32969,Piazza Mazzini 139,,1,0,32969,1985-03-09,M,S,Esposito,Stefano,3743894124,,stefano.esposito48@example.it,32969
9800144,GLLCHR17P55A703V,,33032,Via Carducci 147,,0,0,33032,2017-09-15,F,V,Gallo,Chiara,3589664265,,chiara.gallo56@example.it,33032
9800145,SPSGRL63E22L892V,,33093,Piazza Carducci 81,,0,0,33093,1963-05-22,M,D,Esposito,Gabriele,3958489707,,gabriele.esposito54@example.it,33093
9800146,MRTSRA56P44E893Y,,32326,Borgo Garibaldi 103,,0,0,32326,1956-09-04,F,V,Moretti,Sara,3773250578,,sara.moretti57@example.it,32326
9800147,LMBPLA57D23L736Y,,32327,Piazza Roma 24,1,0,0,32327,1957-04-23,M,V,Lombardi,Paolo,3588232270,,paolo.lombardi45@example.it,32327
9800148,BRBSFN68L10L270I,,32328,Viale Mazzini 36,,0,0,32328,1968-07-10,M,S,Barbieri,Stefano,3842519514,,stefano.barbieri50@example.it,32328
9800149,FNTSRA86R64C950A,,32390,Strada Garibaldi 50,,0,0,32390,1986-10-24,F,C,Fontana,Sara,3771512516,,sara.fontana71@example.it,32390
9800150,BNCLSN00D21D496Z,,24074,Via Europa 33,,0,0,24074,1700-04-21,M,S,Bianchi,Alessandro,3807525715,,alessandro.bianchi10@example.it,24074
9800151,FNTFNC49L49C057H,,32450,Corso Roma 4,,0,0,32450,1949-07-09,F,N,Fontana,Francesca,3961341320,,francesca.fontana3@example.it,32450
9800152,BNCLSN68L10G323T,,32451,Viale Carducci 42,,0,0,32451,1968-07-10,M,S,Bianchi,Alessandro,3496896496,,alessandro.bianchi10@example.it,32451
9800153,BRBGRL70R09D419B,,23369,Corso Garibaldi 48,,0,0,23369,1970-10-09,M,S,Barbieri,Gabriele,3622893754,,gabriele.barbieri17@example.it,23369
9800154,BRNGLI31M45H220E,,23370,Piazza Manzoni 60,1,1,0,23370,1931-08-05,F,C,Bruno,Giulia,3971030520,,giulia.bruno93@example.it,23370
9800155,CNTNCL46T06H916M,,32518,Viale Mazzini 58,,0,0,32518,1946-12-06,M,D,Conti,Nicolo,3628569941,,nicolo.conti17@example.it,32518
9800156,BNCLRA11D65A435T,,32519,Viale Europa 122,,0,0,32519,2011-04-25,F,S,Bianchi,Laura,3654537232,,laura.bianchi51@example.it,32519
9800157,FNTMTT93A09E092U,,23429,Corso Roma 24,,0,0,23429,1993-01-09,M,D,Fontana,Matteo,3872046247,,matteo.fontana48@example.it,23429
9800158,BRBNDR90M30H843N,,32584,Corso Carducci 49,,0,0,32584,1990-08-30,M,S,Barbieri,Andrea,3274828972,,andrea.barbieri36@example.it,32584
9800159,GLLMTN03E59F529Z,,23495,Piazza Verdi 86,,0,0,23495,2003-05-19,F,C,Gallo,Martina,3645688537,,martina.gallo51@example.it,23495
9800160,FNTSMN54L18A459G,,32708,Strada Marconi 52,,0,0,32708,1954-07-18,M,V,Fontana,Simone,3481767539,,simone.fontana7@example.it,32708
9800161,CNTLRA20M63G688N,,32709,Strada Marconi 143,1,0,0,32709,2020-08-23,F,V,Conti,Laura,3955900778,,laura.conti76@example.it,32709
9800162,RZZNCL47H15B848R,,23554,Borgo Pascoli 111,,0,0,23554,1947-06-15,M,V,Rizzo,Nicolo,3349783068,,nicolo.rizzo44@example.it,23554
9800163,CNTSMN48P16E761L,,23555,Strada Europa 30,,0,0,23555,1948-09-16,M,C,Conti,Simone,3809379814,,simone.conti80@example.it,23555
9800164,BRBMRT38T58A093H,,31942,Strada Pascoli 30,,0,0,31942,1938-12-18,F,V,Barbieri,Marta,3881403071,,marta.barbieri32@example.it,31942
9800165,LMBLSN41P20I938I,,32005,Via Europa 57,,1,0,32005,1941-09-20,M,C,Lombardi,Alessandro,3406018458,,alessandro.lombardi70@example.it,32005
9800166,CNTLRA67M54M145G,,28676,Strada Roma 147,,0,0,28676,1967-08-14,F,D,Conti,Laura,3827674405,,laura.conti98@example.it,28676
9800167,LMBPLA06T19E145V,,30537,Strada Pascoli 168,,0,0,30537,2006-12-19,M,D,Lombardi,Paolo,3248090357,,paolo.lombardi85@example.it,30537
9800168,SPSSMN23B06A714J,,30597,Via Dante 135,1,0,0,30597,1923-02-06,M,C,Esposito,Simone,3412421227,,simone.esposito28@example.it,30597
9800169,RSSCHR48T66E512X,,30025,Viale Pascoli 170,,0,0,30025,1948-12-26,F,V,Rossi,Chiara,3341639518,,chiara.rossi31@example.it,30025
9800170,RZZPLA41D16B152O,,30086,Strada Garibaldi 179,,0,0,30086,1941-04-16,M,V,Rizzo,Paolo,3531676467,,paolo.rizzo47@example.it,30086
9800171,BRBMRT60R60F443M,,30087,Viale Roma 4,,0,0,30087,1960-10-20,F,N,Barbieri,Marta,3733495034,,marta.barbieri30@example.it,30087
9800172,MRTLSN70D24C580H,,30147,Borgo Marconi 97,,0,0,30147,1970-04-24,M,N,Moretti,Alessandro,3254784700,,alessandro.moretti11@example.it,30147
9800173,RZZNDR57P06D679F,,30216,Via Cavour 7,,0,0,30216,1957-09-06,M,V,Rizzo,Andrea,3815154987,,andrea.rizzo50@example.it,30216
9800174,RSSLRA02R65A458K,,30281,Strada Verdi 173,,0,0,30281,2002-10-25,F,C,Rossi,Laura,3697089672,,laura.rossi3@example.it,30281
9800175,BRNNCL73A24F013J,,31304,Strada Garibaldi 174,1,0,0,31304,1973-01-24,M,C,Bruno,Nicolo,3822523726,,nicolo.bruno33@example.it,31304
9800176,GLLFRC84M47B531K,,31365,Piazza Mazzini 119,,1,0,31365,1984-08-07,F,C,Gallo,Federica,3787027028,,federica.gallo68@example.it,31365
9800177,FRRDVD40C03G933O,,31498,Borgo Europa 177,,0,0,31498,1940-03-03,M,N,Ferrari,Davide,3245239650,,davide.ferrari27@example.it,31498
9800178,CNTMRC22D21I826G,,30730,Via Kennedy 112,,0,0,30730,2022-04-21,M,S,Conti,Marco,3317706355,,marco.conti56@example.it,30730
9800179,MRNFNC42M53L402W,,30794,Corso Garibaldi 34,,0,0,30794,1942-08-13,F,C,Marino,Francesca,3959211964,,francesca.marino69@example.it,30794
9800180,BRNSFN30L07F872D,,30407,Borgo Europa 8,,0,0,30407,1930-07-07,M,V,Bruno,Stefano,3434874166,,stefano.bruno29@example.it,30407
9800181,CNTFNC63P42A964Z,,29766,Strada Pascoli 39,,0,0,29766,1963-09-02,F,C,Conti,Francesca,3434962995,,francesca.conti1@example.it,29766
9800182,SPSMTT81P20H714U,,58122,Corso Dante 140,1,0,0,58122,1981-09-20,M,N,Esposito,Matteo,3278710564,,matteo.esposito86@example.it,58122
9800183,LMBLCU01P26D957S,,58183,Corso Pascoli 45,,0,0,58183,2001-09-26,M,C,Lombardi,Luca,3628188707,,luca.lombardi74@example.it,58183
9800184,GRCCHR63D49H944B,,58437,Viale Kennedy 119,,0,0,58437,1963-04-09,F,V,Greco,Chiara,3402049550,,chiara.greco54@example.it,58437
9800185,FRRSFN77A27C461I,,33607,Borgo Mazzini 26,,0,0,33607,1977-01-27,M,C,Ferrari,Stefano,3746396560,,stefano.ferrari5@example.it,33607
9800186,CNTCHR92D65L890N,,29255,Via Verdi 106,,0,0,29255,1992-04-25,F,N,Conti,Chiara,3556479547,,chiara.conti36@example.it,29255
9800187,BRBSMN52H01F957F,,27335,Viale Pascoli 93,,1,0,27335,1952-06-01,M,V,Barbieri,Simone,3508219710,,simone.barbieri56@example.it,27335
9800188,MRTPLA39S20I783O,,26820,Strada Verdi 155,,0,0,26820,1939-11-20,M,S,Moretti,Paolo,3708189885,,paolo.moretti8@example.it,26820
9800189,CSTCHR55A59B375M,,26821,Corso Dante 40,1,0,0,26821,1955-01-19,F,C,Costa,Chiara,3315941111,,chiara.costa50@example.it,26821
9800190,GLLNCL90P14F465Y,,26249,Strada Cavour 29,,0,0,26249,1990-09-14,M,S,Gallo,Nicolo,3883698572,,nicolo.gallo57@example.it,26249
9800191,CNTVNT62L70D505I,,31238,Corso Cavour 34,,0,0,31238,1962-07-30,F,N,Conti,Valentina,3433024715,,valentina.conti2@example.it,31238
9800192,FRRGRL95D12G836P,,24324,Viale Carducci 46,,0,0,24324,1995-04-12,M,D,Ferrari,Gabriele,3324493499,,gabriele.ferrari63@example.it,24324
9800193,RMNPLA14D09H712I,,24391,Corso Mazzini 80,,0,0,24391,2014-04-09,M,V,Romano,Paolo,3735536678,,paolo.romano64@example.it,24391
9800194,GRCSFO93R48L900R,,24392,Via Cavour 84,,0,0,24392,1993-10-08,F,S,Greco,Sofia,3553209017,,sofia.greco83@example.it,24392
9800195,SPSMRC80C08B069R,,24393,Strada Mazzini 138,,0,0,24393,1980-03-08,M,C,Esposito,Marco,3975493393,,marco.esposito59@example.it,24393
9800196,RZZVNT93C69I382S,,24457,Corso Pascoli 138,1,0,0,24457,1993-03-29,F,S,Rizzo,Valentina,3819000281,,valentina.rizzo24@example.it,24457
9800197,MRTGRL57L15L967S,,25415,Viale Manzoni 159,,0,0,25415,1957-07-15,M,N,Moretti,Gabriele,3552240171,,gabriele.moretti62@example.it,25415
9800198,FNTLSN58A07G850A,,24581,Viale Kennedy 38,,1,0,24581,1958-01-07,M,S,Fontana,Alessandro,3663330393,,alessandro.fontana42@example.it,24581
9800199,CSTSRA92R70H689R,,24645,Piazza Garibaldi 166,,0,0,24645,1992-10-30,F,S,Costa,Sara,3626405099,,sara.costa30@example.it,24645
9800200,GRCLSN97T21C122T,,24711,Piazza Dante 77,,0,0,24711,1997-12-21,M,C,Greco,Alessandro,3867146150,,alessandro.greco58@example.it,24711
9800201,RZZGLI56L49E226Z,,24839,Via Europa 154,,0,0,24839,1456-07-09,F,D,Rizzo,Giulia,3768600518,,giulia.rizzo45@example.it,24839
9800202,LMBLCU95M01B161R,,24904,Corso Cavour 61,,0,0,24904,1995-08-01,M,N,Lombardi,Luca,3286171873,,luca.lombardi54@example.it,24904
9800203,BRNLSN33T30E284C,,24135,Via Manzoni 138,1,0,0,24135,1933-12-30,M,S,Bruno,Alessandro,3606324340,,alessandro.bruno22@example.it,24135
9800204,MRNVNT14A43I551H,,26439,Corso Manzoni 12,,0,0,26439,2014-01-03,F,C,Marino,Valentina,3228471222,,valentina.marino31@example.it,26439
9800205,MRNSMN99M01H655J,,26567,Via Europa 71,,0,0,26567,1999-08-01,M,D,Marino,Simone,3309037541,,simone.marino70@example.it,26567
9800206,GRCFNC13M54E522L,,26568,Borgo Manzoni 139,,0,0,26568,2013-08-14,F,C,Greco,Francesca,3892858961,,francesca.greco20@example.it,26568
9800207,FNTLSN05R09I425D,,26629,Piazza Carducci 159,,0,0,26629,2005-10-09,M,D,Fontana,Alessandro,3624402516,,alessandro.fontana19@example.it,26629
9800208,RMNLSN88A25F810K,,25864,Viale Cavour 140,,0,0,25864,1988-01-25,M,N,Romano,Alessandro,3949099210,,alessandro.romano16@example.it,25864
9800209,RSSSRA80B61A083V,,26053,Corso Verdi 16,,1,0,26053,1980-02-21,F,N,Rossi,Sara,3662179107,,sara.rossi27@example.it,26053
9800210,FRRSFN81E16D105V,,25479,Via Verdi 123,1,0,0,25479,1981-05-16,M,V,Ferrari,Stefano,3405655443,,stefano.ferrari94@example.it,25479
9800211,CSTSRA62H57H512F,,25542,Piazza Verdi 69,,0,0,25542,1962-06-17,F,N,Costa,Sara,3582547884,,sara.costa3@example.it,25542
9800212,MRNNCL54M22G981M,,25669,Piazza Cavour 33,,0,0,25669,1954-08-22,M,V,Marino,Nicolo,3677161069,,nicolo.marino92@example.it,25669
9800213,BRNNCL80H09D577V,,25798,Borgo Carducci 173,,0,0,25798,1980-06-09,M,C,Bruno,Nicolo,3536281670,,nicolo.bruno27@example.it,25798
9800214,LMBMRT07E51E671B,,25161,Strada Roma 163,,0,0,25161,2007-05-11,F,V,Lombardi,Marta,3576076265,,marta.lombardi23@example.it,25161
9800215,GRCLSN89R10B441E,,25223,Piazza Kennedy 144,,0,0,25223,1989-10-10,M,V,Greco,Alessandro,3209580337,,alessandro.greco19@example.it,25223
9800216,RZZGLI42H51F904R,,25350,Borgo Mazzini 65,,0,0,25350,1942-06-11,F,D,Rizzo,Giulia,3588739719,,giulia.rizzo24@example.it,25350
9800217,FRRMTT76C27C422Q,,32073,Viale Cavour 47,1,0,0,32073,1976-03-27,M,V,Ferrari,Matteo,3322291647,,matteo.ferrari90@example.it,32073
9800218,BNCLSN87D10H610U,,32202,Corso Carducci 140,,0,0,32202,1987-04-10,M,C,Bianchi,Alessandro,3404311351,,alessandro.bianchi23@example.it,32202
9800219,SPSGLI23H49D818P,,32262,Borgo Garibaldi 60,,0,0,32262,1923-06-09,F,D,Esposito,Giulia,3494105571,,giulia.esposito54@example.it,32262
9800220,BNCPLA73D10H280L,,32263,Strada Europa 28,,1,0,32263,1973-04-10,M,S,Bianchi,Paolo,3216128696,,paolo.bianchi98@example.it,32263
9800221,FRRSRA22P59D794P,,31558,Via Roma 57,,0,0,31558,2022-09-19,F,N,Ferrari,Sara,3581201403,,sara.ferrari39@example.it,31558
9800222,BRBMRC69E26F148I,,31622,Strada Kennedy 22,,0,0,31622,1969-05-26,M,C,Barbieri,Marco,3702038849,,marco.barbieri43@example.it,31622
9800223,CNTNCL68T16L869A,,31813,Borgo Mazzini 155,,0,0,31813,1968-12-16,M,D,Conti,Nicolo,3256785082,,nicolo.conti98@example.it,31813
9800224,RMNFRC32H55G080O,,31113,Borgo Pascoli 75,1,0,0,31113,1932-06-15,F,V,Romano,Federica,3435296016,,federica.romano96@example.it,31113
9800225,BRBGRL67R07C412T,,31173,Via Manzoni 96,,0,0,31173,1967-10-07,M,C,Barbieri,Gabriele,3216840186,,gabriele.barbieri82@example.it,31173
9800226,MRTNNA95B50F009Z,,58245,Viale Verdi 16,,0,0,58245,1995-02-10,F,V,Moretti,Anna,3237869583,,anna.moretti97@example.it,58245
9800227,FNTGRL74R30L949R,,57736,Borgo Garibaldi 30,,0,0,57736,1074-10-30,M,S,Fontana,Gabriele,3881788748,,gabriele.fontana40@example.it,57736
9800228,CSTMTT43M24A220O,,57862,Strada Roma 152,,0,0,57862,1943-08-24,M,V,Costa,Matteo,3825888063,,matteo.costa16@example.it,57862
9800229,CSTLNE27S70D717B,,1668,Viale Roma 88,,0,0,1668,1927-11-30,F,N,Costa,Elena,3346448161,,elena.costa74@example.it,1668
9800230,RZZPLA09M13C458X,,1222,Borgo Pascoli 153,,0,0,1222,2009-08-13,M,D,Rizzo,Paolo,3487401203,,paolo.rizzo15@example.it,1222
9800231,MRNFRC58B57A757O,,900,Strada Mazzini 93,1,1,0,900,1958-02-17,F,D,Marino,Federica,3232167779,,federica.marino96@example.it,900
9800232,BRNMRC10P06G095T,,53254,Piazza Cavour 92,,0,0,53254,2010-09-06,M,C,Bruno,Marco,3994721070,,marco.bruno22@example.it,53254
9800233,CSTLSN22S10G645S,,31174,Viale Verdi 154,,0,0,31174,1922-11-10,M,D,Costa,Alessandro,3857987175,,alessandro.costa38@example.it,31174
9800234,FRRFNC37R68M178L,,23690,Piazza Dante 24,,0,0,23690,1937-10-28,F,D,Ferrari,Francesca,3994559871,,francesca.ferrari73@example.it,23690
9800235,MRTNCL19S03G489Q,,22985,Piazza Carducci 171,,0,0,22985,2019-11-03,M,S,Moretti,Nicolo,3757220495,,nicolo.moretti41@example.it,22985
9800236,BNCFNC69B64M118E,,22986,Piazza Dante 54,,0,0,22986,1069-02-24,F,N,Bianchi,Francesca,3702720162,,francesca.bianchi29@example.it,22986
9800237,RZZDVD86R05C897F,,23045,Corso Kennedy 94,,0,0,23045,1986-10-05,M,C,Rizzo,Davide,3217531069,,davide.rizzo59@example.it,23045
9800238,RSSSMN41M19I418O,,23108,Via Marconi 95,1,0,0,23108,1941-08-19,M,C,Rossi,Simone,3262918727,,simone.rossi69@example.it,23108
9800239,CSTLRA02P63B554V,,23177,Piazza Cavour 128,,0,0,23177,2002-09-23,F,C,Costa,Laura,3542245858,,laura.costa62@example.it,23177
9800240,FNTLSN79E13H522W,,23304,Strada Marconi 150,,0,0,23304,1979-05-13,M,S,Fontana,Alessandro,3539810951,,alessandro.fontana71@example.it,23304
9800241,GLLLNE02C63L364H,,22603,Corso Manzoni 154,,0,0,22603,2002-03-23,F,S,Gallo,Elena,3748167984,,elena.gallo77@example.it,22603
9800242,CSTNDR59R30I592R,,28165,Corso Mazzini 115,,1,0,28165,1959-10-30,M,N,Costa,Andrea,3954237649,,andrea.costa28@example.it,28165
9800243,RSSMRC87L25B574B,,28229,Piazza Dante 79,,0,0,28229,1987-07-25,M,C,Rossi,Marco,3818532225,,marco.rossi80@example.it,28229
9800244,BRBLNE44R71L297X,,27587,Borgo Marconi 54,,0,0,27587,1944-10-31,F,N,Barbieri,Elena,3365858074,,elena.barbieri20@example.it,27587
9800245,BNCPLA46P01L554F,,27910,Strada Garibaldi 54,1,0,0,27910,1946-09-01,M,S,Bianchi,Paolo,3718881437,,paolo.bianchi46@example.it,27910
9800246,RZZGLI57E59D470W,,27911,Corso Marconi 124,,0,0,27911,1957-05-19,F,N,Rizzo,Giulia,3368166929,,giulia.rizzo52@example.it,27911
9800247,RZZLCU72R01D379U,,27078,Corso Mazzini 112,,0,0,27078,1972-10-01,M,D,Rizzo,Luca,3969862973,,luca.rizzo9@example.it,27078
9800248,GLLLSN85L09H327P,,27079,Borgo Dante 67,,0,0,27079,1985-07-09,M,V,Gallo,Alessandro,3489814576,,alessandro.gallo2@example.it,27079
9800249,RZZSRA99T49C630T,,27139,Via Kennedy 94,,0,0,27139,1999-12-09,F,D,Rizzo,Sara,3967226112,,sara.rizzo84@example.it,27139
9800250,SPSPLA82R21G560B,,19206,Strada Garibaldi 40,,0,0,19206,1982-10-21,M,S,Esposito,Paolo,3935554909,,paolo.esposito3@example.it,19206
9800251,CSTCHR67R46I392O,,19269,Viale Marconi 180,,0,0,19269,1967-10-06,F,N,Costa,Chiara,3418058828,,chiara.costa4@example.it,19269
9800252,CNTGNN01D01L157T,,18692,Corso Dante 65,1,0,0,18692,2001-04-01,M,S,Conti,Giovanni,3328840688,,giovanni.conti5@example.it,18692
9800253,BRNPLA65A30F662B,,18120,Piazza Kennedy 107,,1,0,18120,1965-01-30,M,V,Bruno,Paolo,3768955463,,paolo.bruno97@example.it,18120
9800254,GLLVNT37P61D107J,,18182,Strada Europa 167,,0,0,18182,1937-09-21,F,D,Gallo,Valentina,3622974422,,valentina.gallo65@example.it,18182
9800255,BRBNCL60R25B662I,,18183,Piazza Roma 47,,0,0,18183,1960-10-25,M,N,Barbieri,Nicolo,3291317531,,nicolo.barbieri64@example.it,18183
9800256,BRNFNC58C59L026O,,16518,Strada Garibaldi 168,,0,0,16518,1958-03-19,F,D,Bruno,Francesca,3234604900,,francesca.bruno13@example.it,16518
9800257,LMBMTT69E08C500P,,16583,Viale Carducci 37,,0,0,16583,1969-05-08,M,V,Lombardi,Matteo,3543181649,,matteo.lombardi8@example.it,16583
9800258,RZZPLA91C02F829L,,18441,Via Mazzini 37,,0,0,18441,1991-03-02,M,C,Rizzo,Paolo,3373762770,,paolo.rizzo10@example.it,18441
9800259,LMBNNA93L67I008Y,,18442,Via Verdi 128,1,0,0,18442,1993-07-27,F,N,Lombardi,Anna,3435321413,,anna.lombardi65@example.it,18442
9800260,SPSSFN02R08I117Y,,17735,Viale Garibaldi 177,,0,0,17735,2002-10-08,M,D,Esposito,Stefano,3351097340,,stefano.esposito81@example.it,17735
9800261,FNTMRT69S51A501I,,17924,Viale Roma 21,,0,0,17924,1969-11-11,F,S,Fontana,Marta,3559378958,,marta.fontana89@example.it,17924
9800262,GLLDVD90H25A650S,,20869,Via Cavour 165,,0,0,20869,1990-06-25,M,S,Gallo,Davide,3339278962,,davide.gallo53@example.it,20869
9800263,CSTMRC34L23M170R,,20104,Viale Europa 46,,0,0,20104,1934-07-23,M,D,Costa,Marco,3433398149,,marco.costa60@example.it,20104
9800264,FRRNNA31T69E490D,,20105,Corso Kennedy 155,,1,0,20105,1931-12-29,F,S,Ferrari,Anna,3961975330,,anna.ferrari79@example.it,20105
9800265,MRTDVD06D17A237T,,20163,Corso Roma 30,,0,0,20163,2006-04-17,M,V,Moretti,Davide,3249772992,,davide.moretti38@example.it,20163
9800266,MRNSFO02H62L584X,,20358,Strada Marconi 180,1,0,0,20358,2002-06-22,F,D,Marino,Sofia,3559962066,,sofia.marino22@example.it,20358
9800267,RMNLSN88T21L840L,,19783,Viale Kennedy 97,,0,0,19783,1988-12-21,M,C,Romano,Alessandro,3388662628,,alessandro.romano62@example.it,19783
9800268,BNCGRL99E05I040L,,17542,Strada Cavour 43,,0,0,17542,1999-05-05,M,V,Bianchi,Gabriele,3685976046,,gabriele.bianchi34@example.it,17542
9800269,FNTVNT39M69L706G,,22665,Borgo Manzoni 135,,0,0,22665,1539-08-29,F,V,Fontana,Valentina,3509839790,,valentina.fontana17@example.it,22665
9800270,RMNDVD12A30F033D,,22728,Piazza Garibaldi 24,,0,0,22728,2012-01-30,M,C,Romano,Davide,3919890270,,davide.romano54@example.it,22728
9800271,BRNCHR24H44L781O,,22920,Piazza Manzoni 10,,0,0,22920,1924-06-04,F,V,Bruno,Chiara,3464115084,,chiara.bruno65@example.it,22920
9800272,MRTNDR43M09C078G,,22278,Piazza Garibaldi 14,,0,0,22278,1943-08-09,M,V,Moretti,Andrea,3393223449,,andrea.moretti25@example.it,22278
9800273,BRBGRL88R30I866X,,54085,Piazza Marconi 64,1,0,0,54085,1988-10-30,M,D,Barbieri,Gabriele,3408978590,,gabriele.barbieri35@example.it,54085
9800274,FNTFNC56L63D030R,,22340,Corso Cavour 2,,0,0,22340,1956-07-23,F,D,Fontana,Francesca,3487867673,,francesca.fontana91@example.it,22340
9800275,SPSSMN00C05E684W,,22408,Corso Europa 66,,1,0,22408,1600-03-05,M,V,Esposito,Simone,3445317609,,simone.esposito47@example.it,22408
9800276,BRNSRA06S44B213M,,22468,Piazza Europa 104,,0,0,22468,2006-11-04,F,N,Bruno,Sara,3798629428,,sara.bruno33@example.it,22468
9800277,BNCMRC89B28I594C,,21834,Strada Europa 91,,0,0,21834,1989-02-28,M,C,Bianchi,Marco,3641809303,,marco.bianchi2@example.it,21834
9800278,CNTSFN52E09F218V,,21899,Viale Garibaldi 91,,0,0,21899,1952-05-09,M,S,Conti,Stefano,3941643272,,stefano.conti22@example.it,21899
9800279,SPSSRA99L42I927L,,21900,Viale Carducci 150,,0,0,21900,1999-07-02,F,V,Esposito,Sara,3696823110,,sara.esposito97@example.it,21900
9800280,RZZMRC57R19B402B,,21958,Via Pascoli 47,1,0,0,21958,1957-10-19,M,D,Rizzo,Marco,3673863443,,marco.rizzo76@example.it,21958
9800281,GRCLRA69P61C815L,,22021,Viale Europa 98,,0,0,22021,1969-09-21,F,C,Greco,Laura,3604808081,,laura.greco42@example.it,22021
9800282,MRTLSN26H13D040Z,,21318,Piazza Dante 140,,0,0,21318,1926-06-13,M,V,Moretti,Alessandro,3395238664,,alessandro.moretti92@example.it,21318
9800283,MRTMRC83L03A296V,,21383,Via Marconi 12,,0,0,21383,1983-07-03,M,S,Moretti,Marco,3774096018,,marco.moretti37@example.it,21383
9800284,GLLVNT67P42B744J,,20933,Via Cavour 78,,0,0,20933,1967-09-02,F,D,Gallo,Valentina,3228166904,,valentina.gallo57@example.it,20933
9800285,RMNGNN44P08E358O,,21128,Corso Roma 23,,0,0,21128,1944-09-08,M,C,Romano,Giovanni,3453715705,,giovanni.romano55@example.it,21128
9800286,GLLLNE92E50M189V,,21129,Corso Kennedy 48,,1,0,21129,1992-05-10,F,V,Gallo,Elena,3206498351,,elena.gallo32@example.it,21129
9800287,BRNLSN37H20B070D,,21193,Via Carducci 73,1,0,0,21193,1937-06-20,M,N,Bruno,Alessandro,3388000758,,alessandro.bruno93@example.it,21193
9800288,CSTGRL78L13F269N,,21195,Via Pascoli 81,,0,0,21195,1978-07-13,M,S,Costa,Gabriele,3852547154,,gabriele.costa61@example.it,21195
9800289,MRNMTN07H61C111U,,21253,Piazza Verdi 145,,0,0,21253,2007-06-21,F,V,Marino,Martina,3352924732,,martina.marino40@example.it,21253
9800290,FRRGRL83S18G963T,,17670,Corso Manzoni 159,,0,0,17670,1983-11-18,M,N,Ferrari,Gabriele,3887554221,,gabriele.ferrari46@example.it,17670
9800291,RZZMRT91C58D942A,,17671,Piazza Europa 48,,0,0,17671,1991-03-18,F,N,Rizzo,Marta,3206992697,,marta.rizzo67@example.it,17671
9800292,BRNGRL12H15E864N,,17033,Viale Kennedy 8,,0,0,17033,2012-06-15,M,V,Bruno,Gabriele,3548866025,,gabriele.bruno54@example.it,17033
9800293,BRBGRL63H16B835T,,17093,Corso Roma 102,,0,0,17093,1963-06-16,M,S,Barbieri,Gabriele,3358744455,,gabriele.barbieri63@example.it,17093
9800294,FNTMRT79A70F229T,,16452,Piazza Europa 50,1,0,0,16452,1979-01-30,F,V,Fontana,Marta,3445873654,,marta.fontana89@example.it,16452
9800295,RZZNDR55A18L710I,,24197,Corso Manzoni 20,,0,0,24197,1955-01-18,M,V,Rizzo,Andrea,3968457313,,andrea.rizzo4@example.it,24197
9800296,CNTNNA32D60D740G,,24263,Via Europa 170,,0,0,24263,1932-04-20,F,N,Conti,Anna,3895561291,,anna.conti9@example.it,24263
9800297,FNTLSN26P24I673R,,20038,Via Europa 97,,1,0,20038,1926-09-24,M,D,Fontana,Alessandro,3466022810,,alessandro.fontana97@example.it,20038
9800298,MRTPLA79E27I088H,,18951,Viale Kennedy 82,,0,0,18951,1979-05-27,M,C,Moretti,Paolo,3862035428,,paolo.moretti66@example.it,18951
9800299,LMBFNC81B61A266X,,19013,Piazza Garibaldi 58,,0,0,19013,1981-02-21,F,V,Lombardi,Francesca,3756557570,,francesca.lombardi76@example.it,19013
9800300,CSTSMN28M11H134D,,16647,Viale Mazzini 147,,0,0,16647,1928-08-11,M,V,Costa,Simone,3769532360,,simone.costa25@example.it,16647
9800301,RMNNNA01P55L985O,,16838,Strada Verdi 106,1,0,0,16838,2001-09-15,F,S,Romano,Anna,3637718718,,anna.romano86@example.it,16838
9800302,RMNPLA77L29A954K,,16007,Viale Europa 175,,0,0,16007,1977-07-29,M,V,Romano,Paolo,3831502958,,paolo.romano85@example.it,16007
9800303,FNTSFN93M01C388B,,16135,Corso Marconi 178,,0,0,16135,1993-08-01,M,S,Fontana,Stefano,3411991553,,stefano.fontana21@example.it,16135
9800304,FRRLRA53P52I292T,,16264,Corso Mazzini 1,,0,0,16264,1953-09-12,F,N,Ferrari,Laura,3536095951,,laura.ferrari98@example.it,16264
9800305,SPSNDR08D19L979D,,16265,Via Verdi 171,,0,0,16265,2008-04-19,M,S,Esposito,Andrea,3583203259,,andrea.esposito70@example.it,16265
9800306,SPSGLI57R60C614E,,13125,Borgo Kennedy 110,,0,0,13125,1957-10-20,F,V,Esposito,Giulia,3524470939,,giulia.esposito28@example.it,13125
9800307,CNTMRC38D27D879K,,13191,Piazza Cavour 57,,0,0,13191,1938-04-27,M,S,Conti,Marco,3788101480,,marco.conti8@example.it,13191
9800308,MRTNDR83H30A568Q,,13257,Piazza Cavour 69,1,1,0,13257,1983-06-30,M,S,Moretti,Andrea,3254284718,,andrea.moretti7@example.it,13257
9800309,MRNFNC63S42F999Z,,13384,Viale Garibaldi 111,,0,0,13384,1963-11-02,F,S,Marino,Francesca,3385661776,,francesca.marino44@example.it,13384
9800310,LMBMTT64D19C848N,,13445,Via Roma 67,,0,0,13445,1964-04-19,M,S,Lombardi,Matteo,3344000810,,matteo.lombardi5@example.it,13445
9800311,LMBLNE64A54E146C,,13511,Corso Dante 144,,0,0,13511,1964-01-14,F,C,Lombardi,Elena,3273766423,,elena.lombardi32@example.it,13511
9800312,RMNSMN77E07I103H,,15560,Via Pascoli 136,,0,0,15560,1977-05-07,M,S,Romano,Simone,3332303277,,simone.romano87@example.it,15560
9800313,BRNNCL58H30A465H,,15685,Borgo Dante 81,,0,0,15685,1958-06-30,M,S,Bruno,Nicolo,3849212533,,nicolo.bruno72@example.it,15685
9800314,RMNVNT85E57G693N,,15686,Strada Marconi 63,,0,0,15686,1985-05-17,F,D,Romano,Valentina,3563368660,,valentina.romano82@example.it,15686
9800315,CNTMTT24M03H608V,,15179,Viale Marconi 117,1,0,0,15179,1924-08-03,M,V,Conti,Matteo,3487116563,,matteo.conti44@example.it,15179
9800316,LMBMRT84M66D915D,,15237,Viale Kennedy 46,,0,0,15237,1984-08-26,F,D,Lombardi,Marta,3744502526,,marta.lombardi89@example.it,15237
9800317,BRBNDR23A21H523V,,15238,Borgo Dante 1,,0,0,15238,1923-01-21,M,C,Barbieri,Andrea,3259509982,,andrea.barbieri90@example.it,15238
9800318,MRTGNN64L17E940K,,15302,Corso Pascoli 154,,0,0,15302,1964-07-17,M,C,Moretti,Giovanni,3209428672,,giovanni.moretti4@example.it,15302
9800319,FNTSFO80R55L899U,,15303,Viale Verdi 110,,1,0,15303,1980-10-15,F,V,Fontana,Sofia,3894075491,,sofia.fontana66@example.it,15303
9800320,SPSSFN88R22L349X,,15304,Piazza Dante 79,,0,0,15304,1988-10-22,M,S,Esposito,Stefano,3895140612,,stefano.esposito53@example.it,15304
9800321,LMBFRC79T48D325A,,15366,Strada Kennedy 153,,0,0,15366,1979-12-08,F,D,Lombardi,Federica,3244497318,,federica.lombardi69@example.it,15366
9800322,LMBGRL97S19G525K,,15426,Corso Verdi 1,1,0,0,15426,1997-11-19,M,N,Lombardi,Gabriele,3998098873,,gabriele.lombardi25@example.it,15426
9800323,RZZPLA47E14H924L,,15493,Corso Manzoni 169,,0,0,15493,1947-05-14,M,V,Rizzo,Paolo,3997397317,,paolo.rizzo50@example.it,15493
9800324,LMBMTN83P55A539Q,,15494,Borgo Carducci 86,,0,0,15494,1983-09-15,F,V,Lombardi,Martina,3585267061,,martina.lombardi44@example.it,15494
9800325,CSTGNN28P27L912S,,14791,Strada Carducci 71,,0,0,14791,1928-09-27,M,S,Costa,Giovanni,3604227620,,giovanni.costa42@example.it,14791
9800326,FNTSFO06A60A154S,,14919,Strada Mazzini 167,,0,0,14919,2006-01-20,F,D,Fontana,Sofia,3568955991,,sofia.fontana99@example.it,14919
9800327,FNTDVD38D24L100K,,14981,Borgo Europa 156,,0,0,14981,1938-04-24,M,N,Fontana,Davide,3948062814,,davide.fontana28@example.it,14981
9800328,BRNDVD97A04C638O,,15048,Strada Verdi 180,,0,0,15048,1997-01-04,M,S,Bruno,Davide,3201717639,,davide.bruno36@example.it,15048
9800329,GLLLRA65H67B563C,,14342,Viale Garibaldi 124,1,0,0,14342,1965-06-27,F,D,Gallo,Laura,3744463982,,laura.gallo37@example.it,14342
9800330,MRTPLA61T07G945O,,14406,Via Kennedy 67,,1,0,14406,1961-12-07,M,S,Moretti,Paolo,3873343806,,paolo.moretti19@example.it,14406
9800331,GRCFRC06A66G944J,,14474,Viale Europa 92,,0,0,14474,2006-01-26,F,C,Greco,Federica,3457007592,,federica.greco14@example.it,14474
9800332,LMBNDR45P09D854G,,14533,Strada Dante 159,,0,0,14533,1945-09-09,M,S,Lombardi,Andrea,3411790276,,andrea.lombardi52@example.it,14533
9800333,FRRMTT74L19F161T,,14597,Borgo Pascoli 30,,0,0,14597,1974-07-19,M,N,Ferrari,Matteo,3721575916,,matteo.ferrari28@example.it,14597
9800334,GLLLRA54S52B795K,,14660,Borgo Carducci 176,,0,0,14660,1954-11-12,F,C,Gallo,Laura,3289148124,,laura.gallo1@example.it,14660
9800335,BRBMTT66H14G297Y,,14089,Strada Manzoni 137,,0,0,14089,1966-06-14,M,C,Barbieri,Matteo,3512972424,,matteo.barbieri59@example.it,14089
9800336,RSSFRC88E43L856F,,14090,Corso Garibaldi 175,1,0,0,14090,1988-05-03,F,S,Rossi,Federica,3205695944,,federica.rossi38@example.it,14090
9800337,BNCLCU82C28C498M,,14149,Piazza Carducci 71,,0,0,14149,1982-03-28,M,C,Bianchi,Luca,3883901011,,luca.bianchi58@example.it,14149
9800338,BRBDVD63B07D136H,,1159,Viale Mazzini 177,,0,0,1159,1963-02-07,M,D,Barbieri,Davide,3921466941,,davide.barbieri10@example.it,1159
9800339,BRNNNA75E57I353I,,709,Viale Mazzini 137,,0,0,709,1975-05-17,F,S,Bruno,Anna,3651684488,,anna.bruno1@example.it,709
9800340,BNCMRC17A23L988V,,59781,Via Europa 46,,0,0,59781,2017-01-23,M,S,Bianchi,Marco,3586628134,,marco.bianchi12@example.it,59781
9800341,CNTMTN08A58A574A,,58438,Corso Cavour 72,,1,0,58438,2008-01-18,F,C,Conti,Martina,3749118213,,martina.conti60@example.it,58438
9800342,RZZPLA06B05H573Y,,58694,Piazza Cavour 168,,0,0,58694,2006-02-05,M,C,Rizzo,Paolo,3315412350,,paolo.rizzo79@example.it,58694
9800343,GRCLSN97C21G846U,,14150,Borgo Kennedy 151,1,0,0,14150,1997-03-21,M,S,Greco,Alessandro,3522283706,,alessandro.greco9@example.it,14150
9800344,CNTSFO86C65D654U,,14213,Viale Verdi 113,,0,0,14213,1986-03-25,F,S,Conti,Sofia,3725518419,,sofia.conti66@example.it,14213
9800345,SPSNCL97D02I275U,,14214,Viale Manzoni 156,,0,0,14214,1997-04-02,M,D,Esposito,Nicolo,3334404758,,nicolo.esposito27@example.it,14214
9800346,GRCGLI59B52A302Q,,14280,Strada Roma 32,,0,0,14280,1959-02-12,F,V,Greco,Giulia,3408474729,,giulia.greco30@example.it,14280
9800347,MRTSFN52M20A906A,,13573,Piazza Cavour 118,,0,0,13573,1952-08-20,M,N,Moretti,Stefano,3938943934,,stefano.moretti91@example.it,13573
9800348,GRCSFN48A16I850Y,,13704,Strada Roma 174,,0,0,13704,1948-01-16,M,S,Greco,Stefano,3968652363,,stefano.greco46@example.it,13704
9800349,FNTSFO04H67L407N,,13769,Borgo Mazzini 102,,0,0,13769,2004-06-27,F,C,Fontana,Sofia,3974792502,,sofia.fontana75@example.it,13769
9800350,MRTMRC22D22G169T,,12295,Borgo Manzoni 41,1,0,0,12295,1922-04-22,M,V,Moretti,Marco,3918590286,,marco.moretti76@example.it,12295
9800351,BNCCHR23P50F012M,,12296,Viale Manzoni 157,,0,0,12296,2023-09-10,F,S,Bianchi,Chiara,3204027507,,chiara.bianchi66@example.it,12296
9800352,BRNPLA20B03C743O,,12423,Corso Cavour 175,,1,0,12423,2020-02-03,M,C,Bruno,Paolo,3978595692,,paolo.bruno72@example.it,12423
9800353,CNTLCU90R18A001G,,12486,Via Kennedy 179,,0,0,12486,1990-10-18,M,S,Conti,Luca,3801999983,,luca.conti98@example.it,12486
9800354,FNTLRA26T41D750T,,7050,Viale Europa 168,,0,0,7050,1926-12-01,F,N,Fontana,Laura,3734699421,,laura.fontana57@example.it,7050
9800355,GRCPLA99S30A467G,,7111,Borgo Marconi 115,,0,0,7111,1999-11-30,M,S,Greco,Paolo,3382195131,,paolo.greco23@example.it,7111
9800356,FRRMRT06P66L805P,,7173,Piazza Mazzini 157,,0,0,7173,2006-09-26,F,V,Ferrari,Marta,3718483891,,marta.ferrari87@example.it,7173
9800357,SPSDVD62H04D741P,,7240,Strada Mazzini 72,1,0,0,7240,1962-06-04,M,D,Esposito,Davide,3844291398,,davide.esposito37@example.it,7240
9800358,BRBNCL17C06G923H,,7300,Piazza Europa 170,,0,0,7300,2017-03-06,M,V,Barbieri,Nicolo,3909637194,,nicolo.barbieri72@example.it,7300
9800359,SPSMRT40M62I105N,,7366,Corso Carducci 177,,0,0,7366,1940-08-22,F,N,Esposito,Marta,3673636646,,marta.esposito63@example.it,7366
9800360,FRRSFN92M04L934C,,7367,Borgo Kennedy 114,,0,0,7367,1992-08-04,M,N,Ferrari,Stefano,3482042486,,stefano.ferrari38@example.it,7367
9800361,BRBNNA43D59B432M,,7368,Borgo Pascoli 22,,0,0,7368,1943-04-19,F,V,Barbieri,Anna,3323822079,,anna.barbieri28@example.it,7368
9800362,CSTDVD10T24A059D,,6598,Strada Mazzini 12,,0,0,6598,2010-12-24,M,V,Costa,Davide,3711117381,,davide.costa8@example.it,6598
9800363,FRRDVD47H19H706O,,6665,Strada Manzoni 167,,1,0,6665,1947-06-19,M,V,Ferrari,Davide,3557871062,,davide.ferrari9@example.it,6665
9800364,RMNMTN13D47A377R,,6791,Viale Kennedy 174,1,0,0,6791,1513-04-07,F,D,Romano,Martina,3851795554,,martina.romano39@example.it,6791
9800365,LMBMTT53E21G534P,,6792,Viale Pascoli 122,,0,0,6792,1953-05-21,M,C,Lombardi,Matteo,3376094458,,matteo.lombardi92@example.it,6792
9800366,FRRCHR45R61C225X,,5254,Via Cavour 20,,0,0,5254,1945-10-21,F,N,Ferrari,Chiara,3593172979,,chiara.ferrari18@example.it,5254
9800367,BRBDVD77R31G229L,,5255,Strada Verdi 70,,0,0,5255,1977-10-31,M,C,Barbieri,Davide,3932727948,,davide.barbieri12@example.it,5255
9800368,CNTSFN80E24H540V,,6282,Borgo Marconi 148,,0,0,6282,1980-05-24,M,N,Conti,Stefano,3594235794,,stefano.conti45@example.it,6282
9800369,FRRMTN41P50D420R,,6344,Borgo Garibaldi 167,,0,0,6344,1941-09-10,F,N,Ferrari,Martina,3553008763,,martina.ferrari85@example.it,6344
9800370,GRCPLA58A10H238W,,6345,Strada Europa 150,,0,0,6345,1958-01-10,M,S,Greco,Paolo,3257168704,,paolo.greco66@example.it,6345
9800371,BRBSRA73S56E373F,,6405,Borgo Europa 77,1,0,0,6405,1973-11-16,F,N,Barbieri,Sara,3886594481,,sara.barbieri81@example.it,6405
9800372,RMNNCL57C08F095U,,6531,Corso Cavour 70,,0,0,6531,1957-03-08,M,N,Romano,Nicolo,3259990393,,nicolo.romano22@example.it,6531
9800373,GRCGRL52P09D193E,,5895,Via Dante 68,,0,0,5895,1952-09-09,M,N,Greco,Gabriele,3496808304,,gabriele.greco35@example.it,5895
9800374,MRTLNE52E58M163J,,5961,Corso Mazzini 142,,1,0,5961,1152-05-18,F,V,Moretti,Elena,3441254608,,elena.moretti21@example.it,5961
9800375,GRCGNN77B04C943M,,6022,Via Verdi 115,,0,0,6022,1977-02-04,M,N,Greco,Giovanni,3686738771,,giovanni.greco58@example.it,6022
9800376,FNTLRA88D43D776B,,8774,Piazza Marconi 88,,0,0,8774,1988-04-03,F,N,Fontana,Laura,3319503012,,laura.fontana4@example.it,8774
9800377,CSTMTT97D08H829P,,8841,Corso Europa 148,,0,0,8841,1997-04-08,M,D,Costa,Matteo,3415856964,,matteo.costa47@example.it,8841
9800378,BRNGNN20T03C119F,,8965,Piazza Pascoli 113,1,0,0,8965,2020-12-03,M,S,Bruno,Giovanni,3785215832,,giovanni.bruno6@example.it,8965
9800379,GLLLRA38A44F486A,,9225,Via Kennedy 42,,0,0,9225,1938-01-04,F,C,Gallo,Laura,3207035817,,laura.gallo20@example.it,9225
9800380,MRTSMN85E14C824P,,9286,Borgo Manzoni 70,,0,0,9286,1985-05-14,M,N,Moretti,Simone,3723832584,,simone.moretti71@example.it,9286
9800381,CSTLNE59D48L396A,,5579,Viale Manzoni 58,,0,0,5579,1959-04-08,F,D,Costa,Elena,3565424129,,elena.costa57@example.it,5579
9800382,GLLLSN93D08B564H,,5764,Borgo Verdi 145,,0,0,5764,1993-04-08,M,D,Gallo,Alessandro,3994045582,,alessandro.gallo92@example.it,5764
9800383,MRTNDR64R16F918M,,5192,Piazza Dante 158,,0,0,5192,1964-10-16,M,S,Moretti,Andrea,3799547582,,andrea.moretti98@example.it,5192
9800384,MRTVNT55P42E848M,,13001,Piazza Mazzini 135,,0,0,13001,1955-09-02,F,S,Moretti,Valentina,3645227002,,valentina.moretti56@example.it,13001
9800385,SPSGNN02R23L014T,,4878,Via Carducci 126,1,1,0,4878,2002-10-23,M,D,Esposito,Giovanni,3664669774,,giovanni.esposito21@example.it,4878
9800386,CSTLRA29D57B844I,,60037,Viale Dante 82,,0,0,60037,1929-04-17,F,V,Costa,Laura,3334808777,,laura.costa62@example.it,60037
9800387,FNTGNN34B16H214R,,59591,Strada Carducci 6,,0,0,59591,1934-02-16,M,S,Fontana,Giovanni,3302323027,,giovanni.fontana52@example.it,59591
9800388,RMNNDR47R12L085V,,6406,Piazza Garibaldi 165,,0,0,6406,1947-10-12,M,N,Romano,Andrea,3326124230,,andrea.romano79@example.it,6406
9800389,GLLMRT38T71L132F,,6407,Corso Pascoli 161,,0,0,6407,1938-12-31,F,N,Gallo,Marta,3363539419,,marta.gallo78@example.it,6407
9800390,MRTDVD84P07F962A,,6470,Corso Mazzini 114,,0,0,6470,1984-09-07,M,S,Moretti,Davide,3406491100,,davide.moretti57@example.it,6470
9800391,LMBMTN75C55B877H,,6530,Piazza Dante 89,,0,0,6530,1975-03-15,F,D,Lombardi,Martina,3946509042,,martina.lombardi85@example.it,6530
9800392,FRRMTT89S22B709F,,4933,Piazza Mazzini 146,1,0,0,4933,1689-11-22,M,V,Ferrari,Matteo,3288691257,,matteo.ferrari68@example.it,4933
9800393,RZZMTT70S27L952T,,2757,Viale Manzoni 89,,0,0,2757,1970-11-27,M,D,Rizzo,Matteo,3439262175,,matteo.rizzo33@example.it,2757
9800394,RMNMTN62E42G694B,,2183,Strada Carducci 33,,0,0,2183,1362-05-02,F,D,Romano,Martina,3439477698,,martina.romano72@example.it,2183
9800395,GLLNCL91A03D530G,,2310,Borgo Marconi 40,,0,0,2310,1191-01-03,M,C,Gallo,Nicolo,3559347632,,nicolo.gallo32@example.it,2310
9800396,FRRFRC92H60E354S,,7814,Viale Marconi 65,,1,0,7814,1992-06-20,F,D,Ferrari,Federica,3825041928,,federica.ferrari15@example.it,7814
9800397,GLLPLA29S24B196U,,7878,Via Europa 44,,0,0,7878,1929-11-24,M,N,Gallo,Paolo,3209023205,,paolo.gallo2@example.it,7878
9800398,MRTMTT28L28M401G,,60673,Borgo Mazzini 161,,0,0,60673,1928-07-28,M,C,Moretti,Matteo,3566178083,,matteo.moretti24@example.it,60673
9800399,BNCGLI09B60M402Y,,60674,Corso Cavour 106,1,0,0,60674,2009-02-20,F,S,Bianchi,Giulia,3974585098,,giulia.bianchi8@example.it,60674
9800400,GRCSFN78H25I373X,,60490,Borgo Garibaldi 2,,0,0,60490,1978-06-25,M,S,Greco,Stefano,3686846525,,stefano.greco6@example.it,60490
9800401,GRCNNA77C44I107N,,60491,Corso Marconi 50,,0,0,60491,1977-03-04,F,S,Greco,Anna,3267472763,,anna.greco1@example.it,60491
9800402,GRCNCL51E03M384R,,60519,Via Europa 113,,0,0,60519,1951-05-03,M,C,Greco,Nicolo,3996016192,,nicolo.greco23@example.it,60519
9800403,MRTMRC34E30M421G,,60713,Viale Pascoli 118,,0,0,60713,1934-05-30,M,C,Moretti,Marco,3486515337,,marco.moretti30@example.it,60713
9800404,BRBSRA29L53M422G,,60714,Strada Cavour 12,,0,0,60714,1929-07-13,F,D,Barbieri,Sara,3732182531,,sara.barbieri96@example.it,60714
9800405,MRTGNN65R30M423C,,60715,Borgo Kennedy 107,,0,0,60715,1965-10-30,M,N,Moretti,Giovanni,3992735559,,giovanni.moretti31@example.it,60715
9800406,RMNCHR32M61F861S,,60716,Via Roma 118,1,0,0,60716,1932-08-21,F,D,Romano,Chiara,3522750827,,chiara.romano23@example.it,60716
9800407,LMBGNN49H27M426O,,60719,Via Roma 58,,1,0,60719,1949-06-27,M,D,Lombardi,Giovanni,3802681030,,giovanni.lombardi70@example.it,60719
9800408,BNCSMN12A25M427B,,60720,Borgo Manzoni 170,,0,0,60720,2012-01-25,M,V,Bianchi,Simone,3718992832,,simone.bianchi58@example.it,60720
9800409,FRRLNE52M47M437M,,60884,Via Mazzini 27,,0,0,60884,1952-08-07,F,S,Ferrari,Elena,3378611104,,elena.ferrari29@example.it,60884
9800410,MRNLCU64D21M436E,,60887,Via Manzoni 61,,0,0,60887,1964-04-21,M,C,Marino,Luca,3281208657,,luca.marino3@example.it,60887
9800411,RZZGLI81R41M438P,,60890,Via Dante 163,,0,0,60890,1981-10-01,F,S,Rizzo,Giulia,3946910598,,giulia.rizzo58@example.it,60890
9800412,RZZPLA73A05M439R,,60901,Borgo Garibaldi 30,,0,0,60901,1973-01-05,M,D,Rizzo,Paolo,3317502501,,paolo.rizzo22@example.it,60901
9800413,RMNMTT85D08I242L,,518,Via Marconi 153,1,0,0,518,1985-04-08,M,N,Romano,Matteo,3481594395,,matteo.romano13@example.it,518
9800414,SPSLNE77T49E008Z,,647,Strada Garibaldi 34,,0,0,647,1277-12-09,F,S,Esposito,Elena,3527973926,,elena.esposito72@example.it,647
9800415,FRRNCL06S12E912M,,59977,Borgo Manzoni 151,,0,0,59977,1706-11-12,M,C,Ferrari,Nicolo,3618124074,,nicolo.ferrari15@example.it,59977
9800416,BRNVNT94H69L359E,,59465,Borgo Kennedy 126,,0,0,59465,1994-06-29,F,V,Bruno,Valentina,3781542902,,valentina.bruno97@example.it,59465
9800417,CSTPLA70T20C938Z,,49414,Piazza Europa 177,,0,0,49414,1970-12-20,M,C,Costa,Paolo,3735414244,,paolo.costa87@example.it,49414
9800418,FNTMTT60S02G167J,,49415,Viale Cavour 27,,1,0,49415,1960-11-02,M,V,Fontana,Matteo,3203947835,,matteo.fontana86@example.it,49415
9800419,CNTNNA33D48B912R,,49474,Borgo Pascoli 166,,0,0,49474,1933-04-08,F,N,Conti,Anna,3958734658,,anna.conti37@example.it,49474
9800420,RZZMRC80S11F994J,,49475,Via Kennedy 111,1,0,0,49475,1980-11-11,M,C,Rizzo,Marco,3259277026,,marco.rizzo24@example.it,49475
9800421,MRNSRA76R69A400I,,49542,Viale Marconi 65,,0,0,49542,1976-10-29,F,C,Marino,Sara,3244542344,,sara.marino68@example.it,49542
9800422,BRBMTT02L21H781V,,49608,Borgo Manzoni 157,,0,0,49608,2002-07-21,M,D,Barbieri,Matteo,3357930493,,matteo.barbieri29@example.it,49608
9800423,LMBLCU79D28A444L,,49733,Via Manzoni 171,,0,0,49733,1979-04-28,M,S,Lombardi,Luca,3586114255,,luca.lombardi47@example.it,49733
9800424,MRTCHR88A69G587K,,49734,Via Manzoni 63,,0,0,49734,1988-01-29,F,S,Moretti,Chiara,3985032546,,chiara.moretti62@example.it,49734
9800425,CNTNDR87S24I799G,,49028,Strada Kennedy 116,,0,0,49028,1987-11-24,M,C,Conti,Andrea,3945043503,,andrea.conti6@example.it,49028
9800426,GLLLRA28B51C383Z,,49098,Via Marconi 121,,0,0,49098,1928-02-11,F,C,Gallo,Laura,3986034841,,laura.gallo45@example.it,49098
9800427,RZZGNN83T19H606Z,,49226,Corso Cavour 168,1,0,0,49226,1983-12-19,M,C,Rizzo,Giovanni,3942861814,,giovanni.rizzo11@example.it,49226
9800428,RMNLCU92R17D549W,,49288,Piazza Carducci 89,,0,0,49288,1992-10-17,M,D,Romano,Luca,3709434456,,luca.romano27@example.it,49288
9800429,LMBVNT74S50H253H,,49289,Borgo Carducci 163,,1,0,49289,1974-11-10,F,C,Lombardi,Valentina,3536547567,,valentina.lombardi39@example.it,49289
9800430,FNTLCU63C15L810A,,48838,Borgo Carducci 65,,0,0,48838,1963-03-15,M,N,Fontana,Luca,3319030070,,luca.fontana75@example.it,48838
9800431,BRNSFO61C46M171W,,48905,Strada Roma 53,,0,0,48905,1961-03-06,F,V,Bruno,Sofia,3701584735,,sofia.bruno12@example.it,48905
9800432,LMBGNN25T04C670X,,48260,Strada Cavour 79,,0,0,48260,1925-12-04,M,N,Lombardi,Giovanni,3304793007,,giovanni.lombardi18@example.it,48260
9800433,GRCSFN48L30I908A,,9414,Borgo Manzoni 79,,0,0,9414,1948-07-30,M,D,Greco,Stefano,3916575668,,stefano.greco12@example.it,9414
9800434,FRRFNC84E64F442F,,60297,Borgo Kennedy 18,1,0,0,60297,1984-05-24,F,S,Ferrari,Francesca,3217640718,,francesca.ferrari99@example.it,60297
9800435,RMNGNN04L04F675J,,1096,Strada Europa 60,,0,0,1096,2004-07-04,M,V,Romano,Giovanni,3894460063,,giovanni.romano6@example.it,1096
9800436,RZZLRA48S58I124H,,58503,Via Mazzini 135,,0,0,58503,1948-11-18,F,S,Rizzo,Laura,3746840185,,laura.rizzo33@example.it,58503
9800437,SPSGNN03P25A206E,,51971,Strada Mazzini 75,,0,0,51971,2003-09-25,M,D,Esposito,Giovanni,3867493472,,giovanni.esposito61@example.it,51971
9800438,FRRSMN53D13F514V,,52168,Borgo Garibaldi 142,,0,0,52168,1953-04-13,M,S,Ferrari,Simone,3283328447,,simone.ferrari22@example.it,52168
9800439,GRCNNA28C49I965F,,52358,Borgo Marconi 136,,0,0,52358,1928-03-09,F,V,Greco,Anna,3719368775,,anna.greco31@example.it,52358
9800440,LMBGRL92M13D788L,,51718,Corso Pascoli 119,,1,0,51718,1992-08-13,M,D,Lombardi,Gabriele,3756103690,,gabriele.lombardi30@example.it,51718
9800441,LMBSRA70P65C812D,,55367,Corso Pascoli 67,1,0,0,55367,1970-09-25,F,S,Lombardi,Sara,3265322735,,sara.lombardi81@example.it,55367
9800442,RSSLSN97S12A075S,,55430,Borgo Cavour 116,,0,0,55430,1997-11-12,M,N,Rossi,Alessandro,3382861585,,alessandro.rossi42@example.it,55430
9800443,CSTSFN74E16A374N,,54918,Via Kennedy 130,,0,0,54918,1974-05-16,M,C,Costa,Stefano,3676038048,,stefano.costa68@example.it,54918
9800444,LMBFRC95C50B349O,,54981,Borgo Mazzini 171,,0,0,54981,1995-03-10,F,D,Lombardi,Federica,3888709476,,federica.lombardi52@example.it,54981
9800445,LMBNCL01D19L040F,,54408,Strada Europa 146,,0,0,54408,2001-04-19,M,D,Lombardi,Nicolo,3801246681,,nicolo.lombardi50@example.it,54408
9800446,RZZSRA60P64H938Y,,52999,Corso Marconi 128,,0,0,52999,1960-09-24,F,S,Rizzo,Sara,3802039142,,sara.rizzo68@example.it,52999
9800447,SPSDVD16C17C872J,,53060,Piazza Europa 129,,0,0,53060,2016-03-17,M,S,Esposito,Davide,3778499793,,davide.esposito44@example.it,53060
9800448,SPSNCL17L10H893O,,52488,Strada Mazzini 43,1,0,0,52488,2017-07-10,M,D,Esposito,Nicolo,3256539808,,nicolo.esposito5@example.it,52488
9800449,GRCSFO58T71I527D,,52548,Corso Verdi 76,,0,0,52548,1958-12-31,F,N,Greco,Sofia,3705362637,,sofia.greco77@example.it,52548
9800450,GLLMRC81S25E113W,,54150,Piazza Roma 141,,0,0,54150,1981-11-25,M,C,Gallo,Marco,3976150493,,marco.gallo80@example.it,54150
9800451,FRRFNC62C51D748P,,50185,Corso Kennedy 36,,1,0,50185,1962-03-11,F,D,Ferrari,Francesca,3845777711,,francesca.ferrari4@example.it,50185
9800452,BNCGRL70P08I109V,,50311,Viale Dante 10,,0,0,50311,1970-09-08,M,N,Bianchi,Gabriele,3605756842,,gabriele.bianchi30@example.it,50311
9800453,FNTSMN71L01L937V,,50312,Piazza Mazzini 27,,0,0,50312,1971-07-01,M,V,Fontana,Simone,3868461493,,simone.fontana64@example.it,50312
9800454,BRNSRA69S65B578Y,,50313,Viale Cavour 40,,0,0,50313,1969-11-25,F,C,Bruno,Sara,3658179348,,sara.bruno44@example.it,50313
9800455,CNTPLA67C27I435K,,50374,Via Kennedy 22,1,0,0,50374,1967-03-27,M,S,Conti,Paolo,3989413435,,paolo.conti24@example.it,50374
9800456,FNTGLI62C71E980I,,50500,Viale Roma 19,,0,0,50500,1962-03-31,F,D,Fontana,Giulia,3413890412,,giulia.fontana14@example.it,50500
9800457,MRTSMN83A28H996S,,50565,Corso Cavour 30,,0,0,50565,1983-01-28,M,S,Moretti,Simone,3527783955,,simone.moretti6@example.it,50565
9800458,FRRMTT97D11C215G,,50631,Borgo Dante 22,,0,0,50631,1997-04-11,M,S,Ferrari,Matteo,3235157099,,matteo.ferrari11@example.it,50631
9800459,CSTSRA78P53D882A,,49994,Corso Marconi 90,,0,0,49994,1978-09-13,F,C,Costa,Sara,3505100977,,sara.costa94@example.it,49994
9800460,LMBGRL31E14B493Q,,57224,Piazza Cavour 44,,0,0,57224,1931-05-14,M,S,Lombardi,Gabriele,3414819594,,gabriele.lombardi9@example.it,57224
9800461,CSTFRC67T48H048S,,57350,Viale Cavour 8,,0,0,57350,1967-12-08,F,D,Costa,Federica,3602771976,,federica.costa27@example.it,57350
9800462,LMBGRL60H08D118A,,57418,Borgo Dante 136,1,1,0,57418,1960-06-08,M,N,Lombardi,Gabriele,3731150481,,gabriele.lombardi73@example.it,57418
9800463,RZZSFN66A14H022E,,57419,Viale Manzoni 123,,0,0,57419,1366-01-14,M,S,Rizzo,Stefano,3592037935,,stefano.rizzo59@example.it,57419
9800464,LMBFRC88E44E692U,,49350,Piazza Garibaldi 29,,0,0,49350,1988-05-04,F,S,Lombardi,Federica,3405964247,,federica.lombardi10@example.it,49350
9800465,RZZNDR48A21L267E,,49351,Corso Garibaldi 67,,0,0,49351,1448-01-21,M,N,Rizzo,Andrea,3232015693,,andrea.rizzo44@example.it,49351
9800466,RMNSFO89S60L199B,,49352,Via Pascoli 126,,0,0,49352,1989-11-20,F,C,Romano,Sofia,3884936326,,sofia.romano20@example.it,49352
9800467,BRNLSN55T26F092Y,,48648,Via Manzoni 45,,0,0,48648,1955-12-26,M,V,Bruno,Alessandro,3596545384,,alessandro.bruno76@example.it,48648
9800468,GLLDVD81T10B589J,,48708,Corso Verdi 67,,0,0,48708,1981-12-10,M,S,Gallo,Davide,3807011459,,davide.gallo35@example.it,48708
9800469,RZZLNE55A62L551C,,44933,Piazza Cavour 57,1,0,0,44933,1955-01-22,F,N,Rizzo,Elena,3553638322,,elena.rizzo20@example.it,44933
9800470,BRNLSN60E22B128U,,12036,Piazza Cavour 117,,0,0,12036,1960-05-22,M,N,Bruno,Alessandro,3951613436,,alessandro.bruno48@example.it,12036
9800471,RSSFRC59C52F963J,,8326,Viale Marconi 64,,0,0,8326,1959-03-12,F,D,Rossi,Federica,3709005145,,federica.rossi16@example.it,8326
9800472,CNTLCU89P13D161W,,8455,Piazza Pascoli 92,,0,0,8455,1989-09-13,M,N,Conti,Luca,3668027726,,luca.conti28@example.it,8455
9800473,MRNSFN56B21H556A,,8518,Corso Mazzini 124,,1,0,8518,1956-02-21,M,V,Marino,Stefano,3338740255,,stefano.marino36@example.it,8518
9800474,GRCGLI87M62H117F,,8644,Piazza Verdi 139,,0,0,8644,1987-08-22,F,V,Greco,Giulia,3587243556,,giulia.greco79@example.it,8644
9800475,RSSGNN39D29I595R,,6084,Strada Europa 83,,0,0,6084,1939-04-29,M,N,Rossi,Giovanni,3854196686,,giovanni.rossi32@example.it,6084
9800476,CSTCHR88T68B642B,,6153,Corso Marconi 133,1,0,0,6153,1988-12-28,F,D,Costa,Chiara,3529982943,,chiara.costa3@example.it,6153
9800477,CNTDVD41H28B345B,,5444,Via Cavour 179,,0,0,5444,1941-06-28,M,V,Conti,Davide,3886374617,,davide.conti24@example.it,5444
9800478,MRTPLA79T25L624I,,10886,Viale Europa 4,,0,0,10886,1979-12-25,M,C,Moretti,Paolo,3477695035,,paolo.moretti77@example.it,10886
9800479,BRNFRC92D68D407J,,10055,Via Marconi 81,,0,0,10055,1992-04-28,F,V,Bruno,Federica,3533804104,,federica.bruno91@example.it,10055
9800480,SPSSFN20S02H379T,,10056,Borgo Manzoni 27,,0,0,10056,2020-11-02,M,V,Esposito,Stefano,3446544433,,stefano.esposito38@example.it,10056
9800481,CSTFRC07L60C672Z,,10115,Piazza Roma 146,,0,0,10115,2007-07-20,F,V,Costa,Federica,3407485414,,federica.costa14@example.it,10115
9800482,BRNGRL36L27F964F,,10311,Via Mazzini 110,,0,0,10311,1436-07-27,M,S,Bruno,Gabriele,3719953564,,gabriele.bruno83@example.it,10311
9800483,FNTPLA63B19I430D,,9604,Piazza Carducci 29,1,0,0,9604,1963-02-19,M,V,Fontana,Paolo,3497305315,,paolo.fontana46@example.it,9604
9800484,SPSMTN03S66I867P,,9796,Borgo Roma 72,,1,0,9796,2003-11-26,F,S,Esposito,Martina,3263535806,,martina.esposito49@example.it,9796
9800485,BRNSMN54M08F725A,,13062,Strada Marconi 9,,0,0,13062,1954-08-08,M,D,Bruno,Simone,3358646094,,simone.bruno30@example.it,13062
9800486,GLLVNT01L66E682N,,8137,Borgo Cavour 7,,0,0,8137,2001-07-26,F,S,Gallo,Valentina,3257677438,,valentina.gallo94@example.it,8137
9800487,FRRLCU97A22B485Q,,8200,Viale Carducci 38,,0,0,8200,1997-01-22,M,D,Ferrari,Luca,3444650492,,luca.ferrari14@example.it,8200
9800488,FNTNCL56E25I417X,,7432,Corso Marconi 40,,0,0,7432,1956-05-25,M,C,Fontana,Nicolo,3936845837,,nicolo.fontana98@example.it,7432
9800489,GLLMRT48P58E936L,,7557,Corso Marconi 159,,0,0,7557,1948-09-18,F,D,Gallo,Marta,3315033866,,marta.gallo53@example.it,7557
9800490,BRNGRL98T15G855H,,7558,Borgo Roma 158,1,0,0,7558,1998-12-15,M,V,Bruno,Gabriele,3208115801,,gabriele.bruno10@example.it,7558
9800491,BRNCHR59E54H768Q,,7621,Viale Dante 106,,0,0,7621,1959-05-14,F,C,Bruno,Chiara,3825519833,,chiara.bruno88@example.it,7621
9800492,RZZLSN57M08C207P,,7688,Corso Verdi 59,,0,0,7688,1957-08-08,M,C,Rizzo,Alessandro,3646875470,,alessandro.rizzo3@example.it,7688
9800493,RZZSFN48A08E709X,,5386,Via Pascoli 114,,0,0,5386,1948-01-08,M,N,Rizzo,Stefano,3275637769,,stefano.rizzo18@example.it,5386
9800494,MRNMTN65D61D889Q,,4617,Viale Mazzini 21,,0,0,4617,1965-04-21,F,S,Marino,Martina,3666868056,,martina.marino98@example.it,4617
9800495,CNTNCL06E05I775K,,4810,Piazza Mazzini 82,,1,0,4810,2006-05-05,M,S,Conti,Nicolo,3823877729,,nicolo.conti64@example.it,4810
9800496,BNCNNA71B46F461S,,4877,Viale Marconi 49,,0,0,4877,1971-02-06,F,C,Bianchi,Anna,3853820286,,anna.bianchi70@example.it,4877
9800497,RZZGRL82R23D020Z,,35206,Corso Mazzini 52,1,0,0,35206,1982-10-23,M,C,Rizzo,Gabriele,3739670322,,gabriele.rizzo88@example.it,35206
9800498,FRRMTT61C30H823Y,,34565,Via Pascoli 175,,0,0,34565,1961-03-30,M,S,Ferrari,Matteo,3282600426,,matteo.ferrari88@example.it,34565
9800499,BNCMTN60B60D855L,,34695,Strada Dante 55,,0,0,34695,1960-02-20,F,C,Bianchi,Martina,3395036464,,martina.bianchi98@example.it,34695
