id_famiglia,fk_comune,fk_tipo_composizione,fk_persone_nucleo,fk_figli_nucleo,fk_figli_handicap,fk_figli_minori_3,flg_figli_handicap,fk_altri_nucleo,fk_percettori_reddito,flg_ambiguita_comune,fk_tipo_famiglia_sanita,num_r1205_reddito_complessivo,num_r1301_reddito_imponibile,num_r1302_reddito_imponib_addreg,num_r13_calc_redd_impo_fini_add_reg
7600000,646,,2,1,1,1,,1,2,0,,21012,16102,16102,16102
7600001,59396,,10,1,1,1,,9,5,0,,45756,42445,42445,42445
7600002,58952,,5,2,1,1,,3,5,0,,73219,71618,71618,71618
7600003,48261,,9,1,1,1,,8,4,0,,31392,29123,29123,29123
7600004,48328,,14,1,1,1,,13,3,0,,43228,42558,42558,42558
7600005,48389,,9,2,1,1,,7,2,0,,78748,75603,75603,75603
7600006,48522,,14,8,4,1,,6,4,0,,98737,96627,96627,96627
7600007,47877,,5,1,1,1,,4,4,0,,101866,98153,98153,98153
7600008,48137,,8,1,1,1,,7,3,0,,114569,112608,112608,112608
7600009,48198,,5,4,3,2,,1,4,0,,109722,104992,104992,104992
7600010,48199,,2,1,1,1,,1,2,0,,20861,17514,17514,17514
7600011,47561,,5,3,2,2,,2,4,0,,57476,56598,56598,56598
7600012,47753,,3,1,1,1,,2,3,0,,61877,61809,61809,61809
7600013,47819,,7,6,6,5,,1,2,0,,33891,33566,33566,33566
7600014,47049,,2,1,1,1,,1,2,0,,61829,58818,58818,58818
7600015,47111,,2,1,1,1,,1,2,0,,137872,136558,136558,136558
7600016,47112,,18,1,1,1,,18,2,0,,141861,136965,136965,136965
7600017,47171,,3,1,1,1,,2,3,0,,81959,81883,81883,81883
7600018,47240,,8,1,1,1,,7,5,0,,58286,56648,56648,56648
7600019,47304,,18,1,1,1,,18,4,0,,126405,122083,122083,122083
7600020,46790,,3,2,2,2,,1,3,0,,101857,101094,101094,101094
7600021,46342,,6,1,1,1,,5,5,0,,105045,101349,101349,101349
7600022,46471,,15,1,1,1,,14,4,0,,21287,18135,18135,18135
7600023,51910,,2,1,1,1,,1,2,0,,0,0,0,0
7600024,51082,,6,3,3,1,,3,5,0,,0,0,0,0
7600025,51142,,10,2,2,2,,8,2,0,,105721,104024,104024,104024
7600026,51268,,4,1,1,1,,3,3,0,,0,0,0,0
7600027,51461,,11,2,2,2,,9,4,0,,12841,11235,11235,11235
7600028,50697,,3,1,1,1,,2,3,0,,41053,39380,39380,39380
7600029,50758,,8,1,1,1,,7,2,0,,48974,45367,45367,45367
7600030,50821,,4,1,1,1,,3,2,0,,38529,36598,36598,36598
7600031,40714,,10,1,1,1,,9,3,0,,29908,26346,26346,26346
7600032,40839,,8,2,2,1,,6,3,0,,61625,59639,59639,59639
7600033,40840,,3,1,1,1,,2,2,0,,56706,52406,52406,52406
7600034,40071,,9,2,2,2,,7,4,0,,109541,106720,106720,106720
7600035,40132,,3,1,1,1,,2,2,0,,94906,92998,92998,92998
7600036,40133,,2,1,1,1,,1,2,0,,48520,44567,44567,44567
7600037,40201,,9,2,2,2,,7,5,0,,72789,71021,71021,71021
7600038,40326,,3,1,1,1,,2,2,0,,93429,92192,92192,92192
7600039,40392,,4,2,1,1,,2,4,0,,52831,52152,52152,52152
7600040,40393,,14,3,2,1,,11,4,0,,34014,32759,32759,32759
7600041,40453,,3,2,1,2,,1,2,0,,25624,23730,23730,23730
7600042,39688,,6,1,1,1,,5,4,0,,32323,28853,28853,28853
7600043,46023,,17,1,1,1,,16,3,0,,134973,134678,134678,134678
7600044,46024,,2,1,1,1,,1,2,0,,83989,82576,82576,82576
7600045,46025,,16,2,1,1,,14,5,0,,84550,83530,83530,83530
7600046,46084,,2,1,1,1,,1,2,0,,67717,66391,66391,66391
7600047,45701,,2,1,1,1,,1,2,0,,81782,79310,79310,79310
7600048,45127,,3,1,1,1,,2,2,0,,66433,62820,62820,62820
7600049,45189,,7,1,1,1,,6,3,0,,43189,42951,42951,42951
7600050,45252,,5,1,1,1,,4,5,0,,45526,43695,43695,43695
7600051,44871,,10,1,1,1,,9,2,0,,0,0,0,0
7600052,44934,,4,2,2,1,,2,4,0,,27593,23516,23516,23516
7600053,44360,,4,1,1,1,,3,2,0,,88471,86330,86330,86330
7600054,44361,,16,7,2,7,,9,5,0,,133359,129734,129734,129734
7600055,59208,,4,1,1,1,,3,4,0,,115946,111462,111462,111462
7600056,44611,,11,9,1,1,,2,2,0,,77394,74957,74957,74957
7600057,43844,,9,4,3,3,,5,5,0,,100827,99372,99372,99372
7600058,43845,,9,1,1,1,,8,5,0,,107896,105795,105795,105795
7600059,44039,,15,3,3,3,,12,4,0,,134355,134140,134140,134140
7600060,44103,,15,1,1,1,,14,4,0,,29193,25866,25866,25866
7600061,44165,,10,6,2,5,,4,5,0,,72824,69987,69987,69987
7600062,43590,,9,6,6,1,,3,4,0,,68531,64037,64037,64037
7600063,43591,,11,6,4,1,,5,4,0,,48310,44470,44470,44470
7600064,43653,,7,5,1,4,,2,5,0,,68032,67327,67327,67327
7600065,43014,,3,1,1,1,,2,2,0,,99132,95281,95281,95281
7600066,43273,,8,2,1,1,,6,5,0,,130621,129866,129866,129866
7600067,41606,,3,2,1,1,,1,3,0,,75861,71970,71970,71970
7600068,41669,,14,1,1,1,,13,4,0,,60076,58640,58640,58640
7600069,41098,,7,6,6,3,,1,3,0,,91228,90656,90656,90656
7600070,41159,,9,1,1,1,,8,3,0,,0,0,0,0
7600071,41221,,2,1,1,1,,1,2,0,,101836,98920,98920,98920
7600072,40518,,4,1,1,1,,3,3,0,,92955,90221,90221,90221
7600073,40580,,6,1,1,1,,5,4,0,,62398,62019,62019,62019
7600074,47621,,9,1,1,1,,8,3,0,,54049,53527,53527,53527
7600075,42757,,9,7,5,5,,2,5,0,,143151,142920,142920,142920
7600076,42821,,15,1,1,1,,14,5,0,,114904,112991,112991,112991
7600077,42951,,3,2,1,2,,1,2,0,,75264,71198,71198,71198
7600078,42184,,13,8,4,8,,5,5,0,,73329,68597,68597,68597
7600079,42185,,10,4,1,1,,6,3,0,,27276,25300,25300,25300
7600080,42373,,17,3,1,2,,14,3,0,,48171,44129,44129,44129
7600081,42439,,2,1,1,1,,1,2,0,,53703,51592,51592,51592
7600082,42503,,8,1,1,1,,7,3,0,,92218,88350,88350,88350
7600083,42567,,3,2,2,2,,1,2,0,,73234,70535,70535,70535
7600084,41735,,15,1,1,1,,14,2,0,,16009,12551,12551,12551
7600085,41864,,9,1,1,1,,8,4,0,,109796,109557,109557,109557
7600086,41928,,7,1,1,1,,6,3,0,,110496,108805,108805,108805
7600087,41286,,3,2,1,1,,1,2,0,,78106,77910,77910,77910
7600088,41348,,7,1,1,1,,6,5,0,,119659,118913,118913,118913
7600089,41413,,6,1,1,1,,5,5,0,,107371,104412,104412,104412
7600090,41414,,10,5,2,4,,5,5,0,,62721,59645,59645,59645
7600091,41480,,10,1,1,1,,9,2,0,,16913,14392,14392,14392
7600092,38923,,10,1,1,1,,9,3,0,,105373,101919,101919,101919
7600093,38924,,17,2,1,1,,15,5,0,,57565,56687,56687,56687
7600094,38980,,7,1,1,1,,6,2,0,,48363,47447,47447,47447
7600095,38981,,6,1,1,1,,5,2,0,,33526,31505,31505,31505
7600096,39045,,4,1,1,1,,3,2,0,,139919,139256,139256,139256
7600097,39239,,2,1,1,1,,1,2,0,,103335,102974,102974,102974
7600098,38152,,12,5,5,2,,7,3,0,,0,0,0,0
7600099,38216,,5,4,1,2,,1,2,0,,10490,8383,8383,8383
7600100,38217,,3,2,1,1,,1,3,0,,70092,69711,69711,69711
7600101,38275,,12,1,1,1,,11,3,0,,0,0,0,0
7600102,38342,,3,1,1,1,,2,3,0,,87851,85238,85238,85238
7600103,38407,,14,1,1,1,,13,2,0,,41149,40559,40559,40559
7600104,37894,,8,4,4,1,,4,5,0,,92173,91118,91118,91118
7600105,37957,,18,3,2,2,,18,5,0,,113342,111394,111394,111394
7600106,37446,,11,1,1,1,,10,3,0,,54458,50838,50838,50838
7600107,37061,,5,1,1,1,,4,3,0,,12041,7989,7989,7989
7600108,37128,,14,2,1,2,,12,5,0,,101187,98115,98115,98115
7600109,36807,,13,1,1,1,,12,3,0,,42544,39384,39384,39384
7600110,36230,,12,1,1,1,,11,2,0,,23426,18684,18684,18684
7600111,36292,,2,1,1,1,,1,2,0,,35840,35679,35679,35679
7600112,43334,,10,1,1,1,,9,4,0,,83220,82899,82899,82899
7600113,35717,,4,1,1,1,,3,4,0,,115563,112023,112023,112023
7600114,35975,,13,2,1,2,,11,3,0,,43385,40109,40109,40109
7600115,36037,,13,1,1,1,,12,5,0,,93424,89067,89067,89067
7600116,35465,,9,5,4,4,,4,2,0,,75771,75566,75566,75566
7600117,34949,,5,3,2,2,,2,5,0,,0,0,0,0
7600118,57992,,9,3,2,3,,6,3,0,,95825,93889,93889,93889
7600119,58246,,4,1,1,1,,3,2,0,,126337,124393,124393,124393
7600120,58310,,4,2,2,1,,2,2,0,,98697,94652,94652,94652
7600121,58371,,9,3,2,1,,6,5,0,,37253,32404,32404,32404
7600122,59209,,6,1,1,1,,5,3,0,,55184,51939,51939,51939
7600123,58629,,13,3,2,2,,10,5,0,,73748,72047,72047,72047
7600124,35144,,15,2,2,1,,13,2,0,,65801,63499,63499,63499
7600125,39430,,5,1,1,1,,4,2,0,,112775,112727,112727,112727
7600126,39493,,3,2,2,2,,1,3,0,,92658,92226,92226,92226
7600127,39625,,12,1,1,1,,11,2,0,,43228,42385,42385,42385
7600128,29447,,15,2,2,1,,13,2,0,,55814,53879,53879,53879
7600129,28999,,6,1,1,1,,5,3,0,,104227,100688,100688,100688
7600130,29060,,3,1,1,1,,2,2,0,,98431,96765,96765,96765
7600131,34244,,18,2,2,2,,18,4,0,,19849,16715,16715,16715
7600132,34437,,3,1,1,1,,2,3,0,,0,0,0,0
7600133,33672,,6,1,1,1,,5,5,0,,65736,65264,65264,65264
7600134,33800,,4,1,1,1,,3,4,0,,73839,72390,72390,72390
7600135,33159,,5,2,1,2,,3,4,0,,74116,71285,71285,71285
7600136,33288,,2,1,1,1,,1,2,0,,89391,88094,88094,88094
7600137,33289,,10,1,1,1,,9,4,0,,65463,63587,63587,63587
7600138,33349,,7,1,1,1,,6,5,0,,133990,131933,131933,131933
7600139,33476,,4,2,2,2,,2,4,0,,62387,60999,60999,60999
7600140,33542,,10,2,2,2,,8,4,0,,3703,1071,1071,1071
7600141,23815,,2,1,1,1,,1,2,0,,44855,41336,41336,41336
7600142,23816,,16,1,1,1,,15,5,0,,0,0,0,0
7600143,32969,,16,15,14,7,,1,4,0,,50925,49787,49787,49787
7600144,33032,,3,1,1,1,,2,3,0,,36726,32144,32144,32144
7600145,33093,,8,1,1,1,,7,5,0,,99279,99229,99229,99229
7600146,32326,,13,1,1,1,,12,5,0,,29916,27384,27384,27384
7600147,32327,,13,1,1,1,,12,2,0,,36217,32876,32876,32876
7600148,32328,,10,4,3,3,,6,2,0,,88493,87041,87041,87041
7600149,32390,,7,1,1,1,,6,5,0,,123316,120754,120754,120754
7600150,24074,,8,1,1,1,,7,4,0,,106284,105061,105061,105061
7600151,32450,,14,9,7,1,,5,2,0,,22365,21853,21853,21853
7600152,32451,,6,1,1,1,,5,5,0,,9833,6328,6328,6328
7600153,23369,,9,3,3,2,,6,4,0,,54099,51163,51163,51163
7600154,23370,,6,3,1,3,,3,5,0,,87787,86909,86909,86909
7600155,32518,,13,3,3,3,,10,5,0,,24262,21328,21328,21328
7600156,32519,,4,1,1,1,,3,4,0,,107998,107361,107361,107361
7600157,23429,,6,2,2,1,,4,2,0,,136465,136422,136422,136422
7600158,32584,,9,1,1,1,,8,2,0,,86522,84173,84173,84173
7600159,23495,,13,6,1,5,,7,4,0,,139806,139040,139040,139040
7600160,32708,,12,2,2,2,,10,4,0,,87142,83318,83318,83318
7600161,32709,,2,1,1,1,,1,2,0,,69708,65195,65195,65195
7600162,23554,,2,1,1,1,,1,2,0,,52231,51418,51418,51418
7600163,23555,,16,4,1,1,,12,4,0,,73314,69211,69211,69211
7600164,31942,,11,4,1,1,,7,2,0,,71286,67783,67783,67783
7600165,32005,,13,1,1,1,,12,5,0,,46809,44659,44659,44659
7600166,28676,,8,2,2,1,,6,2,0,,94297,89376,89376,89376
7600167,30537,,5,4,3,4,,1,5,0,,47152,42402,42402,42402
7600168,30597,,8,1,1,1,,7,4,0,,40955,39841,39841,39841
7600169,30025,,2,1,1,1,,1,2,0,,0,0,0,0
7600170,30086,,5,1,1,1,,4,4,0,,27298,22971,22971,22971
7600171,30087,,7,1,1,1,,6,4,0,,58446,58157,58157,58157
7600172,30147,,5,1,1,1,,4,5,0,,15650,10707,10707,10707
7600173,30216,,2,1,1,1,,1,2,0,,63348,58746,58746,58746
7600174,30281,,10,2,1,2,,8,3,0,,66478,64028,64028,64028
7600175,31304,,12,3,2,1,,9,2,0,,23741,22116,22116,22116
7600176,31365,,8,2,1,1,,6,2,0,,0,0,0,0
7600177,31498,,3,1,1,1,,2,2,0,,81117,81022,81022,81022
7600178,30730,,7,1,1,1,,6,3,0,,83991,82071,82071,82071
7600179,30794,,2,1,1,1,,1,2,0,,71069,66446,66446,66446
7600180,30407,,18,5,5,3,,18,4,0,,111087,109394,109394,109394
7600181,29766,,13,9,6,9,,4,5,0,,0,0,0,0
7600182,58122,,2,1,1,1,,1,2,0,,0,0,0,0
7600183,58183,,16,7,1,7,,9,3,0,,13064,12128,12128,12128
7600184,58437,,3,1,1,1,,2,2,0,,37797,36982,36982,36982
7600185,33607,,3,1,1,1,,2,3,0,,69022,66292,66292,66292
7600186,29255,,2,1,1,1,,1,2,0,,23752,19832,19832,19832
7600187,27335,,4,1,1,1,,3,2,0,,14736,12531,12531,12531
7600188,26820,,2,1,1,1,,1,2,0,,48096,44141,44141,44141
7600189,26821,,9,8,6,8,,1,2,0,,37429,32717,32717,32717
7600190,26249,,12,1,1,1,,11,3,0,,49090,48412,48412,48412
7600191,31238,,9,1,1,1,,8,4,0,,57624,55258,55258,55258
7600192,24324,,13,10,1,1,,3,4,0,,107787,106161,106161,106161
7600193,24391,,13,2,1,1,,11,5,0,,70306,68728,68728,68728
7600194,24392,,6,1,1,1,,5,3,0,,30950,26290,26290,26290
7600195,24393,,11,9,3,9,,2,3,0,,115216,114588,114588,114588
7600196,24457,,6,3,1,2,,3,5,0,,0,0,0,0
7600197,25415,,13,1,1,1,,12,3,0,,83978,83180,83180,83180
7600198,24581,,2,1,1,1,,1,2,0,,0,0,0,0
7600199,24645,,9,7,6,5,,2,4,0,,108058,107527,107527,107527
7600200,24711,,9,1,1,1,,8,3,0,,136116,133372,133372,133372
7600201,24839,,2,1,1,1,,1,2,0,,14485,13390,13390,13390
7600202,24904,,17,1,1,1,,16,3,0,,52426,50005,50005,50005
7600203,24135,,3,1,1,1,,2,2,0,,68417,65452,65452,65452
7600204,26439,,4,1,1,1,,3,4,0,,50822,47385,47385,47385
7600205,26567,,2,1,1,1,,1,2,0,,25508,21117,21117,21117
7600206,26568,,10,4,3,1,,6,5,0,,81490,81350,81350,81350
7600207,26629,,8,1,1,1,,7,3,0,,27954,26139,26139,26139
7600208,25864,,10,6,3,4,,4,2,0,,30807,26694,26694,26694
7600209,26053,,2,1,1,1,,1,2,0,,80109,77393,77393,77393
7600210,25479,,14,2,2,2,,12,5,0,,81325,78438,78438,78438
7600211,25542,,13,1,1,1,,12,2,0,,111700,108697,108697,108697
7600212,25669,,5,2,2,2,,3,3,0,,0,0,0,0
7600213,25798,,3,2,1,1,,1,2,0,,115415,112553,112553,112553
7600214,25161,,6,3,2,2,,3,2,0,,85931,85461,85461,85461
7600215,25223,,12,3,3,1,,9,4,0,,0,0,0,0
7600216,25350,,4,2,2,2,,2,2,0,,139128,135122,135122,135122
7600217,32073,,6,5,4,1,,1,4,0,,102045,99280,99280,99280
7600218,32202,,3,1,1,1,,2,3,0,,96529,93249,93249,93249
7600219,32262,,4,1,1,1,,3,4,0,,104527,103855,103855,103855
7600220,32263,,2,1,1,1,,1,2,0,,30118,27058,27058,27058
7600221,31558,,8,4,2,1,,4,4,0,,0,0,0,0
7600222,31622,,4,1,1,1,,3,3,0,,85238,81493,81493,81493
7600223,31813,,8,4,3,4,,4,2,0,,51299,49619,49619,49619
7600224,31113,,9,1,1,1,,8,5,0,,93291,89930,89930,89930
7600225,31173,,4,1,1,1,,3,4,0,,43691,42669,42669,42669
7600226,58245,,7,1,1,1,,6,4,0,,27670,22837,22837,22837
7600227,57736,,2,1,1,1,,1,2,0,,119482,115801,115801,115801
7600228,57862,,5,1,1,1,,4,4,0,,106324,103726,103726,103726
7600229,1668,,11,3,1,3,,8,4,0,,14180,9200,9200,9200
7600230,1222,,9,3,3,3,,6,5,0,,0,0,0,0
7600231,900,,10,1,1,1,,9,3,0,,83483,81419,81419,81419
7600232,53254,,8,1,1,1,,7,3,0,,54378,52659,52659,52659
7600233,31174,,7,2,1,2,,5,3,0,,35834,32443,32443,32443
7600234,23690,,8,1,1,1,,7,4,0,,28953,26269,26269,26269
7600235,22985,,4,3,2,3,,1,2,0,,28523,25079,25079,25079
7600236,22986,,8,6,1,1,,2,2,0,,32743,31548,31548,31548
7600237,23045,,8,1,1,1,,7,4,0,,0,0,0,0
7600238,23108,,5,2,2,1,,3,3,0,,66569,65772,65772,65772
7600239,23177,,2,1,1,1,,1,2,0,,24895,22908,22908,22908
7600240,23304,,3,1,1,1,,2,2,0,,17932,16676,16676,16676
7600241,22603,,5,2,1,1,,3,2,0,,25470,22664,22664,22664
7600242,28165,,7,4,3,2,,3,5,0,,64235,61408,61408,61408
7600243,28229,,6,2,1,2,,4,4,0,,77641,77604,77604,77604
7600244,27587,,14,2,2,2,,12,5,0,,39944,35850,35850,35850
7600245,27910,,5,2,1,2,,3,2,0,,23439,19169,19169,19169
7600246,27911,,2,1,1,1,,1,2,0,,25234,25072,25072,25072
7600247,27078,,2,1,1,1,,1,2,0,,87068,82260,82260,82260
7600248,27079,,3,2,1,1,,1,2,0,,77181,74127,74127,74127
7600249,27139,,4,1,1,1,,3,2,0,,66759,63438,63438,63438
7600250,19206,,6,1,1,1,,5,2,0,,88761,84711,84711,84711
7600251,19269,,6,1,1,1,,5,5,0,,23962,19337,19337,19337
7600252,18692,,16,1,1,1,,15,3,0,,0,0,0,0
7600253,18120,,2,1,1,1,,1,2,0,,11069,6651,6651,6651
7600254,18182,,9,7,5,6,,2,3,0,,16843,14673,14673,14673
7600255,18183,,8,5,4,3,,3,3,0,,0,0,0,0
7600256,16518,,17,1,1,1,,16,2,0,,0,0,0,0
7600257,16583,,8,1,1,1,,7,3,0,,50229,47334,47334,47334
7600258,18441,,7,5,3,2,,2,3,0,,95353,94527,94527,94527
7600259,18442,,7,1,1,1,,6,4,0,,122603,117721,117721,117721
7600260,17735,,16,3,3,1,,13,2,0,,19831,18872,18872,18872
7600261,17924,,12,2,2,2,,10,5,0,,107130,102454,102454,102454
7600262,20869,,12,1,1,1,,11,4,0,,34762,33057,33057,33057
7600263,20104,,13,1,1,1,,12,2,0,,0,0,0,0
7600264,20105,,12,1,1,1,,11,3,0,,55019,53333,53333,53333
7600265,20163,,2,1,1,1,,1,2,0,,35014,33600,33600,33600
7600266,20358,,6,1,1,1,,5,2,0,,56587,52404,52404,52404
7600267,19783,,5,1,1,1,,4,3,0,,46221,44355,44355,44355
7600268,17542,,6,5,4,3,,1,2,0,,9007,7480,7480,7480
7600269,22665,,11,1,1,1,,10,5,0,,109429,107089,107089,107089
7600270,22728,,7,1,1,1,,6,4,0,,138188,137563,137563,137563
7600271,22920,,8,3,3,2,,5,2,0,,66825,65892,65892,65892
7600272,22278,,2,1,1,1,,1,2,0,,0,0,0,0
7600273,54085,,17,4,4,2,,13,2,0,,144126,141301,141301,141301
7600274,22340,,5,1,1,1,,4,4,0,,69333,65471,65471,65471
7600275,22408,,4,1,1,1,,3,3,0,,136621,132844,132844,132844
7600276,22468,,8,4,3,2,,4,4,0,,61747,61231,61231,61231
7600277,21834,,4,1,1,1,,3,3,0,,90372,90158,90158,90158
7600278,21899,,10,5,4,4,,5,4,0,,88150,86167,86167,86167
7600279,21900,,15,5,2,5,,10,4,0,,65427,60571,60571,60571
7600280,21958,,4,1,1,1,,3,4,0,,79871,75949,75949,75949
7600281,22021,,3,1,1,1,,2,3,0,,135886,134897,134897,134897
7600282,21318,,8,3,3,1,,5,4,0,,10354,8613,8613,8613
7600283,21383,,6,3,2,3,,3,5,0,,72865,71802,71802,71802
7600284,20933,,4,1,1,1,,3,4,0,,56964,55833,55833,55833
7600285,21128,,11,8,8,1,,3,5,0,,0,0,0,0
7600286,21129,,10,5,4,1,,5,3,0,,15104,12431,12431,12431
7600287,21193,,13,1,1,1,,12,3,0,,34112,33202,33202,33202
7600288,21195,,5,4,3,3,,1,5,0,,105687,103690,103690,103690
7600289,21253,,9,1,1,1,,8,3,0,,41937,41426,41426,41426
7600290,17670,,14,7,3,6,,7,2,0,,0,0,0,0
7600291,17671,,4,3,1,2,,1,2,0,,122454,117592,117592,117592
7600292,17033,,7,1,1,1,,6,4,0,,77825,72969,72969,72969
7600293,17093,,2,1,1,1,,1,2,0,,20728,17668,17668,17668
7600294,16452,,15,1,1,1,,14,5,0,,67518,64532,64532,64532
7600295,24197,,5,1,1,1,,4,2,0,,105820,105749,105749,105749
7600296,24263,,14,5,5,4,,9,2,0,,14999,13454,13454,13454
7600297,20038,,4,3,1,2,,1,3,0,,131447,130744,130744,130744
7600298,18951,,2,1,1,1,,1,2,0,,52046,51848,51848,51848
7600299,19013,,16,3,3,1,,13,3,0,,74468,73593,73593,73593
7600300,16647,,7,1,1,1,,6,2,0,,36468,36363,36363,36363
7600301,16838,,9,7,7,5,,2,4,0,,59595,58677,58677,58677
7600302,16007,,4,2,2,1,,2,2,0,,110815,107628,107628,107628
7600303,16135,,11,1,1,1,,10,3,0,,14984,12901,12901,12901
7600304,16264,,8,2,2,1,,6,5,0,,123480,123242,123242,123242
7600305,16265,,11,1,1,1,,10,5,0,,117168,114539,114539,114539
7600306,13125,,8,6,1,6,,2,3,0,,0,0,0,0
7600307,13191,,6,5,3,4,,1,5,0,,91670,91192,91192,91192
7600308,13257,,11,5,4,5,,6,4,0,,41348,39862,39862,39862
7600309,13384,,3,2,2,2,,1,2,0,,38573,38153,38153,38153
7600310,13445,,6,1,1,1,,5,2,0,,18456,16510,16510,16510
7600311,13511,,9,1,1,1,,8,5,0,,0,0,0,0
7600312,15560,,7,5,5,2,,2,4,0,,81939,79071,79071,79071
7600313,15685,,10,1,1,1,,9,5,0,,120223,117111,117111,117111
7600314,15686,,12,4,2,2,,8,3,0,,0,0,0,0
7600315,15179,,2,1,1,1,,1,2,0,,37382,36710,36710,36710
7600316,15237,,4,1,1,1,,3,4,0,,65886,64971,64971,64971
7600317,15238,,6,2,2,2,,4,3,0,,59856,57840,57840,57840
7600318,15302,,4,1,1,1,,3,2,0,,0,0,0,0
7600319,15303,,2,1,1,1,,1,2,0,,128306,126231,126231,126231
7600320,15304,,3,1,1,1,,2,2,0,,91312,88444,88444,88444
7600321,15366,,10,1,1,1,,9,2,0,,36387,33257,33257,33257
7600322,15426,,10,1,1,1,,9,5,0,,123869,123540,123540,123540
7600323,15493,,7,4,3,4,,3,2,0,,0,0,0,0
7600324,15494,,7,1,1,1,,6,5,0,,120789,117581,117581,117581
7600325,14791,,3,1,1,1,,2,2,0,,0,0,0,0
7600326,14919,,6,1,1,1,,5,3,0,,0,0,0,0
7600327,14981,,12,1,1,1,,11,3,0,,100621,95777,95777,95777
7600328,15048,,9,1,1,1,,8,4,0,,27887,23774,23774,23774
7600329,14342,,10,5,1,4,,5,2,0,,37772,33788,33788,33788
7600330,14406,,6,4,2,4,,2,5,0,,73656,68738,68738,68738
7600331,14474,,5,4,3,4,,1,2,0,,114199,113419,113419,113419
7600332,14533,,4,2,2,1,,2,4,0,,22114,18195,18195,18195
7600333,14597,,4,1,1,1,,3,4,0,,110812,107838,107838,107838
7600334,14660,,8,5,5,4,,3,5,0,,57562,55085,55085,55085
7600335,14089,,4,1,1,1,,3,3,0,,31498,27213,27213,27213
7600336,14090,,6,2,1,1,,4,3,0,,38261,36308,36308,36308
7600337,14149,,2,1,1,1,,1,2,0,,49128,47070,47070,47070
7600338,1159,,11,2,2,2,,9,4,0,,47200,43466,43466,43466
7600339,709,,8,1,1,1,,7,5,0,,61725,59088,59088,59088
7600340,59781,,3,1,1,1,,2,3,0,,20401,17372,17372,17372
7600341,58438,,15,5,5,2,,10,3,0,,151783,151647,151647,151647
7600342,58694,,14,4,4,3,,10,2,0,,43582,43313,43313,43313
7600343,14150,,10,2,1,2,,8,4,0,,93032,90430,90430,90430
7600344,14213,,3,2,1,1,,1,2,0,,114263,109511,109511,109511
7600345,14214,,6,1,1,1,,5,2,0,,76275,71941,71941,71941
7600346,14280,,2,1,1,1,,1,2,0,,116647,115454,115454,115454
7600347,13573,,8,1,1,1,,7,5,0,,42121,38585,38585,38585
7600348,13704,,4,3,3,3,,1,2,0,,0,0,0,0
7600349,13769,,13,4,4,2,,9,3,0,,0,0,0,0
7600350,12295,,6,1,1,1,,5,5,0,,80417,79093,79093,79093
7600351,12296,,12,3,1,3,,9,4,0,,90252,90012,90012,90012
7600352,12423,,4,2,1,1,,2,4,0,,105477,104926,104926,104926
7600353,12486,,7,2,1,2,,5,5,0,,27972,27519,27519,27519
7600354,7050,,8,4,3,3,,4,2,0,,89621,86242,86242,86242
7600355,7111,,6,1,1,1,,5,2,0,,0,0,0,0
7600356,7173,,3,2,2,1,,1,3,0,,59944,57637,57637,57637
7600357,7240,,9,3,1,2,,6,2,0,,0,0,0,0
7600358,7300,,5,1,1,1,,4,5,0,,129350,126053,126053,126053
7600359,7366,,9,2,1,1,,7,2,0,,8469,7765,7765,7765
7600360,7367,,12,4,2,2,,8,2,0,,39962,36326,36326,36326
7600361,7368,,6,4,4,2,,2,4,0,,0,0,0,0
7600362,6598,,7,2,1,1,,5,2,0,,0,0,0,0
7600363,6665,,6,1,1,1,,5,3,0,,95996,95006,95006,95006
7600364,6791,,8,5,1,2,,3,4,0,,43121,39222,39222,39222
7600365,6792,,6,1,1,1,,5,2,0,,65322,64713,64713,64713
7600366,5254,,2,1,1,1,,1,2,0,,28106,27277,27277,27277
7600367,5255,,11,1,1,1,,10,3,0,,86647,83096,83096,83096
7600368,6282,,12,1,1,1,,11,5,0,,139413,135184,135184,135184
7600369,6344,,5,1,1,1,,4,3,0,,41676,39705,39705,39705
7600370,6345,,7,2,1,2,,5,5,0,,44634,43024,43024,43024
7600371,6405,,3,1,1,1,,2,3,0,,33903,29576,29576,29576
7600372,6531,,10,2,1,1,,8,3,0,,86592,85997,85997,85997
7600373,5895,,9,3,1,3,,6,4,0,,18161,13420,13420,13420
7600374,5961,,6,1,1,1,,5,5,0,,41287,38621,38621,38621
7600375,6022,,8,1,1,1,,7,2,0,,100056,99637,99637,99637
7600376,8774,,5,1,1,1,,4,4,0,,0,0,0,0
7600377,8841,,3,2,2,1,,1,3,0,,98178,97763,97763,97763
7600378,8965,,14,8,1,8,,6,4,0,,0,0,0,0
7600379,9225,,16,1,1,1,,15,5,0,,66967,62347,62347,62347
7600380,9286,,4,3,2,3,,1,4,0,,54208,51919,51919,51919
7600381,5579,,3,2,1,2,,1,2,0,,71289,70925,70925,70925
7600382,5764,,12,11,8,10,,1,5,0,,71045,69945,69945,69945
7600383,5192,,4,1,1,1,,3,4,0,,107350,104840,104840,104840
7600384,13001,,4,1,1,1,,3,3,0,,0,0,0,0
7600385,4878,,2,1,1,1,,1,2,0,,58146,56740,56740,56740
7600386,60037,,3,1,1,1,,2,2,0,,0,0,0,0
7600387,59591,,3,1,1,1,,2,3,0,,14773,11945,11945,11945
7600388,6406,,3,2,2,1,,1,2,0,,6874,4602,4602,4602
7600389,6407,,5,3,2,3,,2,2,0,,47058,44655,44655,44655
7600390,6470,,17,7,6,3,,10,3,0,,106042,102208,102208,102208
7600391,6530,,4,3,2,2,,1,4,0,,0,0,0,0
7600392,4933,,5,4,2,3,,1,3,0,,73147,69046,69046,69046
7600393,2757,,3,1,1,1,,2,2,0,,42808,41973,41973,41973
7600394,2183,,3,2,1,2,,1,3,0,,0,0,0,0
7600395,2310,,5,2,1,1,,3,5,0,,87703,87030,87030,87030
7600396,7814,,3,1,1,1,,2,3,0,,83774,80400,80400,80400
7600397,7878,,12,4,3,4,,8,4,0,,86712,86059,86059,86059
7600398,60673,,10,1,1,1,,9,4,0,,81232,79742,79742,79742
7600399,60674,,6,2,1,1,,4,4,0,,27318,24317,24317,24317
7600400,60490,,4,1,1,1,,3,4,0,,127818,126652,126652,126652
7600401,60491,,2,1,1,1,,1,2,0,,66388,63212,63212,63212
7600402,60519,,12,1,1,1,,11,4,0,,26476,26100,26100,26100
7600403,60713,,9,1,1,1,,8,2,0,,36379,32898,32898,32898
7600404,60714,,5,1,1,1,,4,4,0,,0,0,0,0
7600405,60715,,15,4,3,4,,11,2,0,,50910,48145,48145,48145
7600406,60716,,6,1,1,1,,5,3,0,,95666,95301,95301,95301
7600407,60719,,4,1,1,1,,3,4,0,,0,0,0,0
7600408,60720,,5,1,1,1,,4,2,0,,94659,92302,92302,92302
7600409,60884,,12,11,10,3,,1,5,0,,38681,34927,34927,34927
7600410,60887,,6,5,4,5,,1,2,0,,37862,36023,36023,36023
7600411,60890,,3,2,1,1,,1,2,0,,56068,53364,53364,53364
7600412,60901,,13,2,1,2,,11,3,0,,37810,35038,35038,35038
7600413,518,,8,2,2,1,,6,5,0,,13669,9624,9624,9624
7600414,647,,4,2,2,1,,2,4,0,,71356,68435,68435,68435
7600415,59977,,11,3,3,1,,8,2,0,,133538,130550,130550,130550
7600416,59465,,5,2,1,2,,3,5,0,,127943,126991,126991,126991
7600417,49414,,10,3,1,3,,7,5,0,,115545,113031,113031,113031
7600418,49415,,2,1,1,1,,1,2,0,,107172,103748,103748,103748
7600419,49474,,14,1,1,1,,13,3,0,,0,0,0,0
7600420,49475,,10,1,1,1,,9,5,0,,109631,108534,108534,108534
7600421,49542,,2,1,1,1,,1,2,0,,30588,27173,27173,27173
7600422,49608,,5,2,1,2,,3,4,0,,69696,64924,64924,64924
7600423,49733,,10,7,7,6,,3,5,0,,76928,75957,75957,75957
7600424,49734,,3,2,2,1,,1,2,0,,19949,19154,19154,19154
7600425,49028,,4,1,1,1,,3,4,0,,13606,13504,13504,13504
7600426,49098,,3,1,1,1,,2,2,0,,79428,74628,74628,74628
7600427,49226,,6,1,1,1,,5,5,0,,87236,82457,82457,82457
7600428,49288,,2,1,1,1,,1,2,0,,9785,5300,5300,5300
7600429,49289,,4,1,1,1,,3,2,0,,119992,119895,119895,119895
7600430,48838,,15,1,1,1,,14,4,0,,54403,53025,53025,53025
7600431,48905,,5,3,3,1,,2,2,0,,62494,62327,62327,62327
7600432,48260,,3,1,1,1,,2,2,0,,53566,49169,49169,49169
7600433,9414,,10,1,1,1,,9,4,0,,61083,59502,59502,59502
7600434,60297,,4,3,1,3,,1,3,0,,72145,69050,69050,69050
7600435,1096,,7,1,1,1,,6,3,0,,104376,99724,99724,99724
7600436,58503,,8,1,1,1,,7,3,0,,73114,71132,71132,71132
7600437,51971,,6,3,3,1,,3,5,0,,97844,96204,96204,96204
7600438,52168,,9,1,1,1,,8,3,0,,40865,36055,36055,36055
7600439,52358,,3,1,1,1,,2,3,0,,62414,62321,62321,62321
7600440,51718,,11,1,1,1,,10,3,0,,87414,87152,87152,87152
7600441,55367,,2,1,1,1,,1,2,0,,53188,48281,48281,48281
7600442,55430,,6,1,1,1,,5,3,0,,57839,53433,53433,53433
7600443,54918,,3,2,2,1,,1,3,0,,56456,54670,54670,54670
7600444,54981,,4,2,1,2,,2,2,0,,148947,144455,144455,144455
7600445,54408,,8,2,2,2,,6,3,0,,57082,53683,53683,53683
7600446,52999,,4,3,2,2,,1,2,0,,17666,12796,12796,12796
7600447,53060,,3,2,1,1,,1,3,0,,53336,50210,50210,50210
7600448,52488,,6,1,1,1,,5,5,0,,72822,71404,71404,71404
7600449,52548,,6,2,2,1,,4,5,0,,70914,67572,67572,67572
7600450,54150,,11,1,1,1,,10,3,0,,54507,49707,49707,49707
7600451,50185,,16,2,2,1,,14,3,0,,0,0,0,0
7600452,50311,,7,3,3,2,,4,3,0,,40768,39065,39065,39065
7600453,50312,,10,9,5,4,,1,5,0,,88185,86785,86785,86785
7600454,50313,,4,2,1,1,,2,4,0,,87430,86222,86222,86222
7600455,50374,,2,1,1,1,,1,2,0,,80418,79492,79492,79492
7600456,50500,,13,2,2,2,,11,4,0,,142836,140753,140753,140753
7600457,50565,,5,1,1,1,,4,5,0,,0,0,0,0
7600458,50631,,4,1,1,1,,3,4,0,,0,0,0,0
7600459,49994,,9,1,1,1,,8,3,0,,92939,88686,88686,88686
7600460,57224,,8,1,1,1,,7,2,0,,72390,71773,71773,71773
7600461,57350,,4,1,1,1,,3,4,0,,32798,31213,31213,31213
7600462,57418,,4,2,1,2,,2,4,0,,134111,132360,132360,132360
7600463,57419,,9,2,1,2,,7,2,0,,30285,25910,25910,25910
7600464,49350,,7,2,1,1,,5,5,0,,31296,29285,29285,29285
7600465,49351,,12,3,2,1,,9,5,0,,26730,24654,24654,24654
7600466,49352,,15,2,2,2,,13,5,0,,5710,1908,1908,1908
7600467,48648,,17,1,1,1,,16,4,0,,49155,47186,47186,47186
7600468,48708,,4,3,3,2,,1,2,0,,27942,26615,26615,26615
7600469,44933,,14,1,1,1,,13,5,0,,84383,83193,83193,83193
7600470,12036,,12,3,3,3,,9,5,0,,59510,55170,55170,55170
7600471,8326,,7,2,1,1,,5,5,0,,98474,97113,97113,97113
7600472,8455,,3,1,1,1,,2,2,0,,7745,5416,5416,5416
7600473,8518,,4,1,1,1,,3,4,0,,20005,19612,19612,19612
7600474,8644,,4,1,1,1,,3,4,0,,69471,69238,69238,69238
7600475,6084,,2,1,1,1,,1,2,0,,53065,51156,51156,51156
7600476,6153,,15,1,1,1,,14,2,0,,30581,29360,29360,29360
7600477,5444,,4,1,1,1,,3,4,0,,72629,68666,68666,68666
7600478,10886,,6,1,1,1,,5,5,0,,75617,71052,71052,71052
7600479,10055,,5,1,1,1,,4,4,0,,56470,55466,55466,55466
7600480,10056,,4,1,1,1,,3,2,0,,133635,132889,132889,132889
7600481,10115,,14,4,1,2,,10,3,0,,33687,31228,31228,31228
7600482,10311,,12,1,1,1,,11,2,0,,20399,19797,19797,19797
7600483,9604,,6,1,1,1,,5,5,0,,32177,28079,28079,28079
7600484,9796,,8,1,1,1,,7,3,0,,4674,3999,3999,3999
7600485,13062,,7,1,1,1,,6,5,0,,82241,79094,79094,79094
7600486,8137,,2,1,1,1,,1,2,0,,14998,13511,13511,13511
7600487,8200,,7,1,1,1,,6,5,0,,63994,60820,60820,60820
7600488,7432,,8,4,4,1,,4,5,0,,144172,140987,140987,140987
7600489,7557,,2,1,1,1,,1,2,0,,41052,38947,38947,38947
7600490,7558,,14,7,2,4,,7,5,0,,125001,123145,123145,123145
7600491,7621,,4,2,1,2,,2,4,0,,126011,121910,121910,121910
7600492,7688,,2,1,1,1,,1,2,0,,51340,48165,48165,48165
7600493,5386,,2,1,1,1,,1,2,0,,101446,100813,100813,100813
7600494,4617,,18,2,1,1,,18,5,0,,53955,52916,52916,52916
7600495,4810,,12,2,2,1,,10,5,0,,88513,85731,85731,85731
7600496,4877,,3,1,1,1,,2,3,0,,104924,101588,101588,101588
7600497,35206,,9,1,1,1,,8,2,0,,113682,109300,109300,109300
7600498,34565,,7,1,1,1,,6,3,0,,80465,80424,80424,80424
7600499,34695,,15,13,12,13,,2,4,0,,62299,60381,60381,60381
