c_id_comune,c_cod_sigla_provincia,c_cod_istat_comune,c_cod_mf_comune,c_de_comune,c_vl_inizio,c_vl_fine,c_dt_agg,c_fk_provincia,c_de_provincia,fk_comune,num_ordinamento
646,PD,028071,H622,ROVOLON,1900-01-01,4712-12-31,2000-05-12,49995,PADOVA,646,1
59396,VE,027024,F241,MIRANO,1900-01-01,4712-12-31,2000-05-12,7051,VENEZIA,59396,1
59527,RO,029016,C967,CONTARINA,1938-02-11,1994-12-31,2003-06-04,32970,ROVIGO,59527,1
58888,VI,024045,E138,GRANCONA,1900-01-01,2017-03-21,2017-05-17,58123,VICENZA,58888,1
58952,VI,024014,B132,BREGANZE,1900-01-01,4712-12-31,2000-05-12,58123,VICENZA,58952,1
48261,PD,028080,I207,SANTA GIUSTINA IN COLLE,1900-01-01,4712-12-31,2000-05-12,49995,PADOVA,48261,1
48328,PD,028048,F011,MASERA' DI PADOVA,1900-01-01,4712-12-31,2000-05-12,49995,PADOVA,48328,1
48389,PD,028017,B524,CAMPODARSEGO,1900-01-01,4712-12-31,2000-05-12,49995,PADOVA,48389,1
48522,VR,023089,L567,VALEGGIO SUL MINCIO,1900-01-01,4712-12-31,2000-05-12,15178,VERONA,48522,1
48523,TV,026060,G909,PORTOBUFFOLE',1900-01-01,2006-02-05,2006-02-06,24075,TREVISO,48523,1
47877,VR,023019,B886,CASALEONE,1900-01-01,4712-12-31,2000-05-12,15178,VERONA,47877,1
48137,VR,023054,F921,NOGAROLE ROCCA,1900-01-01,4712-12-31,2000-05-12,15178,VERONA,48137,1
48198,VR,023023,C370,CAVAION VERONESE,1900-01-01,4712-12-31,2000-05-12,15178,VERONA,48198,1
48199,TV,026056,G408,PEDEROBBA,1900-01-01,4712-12-31,2000-05-12,24075,TREVISO,48199,1
47561,PD,028041,D956,GAZZO,1900-01-01,4712-12-31,2000-05-12,49995,PADOVA,47561,1
47753,VR,023082,I821,SOMMACAMPAGNA,1900-01-01,4712-12-31,2000-05-12,15178,VERONA,47753,1
47819,TV,026084,L058,TARZO,1900-01-01,4712-12-31,2000-05-12,24075,TREVISO,47819,1
47049,VR,023043,E502,LAZISE,1900-01-01,4712-12-31,2000-05-12,15178,VERONA,47049,1
47111,VR,023012,B107,BOVOLONE,1900-01-01,4712-12-31,2000-05-12,15178,VERONA,47111,1
47112,TV,026045,F360,MONFUMO,1900-01-01,4712-12-31,2000-05-12,24075,TREVISO,47112,1
47171,TV,026014,C384,CAVASO DEL TOMBA,1900-01-01,4712-12-31,2000-05-12,24075,TREVISO,47171,1
47240,PD,028037,D442,ESTE,1900-01-01,4712-12-31,2000-05-12,49995,PADOVA,47240,1
47304,PD,028006,A438,ARRE,1900-01-01,4712-12-31,2000-05-12,49995,PADOVA,47304,1
46790,VR,023008,A837,BEVILACQUA,1900-01-01,4712-12-31,2000-05-12,15178,VERONA,46790,1
46278,BL,025064,L692,VAS,1900-01-01,2013-12-27,2000-05-12,41099,BELLUNO,46278,1
46342,BL,025033,E708,LOZZO DI CADORE,1900-01-01,4712-12-31,2000-05-12,41099,BELLUNO,46342,1
46471,PD,028030,C544,CERVARESE SANTA CROCE,1900-01-01,4712-12-31,2000-05-12,49995,PADOVA,46471,1
51910,VI,024029,C605,CHIAMPO,1900-01-01,4712-12-31,2000-05-12,58123,VICENZA,51910,1
51082,VI,024053,E731,LUGO DI VICENZA,1900-01-01,4712-12-31,2000-05-12,58123,VICENZA,51082,1
51142,VI,024022,B511,CAMPIGLIA DEI BERICI,1900-01-01,4712-12-31,2000-05-12,58123,VICENZA,51142,1
51268,VE,027028,G565,PIANIGA,1900-01-01,4712-12-31,2000-05-12,7051,VENEZIA,51268,1
51461,VI,024088,H580,ROSSANO VENETO,1900-01-01,4712-12-31,2000-05-12,58123,VICENZA,51461,1
50697,VI,024081,G943,POVE DEL GRAPPA,1900-01-01,4712-12-31,2000-05-12,58123,VICENZA,50697,1
50758,VI,024049,E403,LAGHI,1900-01-01,4712-12-31,2000-05-12,58123,VICENZA,50758,1
50821,VI,024018,B403,CALDOGNO,1900-01-01,4712-12-31,2000-05-12,58123,VICENZA,50821,1
40714,VR,023097,M172,ZEVIO,1900-01-01,4712-12-31,2000-05-12,15178,VERONA,40714,1
40839,VI,024004,A231,ALTAVILLA VICENTINA,1900-01-01,4712-12-31,2000-05-12,58123,VICENZA,40839,1
40840,PD,028060,G224,PADOVA,1900-01-01,4712-12-31,2000-05-12,49995,PADOVA,40840,1
40071,VR,023027,C890,COLOGNA VENETA,1900-01-01,4712-12-31,2000-05-12,15178,VERONA,40071,1
-813,VE,,D893,MIRA,,,,7051,VENEZIA,16452,1
-1013,VE,,E845,VENEZIA,,,,7051,VENEZIA,32327,1
-1199,VE,,F807,VENEZIA,,,,7051,VENEZIA,32327,1
-1072,VE,,F159,VENEZIA,,,,7051,VENEZIA,32327,1
-742,VE,,D515,VENEZIA,,,,7051,VENEZIA,32327,1
-260,VE,,B273,VENEZIA,,,,7051,VENEZIA,32327,1
-1319,VE,,G425,VENEZIA,,,,7051,VENEZIA,32327,1
-542,VE,,C647,VENEZIA,,,,7051,VENEZIA,32327,1
-2125,VE,,M154,VENEZIA,,,,7051,VENEZIA,32327,1
40132,TV,026029,D680,FONTE,1900-01-01,4712-12-31,2000-05-12,24075,TREVISO,40132,1
40133,PD,028084,I375,SANT'URBANO,1900-01-01,4712-12-31,2000-05-12,49995,PADOVA,40133,1
40201,VE,027003,B546,CAMPOLONGO MAGGIORE,1900-01-01,4712-12-31,2000-05-12,7051,VENEZIA,40201,1
40326,VR,023062,H356,RIVOLI VERONESE,1900-01-01,4712-12-31,2000-05-12,15178,VERONA,40326,1
40392,VR,023031,D317,DOLCE',1900-01-01,4712-12-31,2000-05-12,15178,VERONA,40392,1
40393,TV,026064,H131,QUINTO DI TREVISO,1900-01-01,4712-12-31,2000-05-12,24075,TREVISO,40393,1
40453,TV,026033,E071,GODEGA DI SANT'URBANO,1900-01-01,4712-12-31,2000-05-12,24075,TREVISO,40453,1
39688,TV,026088,L700,VAZZOLA,1900-01-01,4712-12-31,2000-05-12,24075,TREVISO,39688,1
46023,VR,023001,A061,AFFI,1900-01-01,4712-12-31,2000-05-12,15178,VERONA,46023,1
46024,VI,024122,M199,ZUGLIANO,1900-01-01,4712-12-31,2000-05-12,58123,VICENZA,46024,1
46025,BL,025029,E588,LIMANA,1900-01-01,4712-12-31,2000-05-12,41099,BELLUNO,46025,1
46084,TV,026003,A471,ASOLO,1900-01-01,4712-12-31,2000-05-12,24075,TREVISO,46084,1
45701,VI,024118,M032,VILLAVERLA,1900-01-01,4712-12-31,2000-05-12,58123,VICENZA,45701,1
45127,VI,024079,G776,POJANA MAGGIORE,1900-01-01,4712-12-31,2000-05-12,58123,VICENZA,45127,1
45189,BL,025053,I563,SEDICO,1900-01-01,4712-12-31,2000-05-12,41099,BELLUNO,45189,1
45252,BL,025022,D686,FONZASO,1900-01-01,4712-12-31,2000-05-12,41099,BELLUNO,45252,1
44871,BL,025049,I347,SAN TOMASO AGORDINO,1900-01-01,4712-12-31,2000-05-12,41099,BELLUNO,44871,1
44934,BL,025018,D330,DOMEGGE DI CADORE,1900-01-01,4712-12-31,2000-05-12,41099,BELLUNO,44934,1
44360,VI,024072,F922,NOGAROLE VICENTINO,1900-01-01,4712-12-31,2000-05-12,58123,VICENZA,44360,1
44361,PD,028079,I120,SAN PIETRO VIMINARIO,1900-01-01,4712-12-31,2000-05-12,49995,PADOVA,44361,1
-290,RO,,B348,ADRIA,,,,32970,ROVIGO,6598,1
59208,VR,023079,I414,SAN ZENO DI MONTAGNA,1900-01-01,4712-12-31,2000-05-12,15178,VERONA,59208,1
44611,VI,024107,L248,TORREBELVICINO,1900-01-01,4712-12-31,2000-05-12,58123,VICENZA,44611,1
43844,VI,024100,I531,SCHIO,1900-01-01,4712-12-31,2000-05-12,58123,VICENZA,43844,1
43845,BL,025007,A982,BORCA DI CADORE,1900-01-01,4712-12-31,2000-05-12,41099,BELLUNO,43845,1
44039,VI,024068,F696,MONTORSO VICENTINO,1900-01-01,4712-12-31,2000-05-12,58123,VICENZA,44039,1
44103,VI,024037,D156,CRESPADORO,1900-01-01,4712-12-31,2000-05-12,58123,VICENZA,44103,1
44104,BL,025042,H124,QUERO,1900-01-01,2013-12-27,2000-05-12,41099,BELLUNO,44104,1
44165,BL,025011,C577,CESIOMAGGIORE,1900-01-01,4712-12-31,2000-05-12,41099,BELLUNO,44165,1
43463,VE,027036,I373,SANTO STINO DI LIVENZA,1900-01-01,2013-04-16,2000-05-12,7051,VENEZIA,43463,1
43590,PD,028072,H625,RUBANO,1900-01-01,4712-12-31,2000-05-12,49995,PADOVA,43590,1
43591,RO,029028,E240,GUARDA VENETA,1900-01-01,4712-12-31,2000-05-12,32970,ROVIGO,43591,1
43653,VI,024096,I401,SAN VITO DI LEGUZZANO,1900-01-01,4712-12-31,2000-05-12,58123,VICENZA,43653,1
43014,VI,024026,C037,CASSOLA,1900-01-01,4712-12-31,2000-05-12,58123,VICENZA,43014,1
43273,VI,024061,F464,MONTECCHIO MAGGIORE,1900-01-01,4712-12-31,2000-05-12,58123,VICENZA,43273,1
41606,PD,028067,G823,PONSO,1900-01-01,4712-12-31,2000-05-12,49995,PADOVA,41606,1
41669,RO,029041,H620,ROVIGO,1900-01-01,4712-12-31,2000-05-12,32970,ROVIGO,41669,1
41098,VR,023069,H783,SAN BONIFACIO,1900-01-01,4712-12-31,2000-05-12,15178,VERONA,41098,1
41159,VR,023038,E171,GREZZANA,1900-01-01,4712-12-31,2000-05-12,15178,VERONA,41159,1
41221,PD,028095,L497,URBANA,1900-01-01,4712-12-31,2000-05-12,49995,PADOVA,41221,1
40518,PD,028056,F394,MONTAGNANA,1900-01-01,4712-12-31,2000-05-12,49995,PADOVA,40518,1
40579,PD,028025,B834,CARRARA SANTO STEFANO,1900-01-01,1995-03-23,2001-12-24,49995,PADOVA,40579,1
40580,RO,029030,E689,LOREO,1900-01-01,4712-12-31,2000-05-12,32970,ROVIGO,40580,1
47621,PD,028010,A637,BARBONA,1900-01-01,4712-12-31,2000-05-12,49995,PADOVA,47621,1
42757,RO,029052,G926,PORTO VIRO,1995-01-01,4712-12-31,1995-02-15,32970,ROVIGO,42757,1
42821,RO,029021,D568,FICAROLO,1900-01-01,4712-12-31,2000-05-12,32970,ROVIGO,42821,1
42951,VI,024057,E970,MAROSTICA,1900-01-01,4712-12-31,2000-05-12,58123,VICENZA,42951,1
42184,VI,024050,E465,LASTEBASSE,1900-01-01,4712-12-31,2000-05-12,58123,VICENZA,42184,1
42185,PD,028106,M300,DUE CARRARE,1995-03-24,4712-12-31,2003-06-10,49995,PADOVA,42185,1
42373,VE,027025,F826,MUSILE DI PIAVE,1900-01-01,4712-12-31,2000-05-12,7051,VENEZIA,42373,1
42439,RO,029048,L939,VILLADOSE,1900-01-01,4712-12-31,2000-05-12,32970,ROVIGO,42439,1
42503,RO,029017,C987,CORBOLA,1900-01-01,4712-12-31,2000-05-12,32970,ROVIGO,42503,1
42567,VI,024085,H361,ROANA,1900-01-01,4712-12-31,2000-05-12,58123,VICENZA,42567,1
41735,RO,029010,B582,CANDA,1900-01-01,4712-12-31,2000-05-12,32970,ROVIGO,41735,1
41864,VI,024046,E184,GRISIGNANO DI ZOCCO,1900-01-01,4712-12-31,2000-05-12,58123,VICENZA,41864,1
41928,VI,024015,B143,BRENDOLA,1900-01-01,4712-12-31,2000-05-12,58123,VICENZA,41928,1
41286,VE,027014,D578,FIESSO D'ARTICO,1900-01-01,4712-12-31,2000-05-12,7051,VENEZIA,41286,1
41348,RO,029037,G782,POLESELLA,1900-01-01,4712-12-31,2000-05-12,32970,ROVIGO,41348,1
41413,VR,023073,I003,SAN MARTINO BUON ALBERGO,1900-01-01,4712-12-31,2000-05-12,15178,VERONA,41413,1
41414,RO,029006,A795,BERGANTINO,1900-01-01,4712-12-31,2000-05-12,32970,ROVIGO,41414,1
41480,TV,026075,I221,SANTA LUCIA DI PIAVE,1900-01-01,4712-12-31,2000-05-12,24075,TREVISO,41480,1
38923,VR,023047,F172,MEZZANE DI SOTTO,1900-01-01,4712-12-31,2000-05-12,15178,VERONA,38923,1
38924,TV,026081,F116,SILEA,1900-01-01,4712-12-31,2000-05-12,24075,TREVISO,38924,1
38980,VR,023016,B304,BUTTAPIETRA,1900-01-01,4712-12-31,2000-05-12,15178,VERONA,38980,1
38981,TV,026049,F770,MOTTA DI LIVENZA,1900-01-01,4712-12-31,2000-05-12,24075,TREVISO,38981,1
39045,TV,026018,C735,CISON DI VALMARINO,1900-01-01,4712-12-31,2000-05-12,24075,TREVISO,39045,1
39239,VR,023051,F789,MOZZECANE,1900-01-01,4712-12-31,2000-05-12,15178,VERONA,39239,1
38152,VR,023040,E349,ISOLA DELLA SCALA,1900-01-01,4712-12-31,2000-05-12,15178,VERONA,38152,1
38153,BL,025068,I345,ZOLDO ALTO,1900-01-01,2016-11-15,2000-05-12,41099,BELLUNO,38153,1
38216,BL,025037,G442,PERAROLO DI CADORE,1900-01-01,4712-12-31,2000-05-12,41099,BELLUNO,38216,1
38217,TV,026042,F190,MIANE,1900-01-01,4712-12-31,2000-05-12,24075,TREVISO,38217,1
38275,TV,026011,C073,CASTELCUCCO,1900-01-01,4712-12-31,2000-05-12,24075,TREVISO,38275,1
38342,PD,028034,C964,CONSELVE,1900-01-01,4712-12-31,2000-05-12,49995,PADOVA,38342,1
38407,PD,028003,A161,ALBIGNASEGO,1900-01-01,4712-12-31,2000-05-12,49995,PADOVA,38407,1
37894,VR,023005,A540,BADIA CALAVENA,1900-01-01,4712-12-31,2000-05-12,15178,VERONA,37894,1
37957,TV,026007,B678,CAPPELLA MAGGIORE,1900-01-01,4712-12-31,2000-05-12,24075,TREVISO,37957,1
37382,BL,025061,L422,TRICHIANA,1900-01-01,2019-01-30,2000-05-12,41099,BELLUNO,37382,1
37446,BL,025030,E622,LIVINALLONGO DEL COL DI LANA,1900-01-01,4712-12-31,2000-05-12,41099,BELLUNO,37446,1
37061,BL,025057,I876,SOVERZENE,1900-01-01,4712-12-31,2000-05-12,41099,BELLUNO,37061,1
37128,BL,025026,E429,LAMON,1900-01-01,4712-12-31,2000-05-12,41099,BELLUNO,37128,1
36807,VI,024115,L723,VELO D'ASTICO,1900-01-01,4712-12-31,2000-05-12,58123,VICENZA,36807,1
36230,VI,024076,G406,PEDEMONTE,1900-01-01,4712-12-31,2000-05-12,58123,VICENZA,36230,1
36292,BL,025050,C919,SANTO STEFANO DI CADORE,1900-01-01,4712-12-31,2000-05-12,41099,BELLUNO,36292,1
43334,VI,024030,C650,CHIUPPANO,1900-01-01,4712-12-31,2000-05-12,58123,VICENZA,43334,1
35717,VI,024104,L156,TEZZE SUL BRENTA,1900-01-01,4712-12-31,2000-05-12,58123,VICENZA,35717,1
35975,BL,025046,I063,SAN NICOLO' DI COMELICO,1900-01-01,4712-12-31,2000-05-12,41099,BELLUNO,35975,1
36037,BL,025015,C920,COMELICO SUPERIORE,1900-01-01,4712-12-31,2000-05-12,41099,BELLUNO,36037,1
35465,PD,028076,H897,SAN GIORGIO IN BOSCO,1900-01-01,4712-12-31,2000-05-12,49995,PADOVA,35465,1
34949,BL,025004,A443,ARSIE',1900-01-01,4712-12-31,2000-05-12,41099,BELLUNO,34949,1
-1661,PD,,I043,BORGORICCO,,,,49995,PADOVA,56517,1
-1495,PD,,H241,CURTAROLO,,,,49995,PADOVA,4296,1
57992,VE,027009,C714,CINTO CAOMAGGIORE,1900-01-01,4712-12-31,2000-05-12,7051,VENEZIA,57992,1
58246,PD,028094,L414,TRIBANO,1900-01-01,4712-12-31,2000-05-12,49995,PADOVA,58246,1
58310,VE,027013,D415,ERACLEA,1951-01-25,4712-12-31,2023-03-16,7051,VENEZIA,58310,1
58371,RO,029036,G673,PINCARA,1900-01-01,4712-12-31,2000-05-12,32970,ROVIGO,58371,1
59209,PD,028105,M103,VO',1900-01-01,4712-12-31,2000-05-12,49995,PADOVA,59209,1
58629,PD,028066,G802,POLVERARA,1900-01-01,4712-12-31,2000-05-12,49995,PADOVA,58629,1
35144,VI,024065,F515,MONTEGALDELLA,1900-01-01,4712-12-31,2000-05-12,58123,VICENZA,35144,1
39430,PD,028045,E592,LIMENA,1900-01-01,4712-12-31,2000-05-12,49995,PADOVA,39430,1
39493,PD,028014,B106,BOVOLENTA,1900-01-01,4712-12-31,2000-05-12,49995,PADOVA,39493,1
39625,VR,023086,L287,TORRI DEL BENACO,1900-01-01,4712-12-31,2000-05-12,15178,VERONA,39625,1
29447,PD,028031,C713,CINTO EUGANEO,1900-01-01,4712-12-31,2000-05-12,49995,PADOVA,29447,1
28999,VR,023002,A137,ALBAREDO D'ADIGE,1900-01-01,4712-12-31,2000-05-12,15178,VERONA,28999,1
29060,TV,026004,B061,BORSO DEL GRAPPA,1900-01-01,4712-12-31,2000-05-12,24075,TREVISO,29060,1
34058,VI,024054,E762,LUSIANA,1900-01-01,2019-02-20,2000-05-12,58123,VICENZA,34058,1
34117,VI,024023,B547,CAMPOLONGO SUL BRENTA,1900-01-01,2019-01-30,2000-05-12,58123,VICENZA,34117,1
34244,VE,027029,G914,PORTOGRUARO,1900-01-01,4712-12-31,2000-05-12,7051,VENEZIA,34244,1
34437,VI,024089,H594,ROTZO,1900-01-01,4712-12-31,2000-05-12,58123,VICENZA,34437,1
33672,VI,024082,G957,POZZOLEONE,1900-01-01,4712-12-31,2000-05-12,58123,VICENZA,33672,1
33800,VI,024019,B433,CALTRANO,1900-01-01,4712-12-31,2000-05-12,58123,VICENZA,33800,1
33159,VE,027018,E215,GRUARO,1900-01-01,4712-12-31,2000-05-12,7051,VENEZIA,33159,1
33288,VR,023077,I259,SANT'AMBROGIO DI VALPOLICELLA,1900-01-01,4712-12-31,2000-05-12,15178,VERONA,33288,1
33289,PD,028103,L947,VILLAFRANCA PADOVANA,1900-01-01,4712-12-31,2000-05-12,49995,PADOVA,33289,1
33349,TV,026079,I578,SEGUSINO,1900-01-01,4712-12-31,2000-05-12,24075,TREVISO,33349,1
33476,VE,027022,F130,MEOLO,1900-01-01,4712-12-31,2000-05-12,7051,VENEZIA,33476,1
33542,RO,029045,I953,STIENTA,1900-01-01,4712-12-31,2000-05-12,32970,ROVIGO,33542,1
23815,VI,024005,A236,ALTISSIMO,1900-01-01,4712-12-31,2000-05-12,58123,VICENZA,23815,1
23816,PD,028061,G461,PERNUMIA,1900-01-01,4712-12-31,2000-05-12,49995,PADOVA,23816,1
32969,VI,024043,D897,GAMBELLARA,1900-01-01,4712-12-31,2000-05-12,58123,VICENZA,32969,1
33032,VI,024012,A703,BASSANO DEL GRAPPA,1900-01-01,4712-12-31,2000-05-12,58123,VICENZA,33032,1
33093,PD,028099,L892,VIGODARZERE,1900-01-01,4712-12-31,2000-05-12,49995,PADOVA,33093,1
32326,TV,026037,E893,MANSUE',1900-01-01,4712-12-31,2000-05-12,24075,TREVISO,32326,1
32327,VE,027042,L736,VENEZIA,1900-01-01,4712-12-31,2000-05-12,7051,VENEZIA,32327,1
32328,PD,028092,L270,TORREGLIA,1900-01-01,4712-12-31,2000-05-12,49995,PADOVA,32328,1
32390,VE,027011,C950,CONCORDIA SAGITTARIA,1900-01-01,4712-12-31,2000-05-12,7051,VENEZIA,32390,1
24074,VI,024040,D496,FARA VICENTINO,1900-01-01,4712-12-31,2000-05-12,58123,VICENZA,24074,1
32450,PD,028029,C057,CASTELBALDO,1900-01-01,4712-12-31,2000-05-12,49995,PADOVA,32450,1
32451,RO,029034,G323,PAPOZZE,1900-01-01,4712-12-31,2000-05-12,32970,ROVIGO,32451,1
23369,VR,023032,D419,ERBE',1900-01-01,4712-12-31,2000-05-12,15178,VERONA,23369,1
23370,TV,026065,H220,REFRONTOLO,1900-01-01,4712-12-31,2000-05-12,24075,TREVISO,23370,1
32518,VR,023070,H916,SAN GIOVANNI ILARIONE,1900-01-01,4712-12-31,2000-05-12,15178,VERONA,32518,1
32519,RO,029003,A435,ARQUA' POLESINE,1900-01-01,4712-12-31,2000-05-12,32970,ROVIGO,32519,1
23429,TV,026034,E092,GORGO AL MONTICANO,1900-01-01,4712-12-31,2000-05-12,24075,TREVISO,23429,1
32584,TV,026072,H843,SAN FIOR,1900-01-01,4712-12-31,2000-05-12,24075,TREVISO,32584,1
23495,PD,028057,F529,MONTEGROTTO TERME,1900-01-01,4712-12-31,2000-05-12,49995,PADOVA,23495,1
32708,VI,024008,A459,ARZIGNANO,1900-01-01,4712-12-31,2000-05-12,58123,VICENZA,32708,1
32709,PD,028064,G688,PIOMBINO DESE,1900-01-01,4712-12-31,2000-05-12,49995,PADOVA,32709,1
23554,PD,028026,B848,CARTURA,1900-01-01,4712-12-31,2000-05-12,49995,PADOVA,23554,1
23555,RO,029031,E761,LUSIA,1900-01-01,4712-12-31,2000-05-12,32970,ROVIGO,23555,1
31942,VI,024001,A093,AGUGLIARO,1900-01-01,4712-12-31,2000-05-12,58123,VICENZA,31942,1
32005,PD,028088,I938,STANGHELLA,1900-01-01,4712-12-31,2000-05-12,49995,PADOVA,32005,1
28676,VI,024119,M145,ZANE',1900-01-01,4712-12-31,2000-05-12,58123,VICENZA,28676,1
30537,PD,028042,E145,GRANTORTO,1900-01-01,4712-12-31,2000-05-12,49995,PADOVA,30537,1
30597,PD,028011,A714,BATTAGLIA TERME,1900-01-01,4712-12-31,2000-05-12,49995,PADOVA,30597,1
30025,VR,023044,E512,LEGNAGO,1900-01-01,4712-12-31,2000-05-12,15178,VERONA,30025,1
30086,VR,023013,B152,BRENTINO BELLUNO,1900-01-01,4712-12-31,2000-05-12,15178,VERONA,30086,1
30087,TV,026046,F443,MONTEBELLUNA,1900-01-01,4712-12-31,2000-05-12,24075,TREVISO,30087,1
30147,TV,026015,C580,CESSALTO,1900-01-01,4712-12-31,2000-05-12,24075,TREVISO,30147,1
30216,PD,028038,D679,FONTANIVA,1900-01-01,4712-12-31,2000-05-12,49995,PADOVA,30216,1
30281,PD,028007,A458,ARZERGRANDE,1900-01-01,4712-12-31,2000-05-12,49995,PADOVA,30281,1
31304,PD,028049,F013,MASI,1900-01-01,4712-12-31,2000-05-12,49995,PADOVA,31304,1
31365,PD,028018,B531,CAMPODORO,1900-01-01,4712-12-31,2000-05-12,49995,PADOVA,31365,1
31498,TV,026061,G933,POSSAGNO,1900-01-01,4712-12-31,2000-05-12,24075,TREVISO,31498,1
30730,VR,023083,I826,SONA,1900-01-01,4712-12-31,2000-05-12,15178,VERONA,30730,1
30794,TV,026085,L402,TREVIGNANO,1900-01-01,4712-12-31,2000-05-12,24075,TREVISO,30794,1
30407,TV,026050,F872,NERVESA DELLA BATTAGLIA,1900-01-01,4712-12-31,2000-05-12,24075,TREVISO,30407,1
29766,VR,023009,A964,BONAVIGO,1900-01-01,4712-12-31,2000-05-12,15178,VERONA,29766,1
58122,VR,023068,H714,SALIZZOLE,1900-01-01,4712-12-31,2000-05-12,15178,VERONA,58122,1
58183,VR,023037,D957,GAZZO VERONESE,1900-01-01,4712-12-31,2000-05-12,15178,VERONA,58183,1
57604,PD,028024,B833,CARRARA SAN GIORGIO,1900-01-01,1995-03-23,2001-12-24,49995,PADOVA,57604,1
58437,VR,023072,H944,SANGUINETTO,1900-01-01,4712-12-31,2000-05-12,15178,VERONA,58437,1
33607,RO,029014,C461,CENESELLI,1900-01-01,4712-12-31,2000-05-12,32970,ROVIGO,33607,1
29255,BL,025065,L890,VIGO DI CADORE,1900-01-01,4712-12-31,2000-05-12,41099,BELLUNO,29255,1
29319,BL,025034,F094,MEL,1900-01-01,2019-01-30,2000-05-12,41099,BELLUNO,29319,1
27335,VI,024073,F957,NOVE,1900-01-01,4712-12-31,2000-05-12,58123,VICENZA,27335,1
26820,VI,024101,I783,SOLAGNA,1900-01-01,4712-12-31,2000-05-12,58123,VICENZA,26820,1
26821,BL,025008,B375,CALALZO DI CADORE,1900-01-01,4712-12-31,2000-05-12,41099,BELLUNO,26821,1
27015,VI,024069,F768,MOSSANO,1900-01-01,2006-02-06,2006-02-07,58123,VICENZA,27015,1
-135,VR,,A758,BRENTINO BELLUNO,,,,15178,VERONA,30086,1
-229,VR,,B151,BRENTINO BELLUNO,,,,15178,VERONA,30086,1
-1095,VR,,F252,VERONA,,,,15178,VERONA,22920,1
-1715,VR,,I246,VERONA,,,,15178,VERONA,22920,1
-1297,VR,,G341,VERONA,,,,15178,VERONA,22920,1
-1655,VR,,I022,VERONA,,,,15178,VERONA,22920,1
-1174,VR,,F691,VERONA,,,,15178,VERONA,22920,1
-1459,VR,,H133,VERONA,,,,15178,VERONA,22920,1
-1466,VR,,H142,VERONA,,,,15178,VERONA,22920,1
-88,VR,,A513,VERONA,,,,15178,VERONA,22920,1
-287,VR,,B342,VERONA,,,,15178,VERONA,22920,1
-1449,VR,,H084,NEGRAR,,,,15178,VERONA,22215,1
-624,VR,,D039,GAZZO VERONESE,,,,15178,VERONA,58183,1
-473,VR,,C326,COSTERMANO,,,,15178,VERONA,57418,1
-149,VR,,A838,BEVILACQUA,,,,15178,VERONA,46790,1
-1030,VR,,E926,SAN MARTINO BUON ALBERGO,,,,15178,VERONA,41413,1
-1211,VR,,F860,SAN PIETRO IN CARIANO,,,,15178,VERONA,50311,1
-1660,VR,,I041,CAPRINO VERONESE,,,,15178,VERONA,4933,1
-230,VR,,B155,FUMANE,,,,15178,VERONA,32262,1
26249,VI,024062,F465,MONTECCHIO PRECALCINO,1900-01-01,4712-12-31,2000-05-12,58123,VICENZA,26249,1
31238,TV,026026,D505,FARRA DI SOLIGO,1900-01-01,4712-12-31,2000-05-12,24075,TREVISO,31238,1
31239,PD,028081,I226,SANTA MARGHERITA D'ADIGE,1900-01-01,2018-02-16,2000-05-12,49995,PADOVA,31239,1
24324,RO,029038,G836,PONTECCHIO POLESINE,1900-01-01,4712-12-31,2000-05-12,32970,ROVIGO,24324,1
24391,VR,023074,H712,SAN MAURO DI SALINE,1900-01-01,4712-12-31,2000-05-12,15178,VERONA,24391,1
24392,PD,028100,L900,VIGONZA,1900-01-01,4712-12-31,2000-05-12,49995,PADOVA,24392,1
24393,RO,029007,B069,BOSARO,1900-01-01,4712-12-31,2000-05-12,32970,ROVIGO,24393,1
24457,TV,026076,I382,SAN VENDEMIANO,1900-01-01,4712-12-31,2000-05-12,24075,TREVISO,24457,1
25415,RO,029049,L967,VILLAMARZANA,1900-01-01,4712-12-31,2000-05-12,32970,ROVIGO,25415,1
24581,PD,028068,G850,PONTELONGO,1900-01-01,4712-12-31,2000-05-12,49995,PADOVA,24581,1
24645,RO,029042,H689,SALARA,1900-01-01,4712-12-31,2000-05-12,32970,ROVIGO,24645,1
24711,RO,029011,C122,CASTELGUGLIELMO,1900-01-01,4712-12-31,2000-05-12,32970,ROVIGO,24711,1
24839,VI,024047,E226,GRUMOLO DELLE ABBADESSE,1900-01-01,4712-12-31,2000-05-12,58123,VICENZA,24839,1
24904,VI,024016,B161,BRESSANVIDO,1900-01-01,4712-12-31,2000-05-12,58123,VICENZA,24904,1
24135,VR,023039,E284,ILLASI,1900-01-01,4712-12-31,2000-05-12,15178,VERONA,24135,1
26311,VI,024031,C734,CISMON DEL GRAPPA,1900-01-01,2019-01-30,2000-05-12,58123,VICENZA,26311,1
26439,VE,027037,I551,SCORZE',1900-01-01,4712-12-31,2000-05-12,7051,VENEZIA,26439,1
26567,PD,028073,H655,SACCOLONGO,1900-01-01,4712-12-31,2000-05-12,49995,PADOVA,26567,1
26568,RO,029029,E522,LENDINARA,1900-01-01,4712-12-31,2000-05-12,32970,ROVIGO,26568,1
26629,VI,024097,I425,SARCEDO,1900-01-01,4712-12-31,2000-05-12,58123,VICENZA,26629,1
25864,VI,024090,F810,SALCEDO,1900-01-01,4712-12-31,2000-05-12,58123,VICENZA,25864,1
25926,VI,024058,F019,MASON VICENTINO,1900-01-01,2019-02-20,2000-05-12,58123,VICENZA,25926,1
25990,VI,024027,C056,CASTEGNERO,1900-01-01,2026-02-20,2026-03-24,58123,VICENZA,25990,1
26053,BL,025001,A083,AGORDO,1900-01-01,4712-12-31,2000-05-12,41099,BELLUNO,26053,1
25479,RO,029018,D105,COSTA DI ROVIGO,1900-01-01,4712-12-31,2000-05-12,32970,ROVIGO,25479,1
25542,VI,024086,H512,ROMANO D'EZZELINO,1900-01-01,4712-12-31,2000-05-12,58123,VICENZA,25542,1
25669,VE,027030,G981,PRAMAGGIORE,1900-01-01,4712-12-31,2000-05-12,7051,VENEZIA,25669,1
25798,RO,029022,D577,FIESSO UMBERTIANO,1900-01-01,4712-12-31,2000-05-12,32970,ROVIGO,25798,1
25161,VI,024051,E671,LONGARE,1900-01-01,4712-12-31,2000-05-12,58123,VICENZA,25161,1
25223,VI,024020,B441,CALVENE,1900-01-01,4712-12-31,2000-05-12,58123,VICENZA,25223,1
25350,VE,027026,F904,NOALE,1900-01-01,4712-12-31,2000-05-12,7051,VENEZIA,25350,1
32073,VE,027007,C422,CEGGIA,1900-01-01,4712-12-31,2000-05-12,7051,VENEZIA,32073,1
32202,VR,023066,H610,ROVEREDO DI GUA',1900-01-01,4712-12-31,2000-05-12,15178,VERONA,32202,1
32262,VR,023035,D818,FUMANE,1900-01-01,4712-12-31,2000-05-12,15178,VERONA,32262,1
32263,TV,026068,H280,RIESE PIO X,1900-01-01,4712-12-31,2000-05-12,24075,TREVISO,32263,1
31558,TV,026030,D794,FREGONA,1900-01-01,4712-12-31,2000-05-12,24075,TREVISO,31558,1
31622,PD,028053,F148,MERLARA,1900-01-01,4712-12-31,2000-05-12,49995,PADOVA,31622,1
31813,VR,023094,L869,VIGASIO,1900-01-01,4712-12-31,2000-05-12,15178,VERONA,31813,1
31113,VR,023055,G080,OPPEANO,1900-01-01,4712-12-31,2000-05-12,15178,VERONA,31113,1
31173,VR,023024,C412,CAZZANO DI TRAMIGNA,1900-01-01,4712-12-31,2000-05-12,15178,VERONA,31173,1
58245,TV,026039,F009,MASER,1900-01-01,4712-12-31,2000-05-12,24075,TREVISO,58245,1
57736,VR,023096,L949,VILLAFRANCA DI VERONA,1900-01-01,4712-12-31,2000-05-12,15178,VERONA,57736,1
57862,VI,024003,A220,ALONTE,1900-01-01,4712-12-31,2000-05-12,58123,VICENZA,57862,1
1416,VI,024071,F838,NANTO,1900-01-01,2026-02-20,2026-03-24,58123,VICENZA,1416,1
1417,PD,028078,I107,SAN PIETRO IN GU',1900-01-01,2012-07-04,2000-05-12,49995,PADOVA,1417,1
1668,VI,024106,D717,TONEZZA DEL CIMONE,1900-01-01,4712-12-31,2000-05-12,58123,VICENZA,1668,1
1222,BL,025010,C458,CENCENIGHE AGORDINO,1900-01-01,4712-12-31,2000-05-12,41099,BELLUNO,1222,1
900,BL,025006,A757,BELLUNO,1900-01-01,4712-12-31,2000-05-12,41099,BELLUNO,900,1
53831,VI,024114,L650,VALSTAGNA,1900-01-01,2019-01-30,2000-05-12,58123,VICENZA,53831,1
53254,VI,024075,G095,ORGIANO,1900-01-01,4712-12-31,2000-05-12,58123,VICENZA,53254,1
31174,TV,026057,G645,PIEVE DI SOLIGO,1900-01-01,4712-12-31,2000-05-12,24075,TREVISO,31174,1
23690,VR,023098,M178,ZIMELLA,1900-01-01,4712-12-31,2000-05-12,15178,VERONA,23690,1
22985,VR,023059,G489,PESCHIERA DEL GARDA,1900-01-01,4712-12-31,2000-05-12,15178,VERONA,22985,1
22986,TV,026093,M118,VOLPAGO DEL MONTELLO,1900-01-01,4712-12-31,2000-05-12,24075,TREVISO,22986,1
23045,VR,023028,C897,COLOGNOLA AI COLLI,1900-01-01,4712-12-31,2000-05-12,15178,VERONA,23045,1
23108,PD,028085,I418,SAONARA,1900-01-01,4712-12-31,2000-05-12,49995,PADOVA,23108,1
23177,VE,027004,B554,CAMPONOGARA,1900-01-01,4712-12-31,2000-05-12,7051,VENEZIA,23177,1
23304,VR,023063,H522,RONCA',1900-01-01,4712-12-31,2000-05-12,15178,VERONA,23304,1
22603,VR,023087,L364,TREGNAGO,1900-01-01,4712-12-31,2000-05-12,15178,VERONA,22603,1
28165,BL,025054,I592,SELVA DI CADORE,1900-01-01,4712-12-31,2000-05-12,41099,BELLUNO,28165,1
28229,BL,025023,B574,CANALE D'AGORDO,1900-01-01,4712-12-31,2000-05-12,41099,BELLUNO,28229,1
27587,VI,024108,L297,TORRI DI QUARTESOLO,1900-01-01,4712-12-31,2000-05-12,58123,VICENZA,27587,1
27910,VI,024112,L554,VALDASTICO,1900-01-01,4712-12-31,2000-05-12,58123,VICENZA,27910,1
27911,BL,025019,D470,FALCADE,1900-01-01,4712-12-31,2000-05-12,41099,BELLUNO,27911,1
27078,VI,024038,D379,DUEVILLE,1900-01-01,4712-12-31,2000-05-12,58123,VICENZA,27078,1
27079,BL,025043,H327,RIVAMONTE AGORDINO,1900-01-01,4712-12-31,2000-05-12,41099,BELLUNO,27079,1
27139,BL,025012,C630,CHIES D'ALPAGO,1900-01-01,4712-12-31,2000-05-12,41099,BELLUNO,27139,1
19206,VI,024077,G560,PIANEZZE,1900-01-01,4712-12-31,2000-05-12,58123,VICENZA,19206,1
19269,BL,025051,I392,SAN VITO DI CADORE,1900-01-01,4712-12-31,2000-05-12,41099,BELLUNO,19269,1
19334,BL,025020,D506,FARRA D'ALPAGO,1900-01-01,2016-11-15,2000-05-12,41099,BELLUNO,19334,1
18692,VI,024105,L157,THIENE,1900-01-01,4712-12-31,2000-05-12,58123,VICENZA,18692,1
18120,VI,024066,F662,MONTEVIALE,1900-01-01,4712-12-31,2000-05-12,58123,VICENZA,18120,1
18182,VI,024035,D107,COSTABISSARA,1900-01-01,4712-12-31,2000-05-12,58123,VICENZA,18182,1
18183,BL,025040,B662,PONTE NELLE ALPI,1900-01-01,4712-12-31,2000-05-12,41099,BELLUNO,18183,1
16518,RO,029046,L026,TAGLIO DI PO,1900-01-01,4712-12-31,2000-05-12,32970,ROVIGO,16518,1
-22,TV,,A136,VEDELAGO,,,,24075,TREVISO,22665,1
-1345,TV,,G578,ODERZO,,,,24075,TREVISO,13384,1
-916,TV,,E408,SAN POLO DI PIAVE,,,,24075,TREVISO,58503,1
-1682,TV,,I101,VALDOBBIADENE,,,,24075,TREVISO,56712,1
-1843,TV,,I890,SAN BIAGIO DI CALLALTA,,,,24075,TREVISO,49608,1
-1498,TV,,H252,REVINE LAGO,,,,24075,TREVISO,49289,1
-1795,TV,,I664,VITTORIO VENETO,,,,24075,TREVISO,40010,1
-504,TV,,C460,VITTORIO VENETO,,,,24075,TREVISO,40010,1
16583,RO,029015,C500,CEREGNANO,1900-01-01,4712-12-31,2000-05-12,32970,ROVIGO,16583,1
18441,VI,024070,F829,MUSSOLENTE,1900-01-01,4712-12-31,2000-05-12,58123,VICENZA,18441,1
18442,PD,028077,I008,SAN MARTINO DI LUPARI,1900-01-01,4712-12-31,2000-05-12,49995,PADOVA,18442,1
17735,VI,024094,I117,SAN PIETRO MUSSOLINO,1900-01-01,4712-12-31,2000-05-12,58123,VICENZA,17735,1
17924,BL,025005,A501,AURONZO DI CADORE,1900-01-01,4712-12-31,2000-05-12,41099,BELLUNO,17924,1
20869,VR,023006,A650,BARDOLINO,1900-01-01,4712-12-31,2000-05-12,15178,VERONA,20869,1
20104,VI,024120,M170,ZERMEGHEDO,1900-01-01,4712-12-31,2000-05-12,58123,VICENZA,20104,1
20105,BL,025027,E490,LA VALLE AGORDINA,1900-01-01,4712-12-31,2000-05-12,41099,BELLUNO,20105,1
20163,TV,026001,A237,ALTIVOLE,1900-01-01,4712-12-31,2000-05-12,24075,TREVISO,20163,1
20358,BL,025062,L584,VALLADA AGORDINA,1900-01-01,4712-12-31,2000-05-12,41099,BELLUNO,20358,1
20422,BL,025031,E672,LONGARONE,1900-01-01,2014-02-21,2000-05-12,41099,BELLUNO,20422,1
19783,VI,024116,L840,VICENZA,1900-01-01,4712-12-31,2000-05-12,58123,VICENZA,19783,1
17542,VE,027034,I040,SAN MICHELE AL TAGLIAMENTO,1900-01-01,4712-12-31,2000-05-12,7051,VENEZIA,17542,1
22665,TV,026089,L706,VEDELAGO,1900-01-01,4712-12-31,2000-05-12,24075,TREVISO,22665,1
22728,PD,028050,F033,MASSANZAGO,1900-01-01,4712-12-31,2000-05-12,49995,PADOVA,22728,1
22920,VR,023091,L781,VERONA,1900-01-01,4712-12-31,2000-05-12,15178,VERONA,22920,1
22215,VR,023052,F861,NEGRAR,1900-01-01,2019-02-23,2019-02-19,15178,VERONA,22215,1
22278,VR,023021,C078,CASTEL D'AZZANO,1900-01-01,4712-12-31,2000-05-12,15178,VERONA,22278,1
22279,TV,026054,G221,PADERNO DEL GRAPPA,1900-01-01,2006-02-07,2006-02-08,24075,TREVISO,22279,1
54085,BL,025056,I866,SOSPIROLO,1900-01-01,4712-12-31,2000-05-12,41099,BELLUNO,54085,1
31684,PD,028022,B749,CARCERI,1900-01-01,2024-01-21,2000-05-12,49995,PADOVA,31684,1
22340,TV,026023,D030,CORNUDA,1900-01-01,4712-12-31,2000-05-12,24075,TREVISO,22340,1
22408,PD,028046,E684,LOREGGIA,1900-01-01,4712-12-31,2000-05-12,49995,PADOVA,22408,1
22468,PD,028015,B213,BRUGINE,1900-01-01,4712-12-31,2000-05-12,49995,PADOVA,22468,1
21834,VR,023080,I594,SELVA DI PROGNO,1900-01-01,4712-12-31,2000-05-12,15178,VERONA,21834,1
21899,VR,023048,F218,MINERBE,1900-01-01,4712-12-31,2000-05-12,15178,VERONA,21899,1
21900,TV,026082,I927,SPRESIANO,1900-01-01,4712-12-31,2000-05-12,24075,TREVISO,21900,1
21958,VR,023017,B402,CALDIERO,1900-01-01,4712-12-31,2000-05-12,15178,VERONA,21958,1
22021,TV,026019,C815,CODOGNE',1900-01-01,4712-12-31,2000-05-12,24075,TREVISO,22021,1
21318,PD,028035,D040,CORREZZOLA,1900-01-01,4712-12-31,2000-05-12,49995,PADOVA,21318,1
21383,PD,028004,A296,ANGUILLARA VENETA,1900-01-01,4712-12-31,2000-05-12,49995,PADOVA,21383,1
20933,TV,026008,B744,CARBONERA,1900-01-01,4712-12-31,2000-05-12,24075,TREVISO,20933,1
21128,VR,023041,E358,ISOLA RIZZA,1900-01-01,4712-12-31,2000-05-12,15178,VERONA,21128,1
21129,BL,025069,M189,ZOPPE' DI CADORE,1900-01-01,4712-12-31,2000-05-12,41099,BELLUNO,21129,1
21193,VR,023010,B070,BOSCHI SANT'ANNA,1900-01-01,4712-12-31,2000-05-12,15178,VERONA,21193,1
21194,BL,025038,G638,PIEVE D'ALPAGO,1900-01-01,2016-11-15,2000-05-12,41099,BELLUNO,21194,1
21195,TV,026043,F269,MOGLIANO VENETO,1900-01-01,4712-12-31,2000-05-12,24075,TREVISO,21195,1
21253,TV,026012,C111,CASTELFRANCO VENETO,1900-01-01,4712-12-31,2000-05-12,24075,TREVISO,21253,1
17670,PD,028070,G963,POZZONOVO,1900-01-01,4712-12-31,2000-05-12,49995,PADOVA,17670,1
17671,RO,029026,D942,GAVELLO,1900-01-01,4712-12-31,2000-05-12,32970,ROVIGO,17671,1
17033,VI,024055,E864,MALO,1900-01-01,4712-12-31,2000-05-12,58123,VICENZA,17033,1
17093,VI,024024,B835,CARRE',1900-01-01,4712-12-31,2000-05-12,58123,VICENZA,17093,1
16452,VE,027023,F229,MIRA,1900-01-01,4712-12-31,2000-05-12,7051,VENEZIA,16452,1
24197,PD,028096,L710,VEGGIANO,1900-01-01,4712-12-31,2000-05-12,49995,PADOVA,24197,1
24263,VE,027015,D740,FOSSALTA DI PIAVE,1900-01-01,4712-12-31,2000-05-12,7051,VENEZIA,24263,1
20038,BL,025058,I673,SOVRAMONTE,1900-01-01,4712-12-31,2000-05-12,41099,BELLUNO,20038,1
18951,BL,025047,I088,SAN PIETRO DI CADORE,1900-01-01,4712-12-31,2000-05-12,41099,BELLUNO,18951,1
19013,BL,025016,A266,CORTINA D'AMPEZZO,1900-01-01,4712-12-31,2000-05-12,41099,BELLUNO,19013,1
16647,VI,024083,H134,QUINTO VICENTINO,1900-01-01,4712-12-31,2000-05-12,58123,VICENZA,16647,1
16838,RO,029050,L985,VILLANOVA DEL GHEBBO,1900-01-01,4712-12-31,2000-05-12,32970,ROVIGO,16838,1
15945,VI,024044,D902,GAMBUGLIANO,1900-01-01,2024-01-21,2000-05-12,58123,VICENZA,15945,1
16007,VI,024013,A954,BOLZANO VICENTINO,1900-01-01,4712-12-31,2000-05-12,58123,VICENZA,16007,1
16135,VE,027019,C388,JESOLO,1900-01-01,4712-12-31,2000-05-12,7051,VENEZIA,16135,1
16264,VR,023078,I292,SANT'ANNA D'ALFAEDO,1900-01-01,4712-12-31,2000-05-12,15178,VERONA,16264,1
16265,PD,028104,L979,VILLANOVA DI CAMPOSAMPIERO,1900-01-01,4712-12-31,2003-06-10,49995,PADOVA,16265,1
13125,TV,026016,C614,CHIARANO,1900-01-01,4712-12-31,2000-05-12,24075,TREVISO,13125,1
13191,PD,028039,D879,GALLIERA VENETA,1900-01-01,4712-12-31,2000-05-12,49995,PADOVA,13191,1
13257,PD,028008,A568,BAGNOLI DI SOPRA,1900-01-01,4712-12-31,2000-05-12,49995,PADOVA,13257,1
13384,TV,026051,F999,ODERZO,1900-01-01,4712-12-31,2000-05-12,24075,TREVISO,13384,1
13445,TV,026020,C848,COLLE UMBERTO,1900-01-01,4712-12-31,2000-05-12,24075,TREVISO,13445,1
13511,PD,028043,E146,GRANZE,1900-01-01,4712-12-31,2000-05-12,49995,PADOVA,13511,1
15560,TV,026073,I103,SAN PIETRO DI FELETTO,1900-01-01,4712-12-31,2000-05-12,24075,TREVISO,15560,1
15685,VI,024009,A465,ASIAGO,1900-01-01,4712-12-31,2000-05-12,58123,VICENZA,15685,1
15686,PD,028065,G693,PIOVE DI SACCO,1900-01-01,4712-12-31,2000-05-12,49995,PADOVA,15686,1
-1066,BL,,F124,AURONZO DI CADORE,,,,41099,BELLUNO,17924,1
15179,VR,023067,H608,ROVERE' VERONESE,1900-01-01,4712-12-31,2000-05-12,15178,VERONA,15179,1
15237,VR,023036,D915,GARDA,1900-01-01,4712-12-31,2000-05-12,15178,VERONA,15237,1
15238,TV,026069,H523,RONCADE,1900-01-01,4712-12-31,2000-05-12,24075,TREVISO,15238,1
15302,TV,026038,E940,MARENO DI PIAVE,1900-01-01,4712-12-31,2000-05-12,24075,TREVISO,15302,1
15303,VE,027043,L899,VIGONOVO,1900-01-01,4712-12-31,2000-05-12,7051,VENEZIA,15303,1
15304,PD,028093,L349,TREBASELEGHE,1900-01-01,4712-12-31,2000-05-12,49995,PADOVA,15304,1
15366,VE,027012,D325,DOLO,1900-01-01,4712-12-31,2000-05-12,7051,VENEZIA,15366,1
15426,RO,029035,G525,PETTORAZZA GRIMANI,1900-01-01,4712-12-31,2000-05-12,32970,ROVIGO,15426,1
15493,VR,023071,H924,SAN GIOVANNI LUPATOTO,1900-01-01,4712-12-31,2000-05-12,15178,VERONA,15493,1
15494,RO,029004,A539,BADIA POLESINE,1900-01-01,4712-12-31,2000-05-12,32970,ROVIGO,15494,1
14791,VR,023095,L912,VILLA BARTOLOMEA,1900-01-01,4712-12-31,2000-05-12,15178,VERONA,14791,1
14919,VI,024002,A154,ALBETTONE,1900-01-01,4712-12-31,2000-05-12,58123,VICENZA,14919,1
14981,PD,028089,L100,TEOLO,1900-01-01,4712-12-31,2000-05-12,49995,PADOVA,14981,1
15048,VE,027008,C638,CHIOGGIA,1900-01-01,4712-12-31,2000-05-12,7051,VENEZIA,15048,1
14342,PD,028019,B563,CAMPOSAMPIERO,1900-01-01,4712-12-31,2000-05-12,49995,PADOVA,14342,1
14406,VR,023060,G945,POVEGLIANO VERONESE,1900-01-01,4712-12-31,2000-05-12,15178,VERONA,14406,1
14474,TV,026062,G944,POVEGLIANO,1900-01-01,4712-12-31,2000-05-12,24075,TREVISO,14474,1
14533,TV,026031,D854,GAIARINE,1900-01-01,4712-12-31,2000-05-12,24075,TREVISO,14533,1
14597,PD,028054,F161,MESTRINO,1900-01-01,4712-12-31,2000-05-12,49995,PADOVA,14597,1
14660,PD,028023,B795,CARMIGNANO DI BRENTA,1900-01-01,4712-12-31,2000-05-12,49995,PADOVA,14660,1
14089,VR,023056,G297,PALU',1900-01-01,4712-12-31,2000-05-12,15178,VERONA,14089,1
14090,TV,026090,L856,VIDOR,1900-01-01,4712-12-31,2000-05-12,24075,TREVISO,14090,1
14149,VR,023025,C498,CEREA,1900-01-01,4712-12-31,2000-05-12,15178,VERONA,14149,1
1159,VI,024036,D136,CREAZZO,1900-01-01,4712-12-31,2000-05-12,58123,VICENZA,1159,1
709,VI,024095,I353,SANTORSO,1900-01-01,4712-12-31,2000-05-12,58123,VICENZA,709,1
59781,RO,029051,L988,VILLANOVA MARCHESANA,1900-01-01,4712-12-31,2000-05-12,32970,ROVIGO,59781,1
59846,RO,029020,D337,DONADA,1938-02-11,1994-12-31,2003-06-04,32970,ROVIGO,59846,1
58438,RO,029005,A574,BAGNOLO DI PO,1900-01-01,4712-12-31,2000-05-12,32970,ROVIGO,58438,1
58694,RO,029040,H573,ROSOLINA,1900-01-01,4712-12-31,2000-05-12,32970,ROVIGO,58694,1
14150,TV,026058,G846,PONTE DI PIAVE,1900-01-01,4712-12-31,2000-05-12,24075,TREVISO,14150,1
14213,TV,026027,D654,FOLLINA,1900-01-01,4712-12-31,2000-05-12,24075,TREVISO,14213,1
14214,PD,028082,I275,SANT'ANGELO DI PIOVE DI SACCO,1900-01-01,4712-12-31,2000-05-12,49995,PADOVA,14214,1
14280,VE,027001,A302,ANNONE VENETO,1900-01-01,4712-12-31,2000-05-12,7051,VENEZIA,14280,1
13573,PD,028012,A906,BOARA PISANI,1900-01-01,4712-12-31,2000-05-12,49995,PADOVA,13573,1
13704,VR,023084,I850,SORGA',1900-01-01,4712-12-31,2000-05-12,15178,VERONA,13704,1
13769,TV,026086,L407,TREVISO,1900-01-01,4712-12-31,2000-05-12,24075,TREVISO,13769,1
12295,BL,025035,G169,OSPITALE DI CADORE,1900-01-01,4712-12-31,2000-05-12,41099,BELLUNO,12295,1
12296,TV,026040,F012,MASERADA SUL PIAVE,1900-01-01,4712-12-31,2000-05-12,24075,TREVISO,12296,1
-1474,RO,,H169,LENDINARA,,,,32970,ROVIGO,26568,1
-1581,RO,,H667,LENDINARA,,,,32970,ROVIGO,26568,1
-2063,RO,,L918,BADIA POLESINE,,,,32970,ROVIGO,15494,1
-1593,RO,,H728,BADIA POLESINE,,,,32970,ROVIGO,15494,1
-664,RO,,D176,BADIA POLESINE,,,,32970,ROVIGO,15494,1
-262,RO,,B290,ROVIGO,,,,32970,ROVIGO,41669,1
-204,RO,,B060,ROVIGO,,,,32970,ROVIGO,41669,1
-605,RO,,C942,ROVIGO,,,,32970,ROVIGO,41669,1
-1725,RO,,I303,ROVIGO,,,,32970,ROVIGO,41669,1
-167,RO,,A907,ROVIGO,,,,32970,ROVIGO,41669,1
-863,RO,,E176,ROVIGO,,,,32970,ROVIGO,41669,1
-134,RO,,A754,ADRIA,,,,32970,ROVIGO,6598,1
12423,PD,028032,C743,CITTADELLA,1900-01-01,4712-12-31,2000-05-12,49995,PADOVA,12423,1
12486,PD,028001,A001,ABANO TERME,1900-01-01,4712-12-31,2025-08-21,49995,PADOVA,12486,1
7050,VI,024041,D750,FOZA,1900-01-01,4712-12-31,2000-05-12,58123,VICENZA,7050,1
7111,VI,024010,A467,ASIGLIANO VENETO,1900-01-01,4712-12-31,2000-05-12,58123,VICENZA,7111,1
-1408,RO,,G926,DONADA,,,,32970,ROVIGO,60432,1
-2178,RO,,C967,PORTO VIRO,,,,32970,ROVIGO,60432,1
-214,RO,,B095,ADRIA,,,,32970,ROVIGO,6598,1
-1047,RO,,F036,CASTELMASSA,,,,32970,ROVIGO,7688,1
7173,PD,028097,L805,VESCOVANA,1900-01-01,4712-12-31,2000-05-12,49995,PADOVA,7173,1
7240,VE,027016,D741,FOSSALTA DI PORTOGRUARO,1900-01-01,4712-12-31,2000-05-12,7051,VENEZIA,7240,1
7300,RO,029039,G923,PORTO TOLLE,1900-01-01,4712-12-31,2000-05-12,32970,ROVIGO,7300,1
7366,VR,023075,I105,SAN PIETRO DI MORUBIO,1900-01-01,4712-12-31,2000-05-12,15178,VERONA,7366,1
7367,PD,028101,L934,VILLA DEL CONTE,1900-01-01,4712-12-31,2000-05-12,49995,PADOVA,7367,1
7368,RO,029008,B432,CALTO,1900-01-01,4712-12-31,2000-05-12,32970,ROVIGO,7368,1
6598,RO,029001,A059,ADRIA,1900-01-01,4712-12-31,2000-05-12,32970,ROVIGO,6598,1
6665,TV,026070,H706,SALGAREDA,1900-01-01,4712-12-31,2000-05-12,24075,TREVISO,6665,1
6791,VI,024006,A377,ARCUGNANO,1900-01-01,4712-12-31,2000-05-12,58123,VICENZA,6791,1
6792,PD,028062,G534,PIACENZA D'ADIGE,1900-01-01,4712-12-31,2000-05-12,49995,PADOVA,6792,1
5254,VR,023022,C225,CASTELNUOVO DEL GARDA,1900-01-01,4712-12-31,2000-05-12,15178,VERONA,5254,1
5255,TV,026055,G229,PAESE,1900-01-01,4712-12-31,2000-05-12,24075,TREVISO,5255,1
5316,TV,026024,D157,CRESPANO DEL GRAPPA,1900-01-01,2019-01-30,2000-05-12,24075,TREVISO,5316,1
6282,VR,023064,H540,RONCO ALL'ADIGE,1900-01-01,4712-12-31,2000-05-12,15178,VERONA,6282,1
6344,VR,023033,D420,ERBEZZO,1900-01-01,4712-12-31,2000-05-12,15178,VERONA,6344,1
6345,TV,026066,H238,RESANA,1900-01-01,4712-12-31,2000-05-12,24075,TREVISO,6345,1
6405,TV,026035,E373,ISTRANA,1900-01-01,4712-12-31,2000-05-12,24075,TREVISO,6405,1
6531,RO,029032,F095,MELARA,1900-01-01,4712-12-31,2000-05-12,32970,ROVIGO,6531,1
5895,VR,023092,D193,VERONELLA,1900-01-01,4712-12-31,2000-05-12,15178,VERONA,5895,1
5961,TV,026094,M163,ZENSON DI PIAVE,1900-01-01,4712-12-31,2000-05-12,24075,TREVISO,5961,1
6022,VR,023029,C943,CONCAMARISE,1900-01-01,4712-12-31,2000-05-12,15178,VERONA,6022,1
8774,RO,029023,D776,FRASSINELLE POLESINE,1900-01-01,4712-12-31,2000-05-12,32970,ROVIGO,8774,1
8841,VI,024091,H829,SANDRIGO,1900-01-01,4712-12-31,2000-05-12,58123,VICENZA,8841,1
8903,VI,024059,F306,MOLVENA,1900-01-01,2019-02-20,2000-05-12,58123,VICENZA,8903,1
8965,VI,024028,C119,CASTELGOMBERTO,1900-01-01,4712-12-31,2000-05-12,58123,VICENZA,8965,1
9027,BL,025002,A121,ALANO DI PIAVE,1900-01-01,2024-01-21,2000-05-12,41099,BELLUNO,9027,1
9797,BL,025009,C146,CASTELLAVAZZO,1900-01-01,2014-02-21,2000-05-12,41099,BELLUNO,9797,1
9225,VI,024063,F486,MONTE DI MALO,1900-01-01,4712-12-31,2000-05-12,58123,VICENZA,9225,1
9286,VI,024032,C824,COGOLLO DEL CENGIO,1900-01-01,4712-12-31,2000-05-12,58123,VICENZA,9286,1
5579,VR,023088,L396,TREVENZUOLO,1900-01-01,4712-12-31,2000-05-12,15178,VERONA,5579,1
5704,PD,028051,F091,MEGLIADINO SAN FIDENZIO,1900-01-01,2018-02-16,2000-05-12,49995,PADOVA,5704,1
5764,PD,028020,B564,CAMPO SAN MARTINO,1900-01-01,4712-12-31,2000-05-12,49995,PADOVA,5764,1
5192,VR,023053,F918,NOGARA,1900-01-01,4712-12-31,2000-05-12,15178,VERONA,5192,1
13001,VR,023045,E848,MALCESINE,1900-01-01,4712-12-31,2000-05-12,15178,VERONA,13001,1
4878,TV,026083,L014,SUSEGANA,1900-01-01,4712-12-31,2000-05-12,24075,TREVISO,4878,1
60037,VI,024025,B844,CARTIGLIANO,1900-01-01,4712-12-31,2000-05-12,58123,VICENZA,60037,1
59591,VI,024084,H214,RECOARO TERME,1900-01-01,4712-12-31,2000-05-12,58123,VICENZA,59591,1
6406,VE,027040,L085,TEGLIO VENETO,1900-01-01,4712-12-31,2000-05-12,7051,VENEZIA,6406,1
6407,PD,028090,L132,TERRASSA PADOVANA,1900-01-01,4712-12-31,2000-05-12,49995,PADOVA,6407,1
6470,PD,028058,F962,NOVENTA PADOVANA,1900-01-01,4712-12-31,2000-05-12,49995,PADOVA,6470,1
6530,PD,028027,B877,CASALE DI SCODOSIA,1900-01-01,4712-12-31,2000-05-12,49995,PADOVA,6530,1
4933,VR,023018,B709,CAPRINO VERONESE,1900-01-01,4712-12-31,2000-05-12,15178,VERONA,4933,1
2757,VI,024117,L952,VILLAGA,1900-01-01,4712-12-31,2000-05-12,58123,VICENZA,2757,1
2183,VI,024078,G694,PIOVENE ROCCHETTE,1900-01-01,4712-12-31,2000-05-12,58123,VICENZA,2183,1
2245,BL,025052,I421,SAPPADA,1900-01-01,2017-12-31,2000-05-12,41099,BELLUNO,2245,1
2310,BL,025021,D530,FELTRE,1900-01-01,4712-12-31,2000-05-12,41099,BELLUNO,2310,1
7814,VI,024048,E354,ISOLA VICENTINA,1900-01-01,4712-12-31,2000-05-12,58123,VICENZA,7814,1
7878,VI,024017,B196,BROGLIANO,1900-01-01,4712-12-31,2000-05-12,58123,VICENZA,7878,1
60673,VI,024124,M401,BARBARANO MOSSANO,2018-02-17,4712-12-31,,58123,VICENZA,60673,1
60674,PD,028107,M402,BORGO VENETO,2018-02-17,4712-12-31,,49995,PADOVA,60674,1
60490,VE,027036,I373,SAN STINO DI LIVENZA,2013-04-17,4712-12-31,,7051,VENEZIA,60490,1
60491,PD,028078,I107,SAN PIETRO IN GU,2012-07-05,4712-12-31,,49995,PADOVA,60491,1
60519,VI,024123,M384,VAL LIONA,2017-03-22,4712-12-31,,58123,VICENZA,60519,1
60713,BL,025074,M421,BORGO VALBELLUNA,2019-01-30,4712-12-31,,41099,BELLUNO,60713,1
60714,TV,026096,M422,PIEVE DEL GRAPPA,2019-01-30,4712-12-31,,24075,TREVISO,60714,1
60715,VI,024125,M423,VALBRENTA,2019-01-30,4712-12-31,,58123,VICENZA,60715,1
60716,VR,023052,F861,NEGRAR DI VALPOLICELLA,2019-02-23,4712-12-31,2019-02-19,15178,VERONA,60716,1
60719,VI,024126,M426,COLCERESA,2019-02-20,4712-12-31,,58123,VICENZA,60719,1
60720,VI,024127,M427,LUSIANA CONCO,2019-02-20,4712-12-31,,58123,VICENZA,60720,1
60873,VE,027506,D415,GRISOLERA,1900-01-01,1951-01-24,2026-02-23,7051,VENEZIA,60873,1
60884,BL,025075,M437,SETTEVILLE,2024-01-22,4712-12-31,,41099,BELLUNO,60884,1
60887,VI,024128,M436,SOVIZZO,2024-01-22,4712-12-31,,58123,VICENZA,60887,1
60890,PD,028108,M438,SANTA CATERINA D'ESTE,2024-01-22,4712-12-31,,49995,PADOVA,60890,1
60896,VI,024109,L394,TRETTO,1900-01-01,1969-06-24,2000-05-12,58123,VICENZA,60896,1
60901,VI,024129,M439,CASTEGNERO NANTO,2026-02-21,4712-12-31,2026-03-24,58123,VICENZA,60901,1
-782,VI,,D721,VALDASTICO,,,,58123,VICENZA,27910,1
-1228,VI,,F946,VALDAGNO,,,,58123,VICENZA,44933,1
-1950,VI,,L394,SCHIO,,,,58123,VICENZA,43844,1
-1010,VI,,E828,SCHIO,,,,58123,VICENZA,43844,1
-1996,VI,,L630,MAROSTICA,,,,58123,VICENZA,42951,1
-666,VI,,D183,MAROSTICA,,,,58123,VICENZA,42951,1
-1948,VI,,L387,ROANA,,,,58123,VICENZA,42567,1
-401,VI,,B992,PEDEMONTE,,,,58123,VICENZA,36230,1
-2001,VI,,L646,BASSANO DEL GRAPPA,,,,58123,VICENZA,33032,1
-8,BL,,XXXX,ALTRI COMUNI,,,,41099,BELLUNO,-1,1
-3,PD,,XXXX,ALTRI COMUNI,,,,49995,PADOVA,-1,1
-2,VE,,XXXX,ALTRI COMUNI,,,,7051,VENEZIA,-1,1
-4,VI,,XXXX,ALTRI COMUNI,,,,58123,VICENZA,-1,1
-5,VR,,XXXX,ALTRI COMUNI,,,,15178,VERONA,-1,1
-6,RO,,XXXX,ALTRI COMUNI,,,,32970,ROVIGO,-1,1
-7,TV,,XXXX,ALTRI COMUNI,,,,24075,TREVISO,-1,1
-1,XX,,XXXX,FUORI VENETO,,,,-1,ALTRE,-1,2
1160,BL,025041,H092,PUOS D'ALPAGO,1900-01-01,2016-11-15,2000-05-12,41099,BELLUNO,1160,1
518,VE,027035,I242,SANTA MARIA DI SALA,1900-01-01,4712-12-31,2000-05-12,7051,VENEZIA,518,1
647,RO,029027,E008,GIACCIANO CON BARUCHELLA,1900-01-01,4712-12-31,2000-05-12,32970,ROVIGO,647,1
59977,VI,024056,E912,MARANO VICENTINO,1900-01-01,4712-12-31,2000-05-12,58123,VICENZA,59977,1
59465,RO,029047,L359,TRECENTA,1900-01-01,4712-12-31,2000-05-12,32970,ROVIGO,59465,1
50117,PD,028098,L878,VIGHIZZOLO D'ESTE,1900-01-01,2024-01-21,2000-05-12,49995,PADOVA,50117,1
49414,VE,027010,C938,CONA,1900-01-01,4712-12-31,2000-05-12,7051,VENEZIA,49414,1
49415,PD,028059,G167,OSPEDALETTO EUGANEO,1900-01-01,4712-12-31,2000-05-12,49995,PADOVA,49415,1
49474,PD,028028,B912,CASALSERUGO,1900-01-01,4712-12-31,2000-05-12,49995,PADOVA,49474,1
49475,RO,029033,F994,OCCHIOBELLO,1900-01-01,4712-12-31,2000-05-12,32970,ROVIGO,49475,1
49542,RO,029002,A400,ARIANO NEL POLESINE,1900-01-01,4712-12-31,2000-05-12,32970,ROVIGO,49542,1
49608,TV,026071,H781,SAN BIAGIO DI CALLALTA,1900-01-01,4712-12-31,2000-05-12,24075,TREVISO,49608,1
49733,VI,024007,A444,ARSIERO,1900-01-01,4712-12-31,2000-05-12,58123,VICENZA,49733,1
49734,PD,028063,G587,PIAZZOLA SUL BRENTA,1900-01-01,4712-12-31,2000-05-12,49995,PADOVA,49734,1
49028,PD,028087,I799,SOLESINO,1900-01-01,4712-12-31,2000-05-12,49995,PADOVA,49028,1
49098,VE,027006,C383,CAVARZERE,1900-01-01,4712-12-31,2000-05-12,7051,VENEZIA,49098,1
49226,VR,023065,H606,ROVERCHIARA,1900-01-01,4712-12-31,2000-05-12,15178,VERONA,49226,1
49288,VR,023034,D549,FERRARA DI MONTE BALDO,1900-01-01,4712-12-31,2000-05-12,15178,VERONA,49288,1
49289,TV,026067,H253,REVINE LAGO,1900-01-01,4712-12-31,2000-05-12,24075,TREVISO,49289,1
48838,VR,023093,L810,VESTENANOVA,1900-01-01,4712-12-31,2000-05-12,15178,VERONA,48838,1
48905,TV,026095,M171,ZERO BRANCO,1900-01-01,4712-12-31,2000-05-12,24075,TREVISO,48905,1
48260,TV,026025,C670,CROCETTA DEL MONTELLO,1900-01-01,4712-12-31,2000-05-12,24075,TREVISO,48260,1
9414,VE,027038,I908,SPINEA,1900-01-01,4712-12-31,2000-05-12,7051,VENEZIA,9414,1
60297,VI,024060,F442,MONTEBELLO VICENTINO,1900-01-01,4712-12-31,2000-05-12,58123,VICENZA,60297,1
1096,VI,024067,F675,MONTICELLO CONTE OTTO,1900-01-01,4712-12-31,2000-05-12,58123,VICENZA,1096,1
58503,TV,026074,I124,SAN POLO DI PIAVE,1900-01-01,4712-12-31,2000-05-12,24075,TREVISO,58503,1
51971,BL,025003,A206,ALLEGHE,1900-01-01,4712-12-31,2000-05-12,41099,BELLUNO,51971,1
52168,VI,024064,F514,MONTEGALDA,1900-01-01,4712-12-31,2000-05-12,58123,VICENZA,52168,1
52229,VI,024033,C949,CONCO,1900-01-01,2019-02-20,2000-05-12,58123,VICENZA,52229,1
52358,VE,027039,I965,STRA,1900-01-01,4712-12-31,2000-05-12,7051,VENEZIA,52358,1
51588,VE,027032,H735,SALZANO,1900-01-01,2005-11-17,2005-11-18,7051,VENEZIA,51588,1
51718,RO,029024,D788,FRATTA POLESINE,1900-01-01,4712-12-31,2000-05-12,32970,ROVIGO,51718,1
51784,VI,024092,H863,SAN GERMANO DEI BERICI,1900-01-01,2017-03-21,2017-05-17,58123,VICENZA,51784,1
55367,PD,028033,C812,CODEVIGO,1900-01-01,4712-12-31,2000-05-12,49995,PADOVA,55367,1
55430,PD,028002,A075,AGNA,1900-01-01,4712-12-31,2000-05-12,49995,PADOVA,55430,1
54918,VR,023004,A374,ARCOLE,1900-01-01,4712-12-31,2000-05-12,15178,VERONA,54918,1
54981,TV,026006,B349,CAERANO DI SAN MARCO,1900-01-01,4712-12-31,2000-05-12,24075,TREVISO,54981,1
54408,BL,025060,L040,TAMBRE,1900-01-01,4712-12-31,2000-05-12,41099,BELLUNO,54408,1
52999,BL,025045,H938,SAN GREGORIO NELLE ALPI,1900-01-01,4712-12-31,2000-05-12,41099,BELLUNO,52999,1
53060,BL,025014,C872,COLLE SANTA LUCIA,1900-01-01,4712-12-31,2000-05-12,41099,BELLUNO,53060,1
52488,PD,028075,H893,SAN GIORGIO DELLE PERTICHE,1900-01-01,4712-12-31,2000-05-12,49995,PADOVA,52488,1
52548,VI,024099,I527,SCHIAVON,1900-01-01,4712-12-31,2000-05-12,58123,VICENZA,52548,1
54150,BL,025025,E113,GOSALDO,1900-01-01,4712-12-31,2000-05-12,41099,BELLUNO,54150,1
50185,VE,027017,D748,FOSSO',1900-01-01,4712-12-31,2000-05-12,7051,VENEZIA,50185,1
50311,VR,023076,I109,SAN PIETRO IN CARIANO,1900-01-01,4712-12-31,2000-05-12,15178,VERONA,50311,1
50312,PD,028102,L937,VILLA ESTENSE,1900-01-01,4712-12-31,2000-05-12,49995,PADOVA,50312,1
50313,RO,029009,B578,CANARO,1900-01-01,4712-12-31,2000-05-12,32970,ROVIGO,50313,1
50374,TV,026078,I435,SARMEDE,1900-01-01,4712-12-31,2000-05-12,24075,TREVISO,50374,1
50500,VE,027021,E980,MARTELLAGO,1900-01-01,4712-12-31,2000-05-12,7051,VENEZIA,50500,1
50565,RO,029044,H996,SAN MARTINO DI VENEZZE,1900-01-01,4712-12-31,2000-05-12,32970,ROVIGO,50565,1
50631,RO,029013,C215,CASTELNOVO BARIANO,1900-01-01,4712-12-31,2000-05-12,32970,ROVIGO,50631,1
49994,VI,024042,D882,GALLIO,1900-01-01,4712-12-31,2000-05-12,58123,VICENZA,49994,1
50055,VI,024011,A627,BARBARANO VICENTINO,1900-01-01,2018-02-16,2000-05-12,58123,VICENZA,50055,1
57224,VE,027002,B493,CAMPAGNA LUPIA,1900-01-01,4712-12-31,2000-05-12,7051,VENEZIA,57224,1
57350,VR,023061,H048,PRESSANA,1900-01-01,4712-12-31,2000-05-12,15178,VERONA,57350,1
57418,VR,023030,D118,COSTERMANO SUL GARDA,1900-01-01,4712-12-31,2017-06-22,15178,VERONA,57418,1
57419,TV,026063,H022,PREGANZIOL,1900-01-01,4712-12-31,2000-05-12,24075,TREVISO,57419,1
52740,VI,024103,I879,SOVIZZO,1900-01-01,2024-01-21,2000-05-12,58123,VICENZA,52740,1
49350,TV,026036,E692,LORIA,1900-01-01,4712-12-31,2000-05-12,24075,TREVISO,49350,1
49351,VE,027041,L267,TORRE DI MOSTO,1900-01-01,4712-12-31,2000-05-12,7051,VENEZIA,49351,1
49352,PD,028091,L199,TOMBOLO,1900-01-01,4712-12-31,2000-05-12,49995,PADOVA,49352,1
48648,PD,028052,F092,MEGLIADINO SAN VITALE,1900-01-01,4712-12-31,2000-05-12,49995,PADOVA,48648,1
48708,PD,028021,B589,CANDIANA,1900-01-01,4712-12-31,2000-05-12,49995,PADOVA,48708,1
44933,VI,024111,L551,VALDAGNO,1900-01-01,4712-12-31,2000-05-12,58123,VICENZA,44933,1
12036,TV,026005,B128,BREDA DI PIAVE,1900-01-01,4712-12-31,2000-05-12,24075,TREVISO,12036,1
8326,VE,027027,F963,NOVENTA DI PIAVE,1900-01-01,4712-12-31,2000-05-12,7051,VENEZIA,8326,1
8455,RO,029019,D161,CRESPINO,1900-01-01,4712-12-31,2000-05-12,32970,ROVIGO,8455,1
8518,VI,024087,H556,ROSA',1900-01-01,4712-12-31,2000-05-12,58123,VICENZA,8518,1
8644,VE,027031,H117,QUARTO D'ALTINO,1900-01-01,4712-12-31,2000-05-12,7051,VENEZIA,8644,1
6084,PD,028086,I595,SELVAZZANO DENTRO,1900-01-01,4712-12-31,2000-05-12,49995,PADOVA,6084,1
6153,VE,027005,B642,CAORLE,1900-01-01,4712-12-31,2000-05-12,7051,VENEZIA,6153,1
5444,PD,028016,B345,CADONEGHE,1900-01-01,4712-12-31,2000-05-12,49995,PADOVA,5444,1
10886,VI,024113,L624,VALLI DEL PASUBIO,1900-01-01,4712-12-31,2000-05-12,58123,VICENZA,10886,1
10055,VI,024039,D407,ENEGO,1900-01-01,4712-12-31,2000-05-12,58123,VICENZA,10055,1
10056,BL,025044,H379,ROCCA PIETORE,1900-01-01,4712-12-31,2000-05-12,41099,BELLUNO,10056,1
10115,BL,025013,C672,CIBIANA DI CADORE,1900-01-01,4712-12-31,2000-05-12,41099,BELLUNO,10115,1
10311,VI,024074,F964,NOVENTA VICENTINA,1900-01-01,4712-12-31,2000-05-12,58123,VICENZA,10311,1
9543,PD,028074,H705,SALETTO,1900-01-01,2018-02-16,2000-05-12,49995,PADOVA,9543,1
9604,VI,024098,I430,SAREGO,1900-01-01,4712-12-31,2000-05-12,58123,VICENZA,9604,1
9796,VI,024102,I867,SOSSANO,1900-01-01,4712-12-31,2000-05-12,58123,VICENZA,9796,1
13061,VR,023014,B154,BRENZONE,1900-01-01,2014-02-21,2000-05-12,15178,VERONA,13061,1
13062,TV,026047,F725,MORGANO,1900-01-01,4712-12-31,2000-05-12,24075,TREVISO,13062,1
8137,VI,024052,E682,LONIGO,1900-01-01,4712-12-31,2000-05-12,58123,VICENZA,8137,1
8200,VI,024021,B485,CAMISANO VICENTINO,1900-01-01,4712-12-31,2000-05-12,58123,VICENZA,8200,1
7432,TV,026077,I417,SAN ZENONE DEGLI EZZELINI,1900-01-01,4712-12-31,2000-05-12,24075,TREVISO,7432,1
7557,VE,027020,E936,MARCON,1900-01-01,4712-12-31,2000-05-12,7051,VENEZIA,7557,1
7558,PD,028069,G855,PONTE SAN NICOLO',1900-01-01,4712-12-31,2000-05-12,49995,PADOVA,7558,1
7621,RO,029043,H768,SAN BELLINO,1900-01-01,4712-12-31,2000-05-12,32970,ROVIGO,7621,1
7688,RO,029012,C207,CASTELMASSA,1900-01-01,4712-12-31,2000-05-12,32970,ROVIGO,7688,1
5386,PD,028047,E709,LOZZO ATESTINO,1900-01-01,4712-12-31,2000-05-12,49995,PADOVA,5386,1
4617,PD,028040,D889,GALZIGNANO TERME,1900-01-01,4712-12-31,2000-05-12,49995,PADOVA,4617,1
4810,VR,023081,I775,SOAVE,1900-01-01,4712-12-31,2000-05-12,15178,VERONA,4810,1
4877,VR,023049,F461,MONTECCHIA DI CROSARA,1900-01-01,4712-12-31,2000-05-12,15178,VERONA,4877,1
35206,VI,024034,D020,CORNEDO VICENTINO,1900-01-01,4712-12-31,2000-05-12,58123,VICENZA,35206,1
34565,VE,027033,H823,SAN DONA' DI PIAVE,1900-01-01,4712-12-31,2000-05-12,7051,VENEZIA,34565,1
34695,RO,029025,D855,GAIBA,1900-01-01,4712-12-31,2000-05-12,32970,ROVIGO,34695,1
34759,VI,024093,I047,SAN NAZARIO,1900-01-01,2019-01-30,2000-05-12,58123,VICENZA,34759,1
39944,VR,023090,L722,VELO VERONESE,1900-01-01,4712-12-31,2000-05-12,15178,VERONA,39944,1
40009,VR,023058,G481,PESCANTINA,1900-01-01,4712-12-31,2000-05-12,15178,VERONA,40009,1
40010,TV,026092,M089,VITTORIO VENETO,1900-01-01,4712-12-31,2000-05-12,24075,TREVISO,40010,1
39304,VR,023020,C041,CASTAGNARO,1900-01-01,4712-12-31,2000-05-12,15178,VERONA,39304,1
39305,TV,026053,G123,ORSAGO,1900-01-01,4712-12-31,2000-05-12,24075,TREVISO,39305,1
39364,TV,026022,C992,CORDIGNANO,1900-01-01,4712-12-31,2000-05-12,24075,TREVISO,39364,1
57477,TV,026032,E021,GIAVERA DEL MONTELLO,1900-01-01,4712-12-31,2000-05-12,24075,TREVISO,57477,1
57541,PD,028055,F382,MONSELICE,1900-01-01,4712-12-31,2000-05-12,49995,PADOVA,57541,1
57033,VR,023057,G365,PASTRENGO,1900-01-01,4712-12-31,2000-05-12,15178,VERONA,57033,1
57034,TV,026091,M048,VILLORBA,1900-01-01,2006-01-14,2006-01-15,24075,TREVISO,57034,1
57093,VR,023026,C538,CERRO VERONESE,1900-01-01,4712-12-31,2000-05-12,15178,VERONA,57093,1
57094,TV,026059,G875,PONZANO VENETO,1900-01-01,4712-12-31,2000-05-12,24075,TREVISO,57094,1
57157,TV,026028,D674,FONTANELLE,1900-01-01,4712-12-31,2000-05-12,24075,TREVISO,57157,1
57158,PD,028083,I319,SANT'ELENA,1900-01-01,4712-12-31,2000-05-12,49995,PADOVA,57158,1
56388,TV,026021,C957,CONEGLIANO,1900-01-01,4712-12-31,2000-05-12,24075,TREVISO,56388,1
56454,PD,028044,E515,LEGNARO,1900-01-01,4712-12-31,2000-05-12,49995,PADOVA,56454,1
56517,PD,028013,B031,BORGORICCO,1900-01-01,4712-12-31,2000-05-12,49995,PADOVA,56517,1
56649,VR,023085,L136,TERRAZZO,1900-01-01,4712-12-31,2000-05-12,15178,VERONA,56649,1
56712,TV,026087,L565,VALDOBBIADENE,1900-01-01,4712-12-31,2000-05-12,24075,TREVISO,56712,1
55945,VR,023046,E911,MARANO DI VALPOLICELLA,1900-01-01,4712-12-31,2000-05-12,15178,VERONA,55945,1
55946,TV,026080,I635,SERNAGLIA DELLA BATTAGLIA,1900-01-01,4712-12-31,2000-05-12,24075,TREVISO,55946,1
56005,VR,023015,B296,BUSSOLENGO,1900-01-01,4712-12-31,2000-05-12,15178,VERONA,56005,1
56006,TV,026048,F729,MORIAGO DELLA BATTAGLIA,1900-01-01,4712-12-31,2000-05-12,24075,TREVISO,56006,1
56069,TV,026017,C689,CIMADOLMO,1900-01-01,4712-12-31,2000-05-12,24075,TREVISO,56069,1
56201,PD,028009,A613,BAONE,1900-01-01,4712-12-31,2000-05-12,49995,PADOVA,56201,1
56263,VR,023050,F508,MONTEFORTE D'ALPONE,1900-01-01,4712-12-31,2000-05-12,15178,VERONA,56263,1
56328,TV,026052,G115,ORMELLE,1900-01-01,4712-12-31,2000-05-12,24075,TREVISO,56328,1
55176,BL,025067,M124,VOLTAGO AGORDINO,1900-01-01,4712-12-31,2000-05-12,41099,BELLUNO,55176,1
55240,BL,025036,G404,PEDAVENA,1900-01-01,4712-12-31,2000-05-12,41099,BELLUNO,55240,1
55241,TV,026041,F088,MEDUNA DI LIVENZA,1900-01-01,4712-12-31,2000-05-12,24075,TREVISO,55241,1
55299,TV,026010,B965,CASIER,1900-01-01,4712-12-31,2000-05-12,24075,TREVISO,55299,1
11975,VR,023003,A292,ANGIARI,1900-01-01,4712-12-31,2000-05-12,15178,VERONA,11975,1
12232,BL,025066,M108,VODO CADORE,1900-01-01,4712-12-31,2000-05-12,41099,BELLUNO,12232,1
11141,BL,025055,I626,SEREN DEL GRAPPA,1900-01-01,4712-12-31,2000-05-12,41099,BELLUNO,11141,1
11206,BL,025024,D726,FORNO DI ZOLDO,1900-01-01,2016-11-15,2000-05-12,41099,BELLUNO,11206,1
7752,VI,024080,G931,POSINA,1900-01-01,4712-12-31,2000-05-12,58123,VICENZA,7752,1
4168,BL,025039,G642,PIEVE DI CADORE,1900-01-01,4712-12-31,2000-05-12,41099,BELLUNO,4168,1
4169,TV,026044,F332,MONASTIER DI TREVISO,1900-01-01,4712-12-31,2000-05-12,24075,TREVISO,4169,1
4227,TV,026013,C190,CASTELLO DI GODEGO,1900-01-01,4712-12-31,2000-05-12,24075,TREVISO,4227,1
4296,PD,028036,D226,CURTAROLO,1900-01-01,4712-12-31,2000-05-12,49995,PADOVA,4296,1
4359,PD,028005,A434,ARQUA' PETRARCA,1900-01-01,4712-12-31,2000-05-12,49995,PADOVA,4359,1
1928,BL,025048,I206,SANTA GIUSTINA,1900-01-01,4712-12-31,2000-05-12,41099,BELLUNO,1928,1
1989,VI,024110,L433,TRISSINO,1900-01-01,4712-12-31,2000-05-12,58123,VICENZA,1989,1
1990,BL,025017,D247,DANTA DI CADORE,1900-01-01,4712-12-31,2000-05-12,41099,BELLUNO,1990,1
60428,VE,027044,M308,CAVALLINO TREPORTI,1999-04-02,4712-12-31,2001-12-24,7051,VENEZIA,60428,1
60430,PD,028106,M300,DUE CARRARE_ERRATO,2003-05-29,2003-05-28,2003-06-10,49995,PADOVA,60430,1
60429,PD,028104,X979,VILLANOVA DI CAMPOSAMPIERO_ERRATO,2003-05-28,2003-05-28,2003-06-10,49995,PADOVA,60429,1
60432,RO,029052,G926,PORTO VIRO,1929-02-01,1938-02-10,2003-06-04,32970,ROVIGO,60432,1
60433,RO,029020,D337,DONADA,1900-01-01,1929-01-31,2003-06-04,32970,ROVIGO,60433,1
60434,RO,029016,C967,CONTARINA,1900-01-01,1929-01-31,2003-06-04,32970,ROVIGO,60434,1
60443,VE,027032,H735,SALZANO,2005-11-18,4712-12-31,2005-11-18,7051,VENEZIA,60443,1
60444,TV,026091,M048,VILLORBA,2006-01-15,4712-12-31,2006-01-15,24075,TREVISO,60444,1
60445,VI,024069,F768,MOSSANO,2006-02-07,2018-02-16,2006-02-07,58123,VICENZA,60445,1
60446,TV,026060,G909,PORTOBUFFOLE',2006-02-06,4712-12-31,2006-02-06,24075,TREVISO,60446,1
60447,TV,026054,G221,PADERNO DEL GRAPPA,2006-02-08,2019-01-30,2006-02-08,24075,TREVISO,60447,1
60492,BL,025070,M332,QUERO VAS,2013-12-28,2024-01-21,,41099,BELLUNO,60492,1
60493,VR,023014,B154,BRENZONE SUL GARDA,2014-02-22,4712-12-31,,15178,VERONA,60493,1
60494,BL,025071,M342,LONGARONE,2014-02-22,4712-12-31,,41099,BELLUNO,60494,1
60514,BL,025072,M375,ALPAGO,2016-02-23,4712-12-31,,41099,BELLUNO,60514,1
60515,BL,025073,M374,VAL DI ZOLDO,2016-02-23,4712-12-31,,41099,BELLUNO,60515,1
3846,VR,023007,A737,BELFIORE,1900-01-01,4712-12-31,2000-05-12,15178,VERONA,3846,1
3909,TV,026009,B879,CASALE SUL SILE,1900-01-01,4712-12-31,2000-05-12,24075,TREVISO,3909,1
4105,VR,023042,E489,LAVAGNO,1900-01-01,4712-12-31,2000-05-12,15178,VERONA,4105,1
4167,VR,023011,B073,BOSCO CHIESANUOVA,1900-01-01,4712-12-31,2000-05-12,15178,VERONA,4167,1
3335,BL,025063,L590,VALLE DI CADORE,1900-01-01,4712-12-31,2000-05-12,41099,BELLUNO,3335,1
3398,BL,025032,E687,LORENZAGO DI CADORE,1900-01-01,4712-12-31,2000-05-12,41099,BELLUNO,3398,1
3015,BL,025059,L030,TAIBON AGORDINO,1900-01-01,4712-12-31,2000-05-12,41099,BELLUNO,3015,1
3081,VI,024121,M194,ZOVENCEDO,1900-01-01,4712-12-31,2000-05-12,58123,VICENZA,3081,1
3082,BL,025028,C562,LENTIAI,1900-01-01,2019-01-30,2000-05-12,41099,BELLUNO,3082,1
3140,TV,026002,A360,ARCADE,1900-01-01,4712-12-31,2000-05-12,24075,TREVISO,3140,1
