ID_VEICOLO,ID_OPERAZIONE,ID_SUBENTRANTE,DATA_CANCELLAZIONE,TELAIO,ID_TIPO_VEICOLO,DATA_ULTIMA_REVISIONE
300000,920000000000000,,,HS8REFT5F9W9JK39G,2,2022-11-10
300001,920000000000001,,,0VYUYJG5J84N9XJHD,2,2024-12-12
300002,920000000000002,,,26T0LM1VGN3TD60L8,8,2022-06-03
300003,920000000000003,,,KX4VGJ4M6YNWBVU8K,6,2022-08-05
300004,920000000000004,,,9KC53CZ67DM9NVMV0,2,2022-04-10
300005,920000000000005,,,LZTME4SYDAAJ0XSBB,1,2026-01-04
300006,920000000000006,,,HA85CKEFXWZ5JRT34,6,2024-07-14
300007,920000000000007,,,26HB511VVVW1USPMD,3,2021-11-13
300008,920000000000008,,,REN1BVX6K3TG1HLZ3,1,2025-03-03
300009,920000000000009,,,EE32P7DVKY5NL9ZS4,5,2025-04-30
300010,920000000000010,,,T3VBAD2X039878AYK,1,2025-06-01
300011,920000000000011,,,YJ42WFV779KWWN85T,1,2023-07-23
300012,920000000000012,,,9ECKLE6T7SXS590FK,2,2021-11-02
300013,920000000000013,,,5PFPG390M79FMWU1H,1,2021-12-30
300014,920000000000014,,,PZNECJ4WXWXHYLLMF,1,2022-07-02
300015,920000000000015,,,W3YHWCWUK24KB71SD,2,2023-10-09
300016,920000000000016,,,06PZEL21E306K8D8R,2,2022-04-19
300017,920000000000017,,,JB3U2ZWJ7471S6CFT,7,2023-10-01
300018,920000000000018,,,G19VVZETKL04BS2TR,8,2023-08-02
300019,920000000000019,,,76261XSS0AW9ESW7Z,1,2025-05-17
300020,920000000000020,,,BFRFLZUV9PY9R96KS,1,2022-06-01
300021,920000000000021,,,RXB6HG1SE4915EXNG,2,2024-07-05
300022,920000000000022,,,P4FRFJM7DT35EVXUR,1,2025-03-05
300023,920000000000023,,,3BJJX5ZM7JFMPEGJZ,1,2021-12-27
300024,920000000000024,,,1YZ7ZVPYFE7M6GL6T,5,2024-02-24
300025,920000000000025,,,AXWT3T4RJPP7UNU9G,1,2024-03-17
300026,920000000000026,,,TREMVSSXFVPRFLSY0,1,2025-01-23
300027,920000000000027,,,GUPJ8XNFFJA1YJF8Y,2,2021-04-29
300028,920000000000028,,,M32F99JJD7173ECMG,1,2025-03-04
300029,920000000000029,,,V0LRTHCPNLAYCRJH2,1,2021-09-04
300030,920000000000030,,,2E5TRYBJL4GZS1U6K,3,2025-02-07
300031,920000000000031,,,S6B8E4U30M9FFCNG6,1,2025-12-19
300032,920000000000032,,,MVB1Y8DT83UBVPWHP,1,2024-09-05
300033,920000000000033,,,778BE8FM49HHJUVUC,2,2022-08-17
300034,920000000000034,,,L1KEC1SCMFPL37YKH,3,2026-03-20
300035,920000000000035,,,59RYWSP61Z8DWYN4D,1,2022-06-14
300036,920000000000036,,,5YTR3H9U334W3YV3T,1,2024-08-27
300037,920000000000037,,,ZS2SRG9A9BKJ29KDG,1,2026-06-25
300038,920000000000038,,,ME05DT53ADLTA364S,1,2025-02-08
300039,920000000000039,,,2AULLJW3ZPVV1UMC2,1,2023-06-11
300040,920000000000040,,,TVN5BJX6RV7JEA4SK,3,2024-11-12
300041,920000000000041,,,PL6E4JKN9E5ER9F1M,1,2022-11-01
300042,920000000000042,,,08K7XKB53YY3VXVKV,6,2023-08-23
300043,920000000000043,,,8H7728LW8NF348R3Z,1,2022-04-12
300044,920000000000044,,,HU67M19RGRNKSVGPE,1,2021-09-06
300045,920000000000045,,,XVSM2SFFBJ1ED28J1,1,2021-06-09
300046,920000000000046,,,7ELTKWCS8CBK089HH,1,2021-11-10
300047,920000000000047,,,4MHALD5CXA8HW4ZUU,8,2022-07-14
300048,920000000000048,,,M7Y4E6R5MP7NDL5CS,1,2025-03-08
300049,920000000000049,,,TYYSAJLRLX2UX0DS7,1,2023-11-04
300050,920000000000050,,,BBNKV0TA5HW6Y0HR6,1,2021-12-26
300051,920000000000051,,,A437VG1Z9FUEXU4Z8,2,2025-11-02
300052,920000000000052,,,Y6FV160JZJ46GGK45,3,2023-09-12
300053,920000000000053,,,ATF78BTGLLYDYCNDX,2,2024-05-25
300054,920000000000054,,,TR1X9XCB97GCE7HXF,1,2025-06-09
300055,920000000000055,,,JK1VAPRBVYTK3PT9B,2,2022-08-03
300056,920000000000056,,,UWKTNMXV8B88NCNLF,4,2025-06-22
300057,920000000000057,,,UDYG8CCU5C0MT6SB2,2,2024-11-04
300058,920000000000058,,,95PYWL3ZU7FTW6UZ4,1,2024-03-27
300059,920000000000059,,,4ME3D3P5YCP39HXX5,7,2024-02-12
300060,920000000000060,,,VXJ7PVUDRMUTYTDRB,1,2022-02-01
300061,920000000000061,,,WNXJBB6MFGYMG5F1R,1,2021-06-03
300062,920000000000062,,,0X18AYZHYX1VC83P7,1,2022-04-14
300063,920000000000063,,,SFGKX8X7606ZMFY7V,2,2026-01-17
300064,920000000000064,,,AJGCFK4AJN8R4XP4W,1,2025-09-02
300065,920000000000065,,,D6PA60B4SFB4JAKV5,1,2022-11-03
300066,920000000000066,,,GFM77C04HJVCERYF6,2,2025-10-04
300067,920000000000067,,,D6VG7UF42Z7CBUKRH,1,2022-03-02
300068,920000000000068,,,6VH5RD03AVMNCNCJV,1,2026-02-07
300069,920000000000069,,,AFLJ4FLVE4MPUW5YH,1,2025-02-14
300070,920000000000070,,,7LV72TCZR98PWEP39,5,2021-11-28
300071,920000000000071,,,5L516E6681KHS6838,3,2023-06-11
300072,920000000000072,,,CWU7TSYSS7Y44359Z,1,2025-01-11
300073,920000000000073,,,H0ZLMTX2R49X96P3C,1,2023-08-12
300074,920000000000074,,,1CLJFX4CG2WJMHZ0A,2,2021-12-21
300075,920000000000075,,,KWHSJPGGYWLKXTFCD,2,2024-04-29
300076,920000000000076,,,L1X75YDNYCVW9J8FR,2,2026-05-26
300077,920000000000077,,,0HZ7ZYS54RLC2AUJB,1,2021-01-06
300078,920000000000078,,,N3CS2SE0AGKGB6RN6,1,2023-09-16
300079,920000000000079,,,LYPXR389HGW9KZFPC,8,2026-02-21
300080,920000000000080,,,BXKMTJP2THZY6FE83,1,2025-08-17
300081,920000000000081,,,UX6UNBXAB9Z2DZAY5,1,2024-09-19
300082,920000000000082,,,GBN1GCV9SJSUA7FRF,1,2024-08-22
300083,920000000000083,,,LKSS16YSFRL7H168V,1,2023-07-08
300084,920000000000084,,,L8KS6DWDJBFGKP0TG,8,2021-09-23
300085,920000000000085,,,FBR3YG3GYCC9V6VUM,1,2025-02-12
300086,920000000000086,,,TM2Z9R3E1UFNZ173W,1,2021-09-05
300087,920000000000087,,,DGYFRA1ML4F150MJ7,1,2026-01-13
300088,920000000000088,,,3TYCR380CZ5B7JXDB,3,2025-02-09
300089,920000000000089,,,V3NRR7U6DXTYX086X,1,2021-08-07
300090,920000000000090,,,BXUKD4DBFB89U4ZG5,1,2023-01-03
300091,920000000000091,,,MAP91FXD3LUD995ZY,2,2023-04-21
300092,920000000000092,,,G8YX6X9J1G0F9E3MN,7,2024-05-22
300093,920000000000093,,,7ZV8F7F8RFD74H0YX,1,2022-05-01
300094,920000000000094,,,3AVUUKFDLCL145JHD,1,2021-01-20
300095,920000000000095,,,PX5AMVENXKTEC2NXY,3,2021-02-05
300096,920000000000096,,,Z4XX79UJZ8M8524E4,1,2021-09-23
300097,920000000000097,,,K93FX1GYWGWJPWFLZ,1,2021-10-04
300098,920000000000098,,,3SE4LT5TBY0UR0WGJ,2,2026-02-02
300099,920000000000099,,,VT7Y4287LPRGG54GF,1,2022-05-15
300100,920000000000100,,,AHJTMP76JK461CZPU,1,2026-04-15
300101,920000000000101,,,YTJA0V3ND940TNFNW,1,2023-04-21
300102,920000000000102,,,R1VPAYXJBBNZ846HV,1,2025-04-24
300103,920000000000103,,,FTFCHPJV3F8Y1ACNM,1,2022-08-02
300104,920000000000104,,,GNW6R9USH83LTKKVC,3,2023-04-29
300105,920000000000105,,,AWWYYZC5DSLEZPE7L,4,2023-01-09
300106,920000000000106,,,6YL512S7EBP155LN7,5,2024-08-05
300107,920000000000107,,,VN15KPRAVPA7ZX1C4,2,2025-11-05
300108,920000000000108,,,R1BCA3ETL8BVWCLUP,1,2022-09-27
300109,920000000000109,,,D8HB71LJ1RRNDFWTK,1,2025-07-30
300110,920000000000110,,,DULBRG6WFVGJS2YVC,2,2023-04-29
300111,920000000000111,,,UJGZD7XAE9JS9LCZV,1,2023-12-04
300112,920000000000112,,,B0VJRHFB1L618AKRG,2,2021-09-14
300113,920000000000113,,,4HBZ8AUG24N8WN8AV,2,2024-05-02
300114,920000000000114,,,E0KHWK42W72W1HVK3,1,2023-12-04
300115,920000000000115,,,1VN1B8CTFZNSKPHJD,1,2024-04-30
300116,920000000000116,,,NC0BMGATC6JXNFEPB,1,2023-10-31
300117,920000000000117,,,NVT0V6ZCB3DUBE0E4,2,2021-03-10
300118,920000000000118,,,U60U78ZC61LX187E6,1,2022-01-11
300119,920000000000119,,,EBWJZRB74G6CE47B1,1,2025-08-05
300120,920000000000120,,,W44HJ41TWAP2PZY35,1,2023-12-31
300121,920000000000121,,,YBM9KA89M22SKGXSG,3,2022-06-15
300122,920000000000122,,,0G57ZE1GBVU7H7C9V,1,2025-06-08
300123,920000000000123,,,N0YY7G5051812JWX7,1,2023-02-22
300124,920000000000124,,,X6DP1V7DXURM29337,1,2022-11-22
300125,920000000000125,,,T9AJMDJ1SV44S90SB,7,2022-04-30
300126,920000000000126,,,ZCJE02XJGHZV5Y6B7,1,2021-10-29
300127,920000000000127,,,3RC5WNRZH867P1DHV,2,2023-04-29
300128,920000000000128,,,4VRL36MPHWW8J160H,2,2025-02-27
300129,920000000000129,,,DTHGHUGWNUPM5LT6Y,1,2025-05-24
300130,920000000000130,,,42TAG1X4G9T5UR6VW,1,2021-11-15
300131,920000000000131,,,25BXX0AJVJK1YLZ42,3,2021-03-09
300132,920000000000132,,,2T2SHWZW3LF6NZMK9,1,2023-04-06
300133,920000000000133,,,6XECHFGLB028VFJ21,1,2026-02-19
300134,920000000000134,,,0EWZD3M4AGNXE3TAF,3,2025-03-27
300135,920000000000135,,,5BZNMH640GVEXD5WD,1,2022-12-17
300136,920000000000136,,,3LXU6JJMTWWJBG5RV,1,2021-08-11
300137,920000000000137,,,AAKV8BB332F66JYGP,2,2022-11-14
300138,920000000000138,,,A0BA9T3LAJXTSLAG4,1,2026-01-14
300139,920000000000139,,,PNN6NPCM329JJ4AJ8,2,2021-12-07
300140,920000000000140,,,5URP6JHSN7BZP1TJT,1,2023-03-15
300141,920000000000141,,,3X0XRB9Y1U2DK3ZY5,1,2022-10-10
300142,920000000000142,,,DLK52WW8A29VK95KF,1,2022-02-07
300143,920000000000143,,,23PZA17TKVH4X8PSY,1,2026-01-23
300144,920000000000144,,,Y7PNVZHBVNFMSTSVJ,6,2022-02-19
300145,920000000000145,,,ZB9EVP2DBW8HU0TAP,1,2024-05-20
300146,920000000000146,,,M30DS28E571VDLLD3,1,2024-07-29
300147,920000000000147,,,KD1PY9RW9GHK1K840,1,2022-10-26
300148,920000000000148,,,LUMFZ8F4G9Z8P0UUU,1,2026-04-06
300149,920000000000149,,,ER5LFWUSP19N2UX7V,1,2023-10-31
300150,920000000000150,,,8YAPYK1GPSZ6JFUN2,6,2025-05-18
300151,920000000000151,,,CK4JCR8N3LT8YJJ2F,1,2025-11-06
300152,920000000000152,,,Y1BH1JVZTLHWDY5A6,1,2022-01-13
300153,920000000000153,,,FAJZTMB04Y2MN904S,1,2021-11-13
300154,920000000000154,,,JGYW7AL0LG1ERVTLZ,3,2023-04-23
300155,920000000000155,,,BMKLY3HFPGXV3S0VZ,1,2024-03-31
300156,920000000000156,,,ZDC5JFWG6YPYUPWTD,2,2025-12-02
300157,920000000000157,,,YSVMJRB2DTSJ200DE,1,2021-04-02
300158,920000000000158,,,YEATY2T2MSHNFW00Z,4,2022-12-25
300159,920000000000159,,,VE6KPGD5WX7UW9C4R,2,2021-07-02
300160,920000000000160,,,5APWSNP09MH908XRT,1,2023-05-11
300161,920000000000161,,,BDDYNZ7BX9HBGSFWK,7,2022-12-16
300162,920000000000162,,,SMT5S0SHLE4KPL6VV,1,2022-09-02
300163,920000000000163,,,V058VM1W7SRAZZHXU,1,2023-06-20
300164,920000000000164,,,P00YRPF92F27WG2EX,2,2023-06-21
300165,920000000000165,,,BZDXASUX5L9GC41P3,5,2025-05-28
300166,920000000000166,,,NYCER2RZXSV2LJN23,1,2024-05-04
300167,920000000000167,,,XZHLA0RX2Z9HRK2Y2,1,2024-10-22
300168,920000000000168,,,1E3AGC7XCSLDGPNRU,6,2023-04-07
300169,920000000000169,,,CSTZR09EDK1SL4E9B,1,2021-09-01
300170,920000000000170,,,NHUSBKVR6VERNZ6DW,1,2025-09-29
300171,920000000000171,,,5CVA5K42ESW8X1TVD,2,2023-06-04
300172,920000000000172,,,MXEP8ZY6RG7PE5BZT,2,2024-06-22
300173,920000000000173,,,V1VKUTTZAWH0WLDFA,2,2025-08-04
300174,920000000000174,,,R3UDFZPRPJST7643Z,6,2022-09-08
300175,920000000000175,,,8NFCV3J24TYXD9SKK,1,2023-02-28
300176,920000000000176,,,PTU0FVDGER9Y4ETWX,1,2021-01-19
300177,920000000000177,,,1WG5WCL38K2B7AP39,1,2021-08-29
300178,920000000000178,,,98NHMZ7H8A4EZTCYZ,2,2025-12-17
300179,920000000000179,,,5R6K5BNEBEZSSLTNM,2,2023-05-19
300180,920000000000180,,,UUNKZPHNN2NN1ZHGV,5,2023-05-26
300181,920000000000181,,,EXKS22KG28D8D8BY0,2,2022-04-06
300182,920000000000182,,,T4DWGASUJ24ZRMR42,1,2023-12-20
300183,920000000000183,,,4257P1TH2FML90T6J,1,2023-11-26
300184,920000000000184,,,2897K7V23D0BZSYFH,1,2023-08-04
300185,920000000000185,,,AJWGBEPHTGD60PDHL,1,2022-07-28
300186,920000000000186,,,S5TEN44TSVG4TX7F9,1,2024-07-16
300187,920000000000187,,,F0F77E80FYDU7RY0B,1,2023-07-05
300188,920000000000188,,,UHKGL05HCZBWHW4ZR,2,2023-08-21
300189,920000000000189,,,F192CS3FYXNLS8AYY,1,2021-11-12
300190,920000000000190,,,23VSEH5ZW10U22CYC,1,2026-06-30
300191,920000000000191,,,GUW6KCVY9CC14DTP4,2,2023-03-12
300192,920000000000192,,,NR70FXMJJ1MYW21ZU,1,2026-01-08
300193,920000000000193,,,1PURP6PSEWW7UHXK5,3,2021-01-07
300194,920000000000194,,,TDU0W35BUJWUCB5Y3,3,2025-11-26
300195,920000000000195,,,15R4B4W40VFTTM92R,5,2025-07-06
300196,920000000000196,,,JGDB2XNHZNY5D2FTF,1,2023-12-17
300197,920000000000197,,,PCL4GA5FTVJ2N7G50,1,2022-05-14
300198,920000000000198,,,9DUGA268MA35XRJ9M,1,2022-06-13
300199,920000000000199,,,F9NPX7PUTX7GT8FP2,1,2022-12-27
300200,920000000000200,,,BTZ4VTNE0DMULFLCP,1,2024-11-23
300201,920000000000201,,,6F21CB396N184ERCC,2,2025-04-30
300202,920000000000202,,,HVDY7MAF8CC34YDRD,1,2025-12-29
300203,920000000000203,,,4D76M551WYC6WL41G,1,2024-04-26
300204,920000000000204,,,VJ179LF1K4HM0GTR6,8,2024-07-05
300205,920000000000205,,,K4NZFRL53C04V17WG,1,2022-08-03
300206,920000000000206,,,BP60HADMJY9SKK2FJ,1,2021-11-06
300207,920000000000207,,,MNDYKZV7VMNUERM3K,2,2026-06-04
300208,920000000000208,,,Y9J4B64W1M6H71Z3S,1,2025-11-10
300209,920000000000209,,,XKSKNAWYRAJ717F0A,1,2025-11-15
300210,920000000000210,,,RCZ5141PPXGDTFGCH,3,2025-08-29
300211,920000000000211,,,D575M120X6HRPXSYK,1,2025-06-30
300212,920000000000212,,,LCJ4F66YCNKYY4PLE,1,2021-12-27
300213,920000000000213,,,KDDZGLHX4UAFPHCUP,1,2025-12-15
300214,920000000000214,,,JW8P2LYEF96228USV,1,2022-10-04
300215,920000000000215,,,LHCY82F8KB6K0FPAY,1,2022-06-20
300216,920000000000216,,,X6ECARAY19RPEAKDX,4,2021-04-15
300217,920000000000217,,,RAWLUE9LP8RKTPGPG,1,2022-12-24
300218,920000000000218,,,WP0DYSFPN6DSAF3HA,1,2024-12-06
300219,920000000000219,,,S1SUX24W7V9ACEW98,3,2023-04-30
300220,920000000000220,,,E9NWC2988H37CM2AE,6,2023-03-01
300221,920000000000221,,,RKDBAWYNYUAU9CNGV,2,2026-03-06
300222,920000000000222,,,6DDWDHRPWS7CRB3GH,3,2021-01-25
300223,920000000000223,,,SRX2ZT6264T51VZU4,2,2021-07-17
300224,920000000000224,,,D86RV94KAB51URY4N,1,2022-04-18
300225,920000000000225,,,SUJMHMZ50Y0ZA93NT,1,2025-09-06
300226,920000000000226,,,GJ6516JFEGKY9447P,1,2021-03-30
300227,920000000000227,,,YTS4SAW78948LMRJR,1,2023-02-17
300228,920000000000228,,,WYRM3MDXJ2PKA3KDU,1,2022-01-15
300229,920000000000229,,,8W0RB8FKRUYSK1JK2,2,2023-05-22
300230,920000000000230,,,WJ06K7CFFRNBG5B20,1,2021-12-16
300231,920000000000231,,,MRC5P4HNZT0AEEG2C,7,2025-01-25
300232,920000000000232,,,VDMK4GB0EL3VTZEXG,1,2022-04-29
300233,920000000000233,,,UKCPDDYPKNPWZY1MY,1,2024-06-07
300234,920000000000234,,,5J00BTR8FFG4Z0PN4,1,2026-03-18
300235,920000000000235,,,P81TC1H50021DFM93,2,2022-04-09
300236,920000000000236,,,SLNRD57XPRKUE6MRH,1,2025-05-02
300237,920000000000237,,,ZGFLHKRVBUMCUUWHY,2,2023-05-04
300238,920000000000238,,,UX24JDP1JRYAE4YSX,1,2022-12-31
300239,920000000000239,,,YAWFZ0X71JU0KP9DM,4,2023-02-16
300240,920000000000240,,,NN7EZPBP4V3DYVR5W,1,2024-09-12
300241,920000000000241,,,TFDS4PP4ZPSN8V3NP,1,2022-01-31
300242,920000000000242,,,F76MMJ8PKTRB77U8B,1,2023-06-06
300243,920000000000243,,,1VKHFXKE9WSHDE412,2,2023-08-21
300244,920000000000244,,,Y6PFGF0ZY2BUNRMY7,1,2026-06-25
300245,920000000000245,,,E9PL4GG3DDS7BT1XC,3,2022-03-02
300246,920000000000246,,,5NR04ZAK643HJJ7A8,1,2024-05-10
300247,920000000000247,,,VFPWKGPWE8UPLEU1S,2,2022-06-15
300248,920000000000248,,,EBF0ZY4DGVDN3M1J2,1,2025-07-17
300249,920000000000249,,,32R7JXH6AEKTG3KV6,2,2021-11-25
300250,920000000000250,,,RM4LDLCLT3MMULUJ0,1,2022-09-14
300251,920000000000251,,,Y291MBMBVPJRD0CCP,3,2026-03-24
300252,920000000000252,,,4LMP4MW95MDCLBTE5,1,2022-07-13
300253,920000000000253,,,3E1EHY39JRL1ZAX22,1,2022-03-07
300254,920000000000254,,,1N2CE322F93UD09RU,6,2026-06-03
300255,920000000000255,,,HK7ZM9E549P474KX9,1,2023-07-18
300256,920000000000256,,,HDY8E8PEWAXMZ73DS,2,2022-11-10
300257,920000000000257,,,KVBZH6RCFP35LPMDY,1,2025-05-22
300258,920000000000258,,,NJSHV7Y1LBMPE31SY,1,2023-03-14
300259,920000000000259,,,Z1PZ0T5LVZ7RALUJU,1,2025-04-26
300260,920000000000260,,,JBVFDR423592VWFMM,1,2023-01-25
300261,920000000000261,,,04NSD5106SXWF8W87,1,2022-06-14
300262,920000000000262,,,KRJV4VH5D7X7UB38N,1,2021-01-06
300263,920000000000263,,,N71L5M3HD4JDK3J95,1,2024-09-08
300264,920000000000264,,,7E85W2X4E2LB84K7Z,1,2026-03-23
300265,920000000000265,,,F4N454S21YMU67RUU,1,2025-03-21
300266,920000000000266,,,MB6SCXGUA7BMH1D9T,1,2023-01-06
300267,920000000000267,,,G7C94L003DBBVSESS,1,2024-01-15
300268,920000000000268,,,A7LNYX7GD3RLP4T1X,1,2026-03-20
300269,920000000000269,,,PRCYWGCHGZ5LAPSMP,3,2023-12-07
300270,920000000000270,,,436DULMPVYWYR1ENW,2,2022-05-06
300271,920000000000271,,,FPLBK5YUA64R89681,1,2024-06-14
300272,920000000000272,,,VVKW584271LEMACVP,1,2023-12-15
300273,920000000000273,,,Y8BY511H3XAYRBCB1,1,2024-06-04
300274,920000000000274,,,M63E95KMAXDG9WL6G,2,2025-03-18
300275,920000000000275,,,5P0JFWAYGCS0NXSHN,1,2025-05-07
300276,920000000000276,,,4H0CS9867DJDR0P0M,2,2026-02-16
300277,920000000000277,,,TBG2K680JMFWXDMXL,2,2022-12-16
300278,920000000000278,,,05GX8DZVWPDKU9MX1,1,2024-06-14
300279,920000000000279,,,12WSX77NVHAA9CH3S,2,2025-03-29
300280,920000000000280,,,EH7YRFTAJ0K9D5PF2,1,2023-02-03
300281,920000000000281,,,264R2AJG5BPAZ1XED,1,2026-04-05
300282,920000000000282,,,BF6V72YRNX5ZL4B0T,3,2022-03-18
300283,920000000000283,,,VZREXG09514MWVBP3,1,2023-09-08
300284,920000000000284,,,T5LX7PAUDHANGC8X9,1,2025-04-17
300285,920000000000285,,,6KVGBVX8XT1GRP651,1,2025-05-14
300286,920000000000286,,,NRGSTDFJE5YY8T2CP,8,2023-10-19
300287,920000000000287,,,SMU2C891TDSUJHZGL,1,2021-08-31
300288,920000000000288,,,35LAEJZ0BTEREJ777,1,2025-08-16
300289,920000000000289,,,D2HC009UGJKR9E7T4,2,2024-04-15
300290,920000000000290,,,X4TL0EP53C4L18PBV,8,2026-04-02
300291,920000000000291,,,B93G7BYZ2FJ9SAZRX,6,2025-07-15
300292,920000000000292,,,8E75T6ZXFDDWUJBWM,1,2023-09-18
300293,920000000000293,,,RE1XEZ115NY9DATUM,1,2024-06-08
300294,920000000000294,,,MX0FTZPAYNAC7TE9V,6,2021-12-14
300295,920000000000295,,,U0UTL4PEZLJWXA27C,8,2022-10-06
300296,920000000000296,,,S74WAZY8M66W1DJGG,1,2023-07-03
300297,920000000000297,,,THBXLH5KBC6DTS3UU,1,2025-08-24
300298,920000000000298,,,V4GB59FJM4H6XAGZ6,4,2024-02-29
300299,920000000000299,,,AJMGVGDDKWLLYG4TX,1,2022-06-26
300300,920000000000300,,,FREFWZ1HJADWNJU1K,5,2024-05-25
300301,920000000000301,,,ZG19B46TNP9NR4E0D,1,2023-04-14
300302,920000000000302,,,H9Z4XKH66ND83MD1N,1,2021-09-25
300303,920000000000303,,,5J5Y8RLMZT4MXVJBN,1,2024-09-07
300304,920000000000304,,,84HGTAHBHX5K9L9LN,1,2021-08-25
300305,920000000000305,,,GGK5UF1P11PDVPSXE,1,2023-10-06
300306,920000000000306,,,1JX3YTBTGENSKER2E,3,2023-10-16
300307,920000000000307,,,6ER1PRHW35TS2E1VV,1,2025-09-06
300308,920000000000308,,,K6CG384YSZFW08GER,6,2024-10-27
300309,920000000000309,,,MVAJHCAHDFZ6CBSV1,1,2021-09-24
300310,920000000000310,,,SGLDLKNDKF09C4MDA,1,2024-07-22
300311,920000000000311,,,JCCMHSRKDU4DXDN21,1,2021-12-03
300312,920000000000312,,,SKR6B29EEC5KHZWYD,3,2022-02-09
300313,920000000000313,,,0NTF3NGXCYTACC3WZ,1,2022-03-25
300314,920000000000314,,,GMC9ERJZSUY62NL5V,1,2022-11-08
300315,920000000000315,,,B21D77DS5BHJVDEV7,1,2024-05-26
300316,920000000000316,,,FTTBMH2WB4Z59HN7H,1,2023-12-17
300317,920000000000317,,,EP3S2CMC0WFXMU6SM,1,2021-12-02
300318,920000000000318,,,04HVTXJEX9B5TBJ37,2,2024-08-21
300319,920000000000319,,,EWZZWP7HCLLEBS4YP,2,2022-02-10
300320,920000000000320,,,5JS76FPL7SZDHVKCY,8,2024-03-27
300321,920000000000321,,,A5TCJYT2YT6L0B1KE,3,2024-09-04
300322,920000000000322,,,TDBP7YDR492GN1BWY,1,2024-12-12
300323,920000000000323,,,3LCXRHPL24JS5761G,1,2026-02-27
300324,920000000000324,,,1W7FMKUR3ZRWK7T0K,1,2022-05-24
300325,920000000000325,,,PL34XD2KN3RLGX6EA,1,2024-03-26
300326,920000000000326,,,U05J3NHZPAXBXUPZ2,3,2024-07-08
300327,920000000000327,,,DVKCUSS7985BFUCJB,1,2021-02-12
300328,920000000000328,,,8PSZFCW20UZZTNU17,2,2023-12-19
300329,920000000000329,,,ST9RCDVE1HHXCX3MG,2,2021-12-25
300330,920000000000330,,,VJV10TSNKHV79CZYL,1,2023-09-18
300331,920000000000331,,,XG4KS1KCGK4FZTKC5,1,2023-04-19
300332,920000000000332,,,LXXF1P10GX6ZY6LPG,1,2024-02-18
300333,920000000000333,,,HA79F6BP3PR5ENK80,2,2023-05-19
300334,920000000000334,,,BMR1JN5DWLJFD8XZE,1,2024-06-14
300335,920000000000335,,,DXFD31ZSBYTTUL5CU,1,2023-01-17
300336,920000000000336,,,1EPW32PY3X569CHRS,1,2026-01-18
300337,920000000000337,,,N1E7UPDJ07J9EDYXC,1,2024-06-08
300338,920000000000338,,,EUPLEEHL1KBAVT5CL,2,2025-06-06
300339,920000000000339,,,2ZVYM4HAMB7JC4ZAA,1,2022-07-29
300340,920000000000340,,,JP0BC5F00JNYU9MR5,2,2026-01-10
300341,920000000000341,,,3W817ZGY1SUNHH5S4,2,2023-10-16
300342,920000000000342,,,TCA4JMVVKPXNMG6M7,2,2025-12-09
300343,920000000000343,,,D3TSCNVE4T0VK1RV5,1,2022-05-24
300344,920000000000344,,,MNSFW6185UTJZ6XVG,1,2024-04-10
300345,920000000000345,,,KVLT1RUZE5TEZZD8E,4,2024-07-22
300346,920000000000346,,,1WPGFD6BGPSXPAGE4,1,2025-11-08
300347,920000000000347,,,V5LSLNNF4JV4VYNBL,1,2021-04-16
300348,920000000000348,,,3X00WNVC9SPHH4N8S,1,2023-06-30
300349,920000000000349,,,KYFL60RWVF16TC9XG,1,2025-09-08
300350,920000000000350,,,XZTXMBGYA117F8ACZ,2,2024-09-27
300351,920000000000351,,,4ZGHG2GXSJ6TSK0CG,8,2026-06-07
300352,920000000000352,,,HZ73SKB7LKP9V6LJA,2,2023-12-18
300353,920000000000353,,,HAB1H3S73WP8KG571,1,2022-11-02
300354,920000000000354,,,P86KNCF2CPV86E1CG,3,2023-09-24
300355,920000000000355,,,U0DYJGYG6SHDN07CR,3,2022-10-18
300356,920000000000356,,,X6UG8D0PTV4XDP1DA,2,2024-05-16
300357,920000000000357,,,PUTEPHBUR7P3MWYT7,4,2023-07-04
300358,920000000000358,,,6H4TZS6P2S62U3PL4,2,2025-10-18
300359,920000000000359,,,L75E2M3VFUZJ3FWWZ,1,2022-07-30
300360,920000000000360,,,ARTYJY7RS62ML4PZ7,1,2023-06-02
300361,920000000000361,,,UR6S267E76KJC1RAD,1,2025-06-07
300362,920000000000362,,,UEB1GTU69DG8AN940,1,2025-01-23
300363,920000000000363,,,P89F9ZEZ1EZVGULV5,3,2024-01-16
300364,920000000000364,,,TYLPD139XJZUJDWDB,2,2024-01-15
300365,920000000000365,,,ZLMU3KBZAC5F3P76V,1,2024-02-16
300366,920000000000366,,,XET7820PRB2WG8FP3,1,2024-02-14
300367,920000000000367,,,APPG38XDYLJV18MY2,1,2026-03-02
300368,920000000000368,,,JGB622B1EG6WNLMH9,1,2023-08-08
300369,920000000000369,,,H5DNEAJE0Y5J6DHE0,5,2023-07-10
300370,920000000000370,,,YVR4YMJKM393YL8FT,1,2023-01-04
300371,920000000000371,,,2CCKTNFVTJBELTSKP,1,2022-03-09
300372,920000000000372,,,KP1C8VPU1MZ74PWFM,1,2023-02-15
300373,920000000000373,,,DZG86SVLBMBHU2YKC,2,2021-12-13
300374,920000000000374,,,40BZB6GM4R12EGF2V,1,2025-07-31
300375,920000000000375,,,W05NS9YSD6KBA55RY,7,2024-06-07
300376,920000000000376,,,MFFBU92RNYLUVPZL9,8,2025-03-13
300377,920000000000377,,,JU9VJTUE3FBE1VFL5,1,2021-08-28
