ID_DATI_TECNICI,ID_OPERAZIONE,ID_FONTE,ID_TIPO_EVENTO,ID_VEICOLO,DATA_DECORRENZA,DATA_CANCELLAZIONE,TARGA,SCADENZA_ATTRIBUITA,TRASPORTO_MERCI,MASSA_COMPLESSIVA,KILO_WATT,PORTATA,FLAG_SOSPENSIONE,NUMERO_POSTI,NUMERO_ASSI,POTENZA_FISCALE,CILINDRATA,FLAG_ECODIESEL,FLAG_GANCIO,MASSA_RIMORCHIABILE,ID_TIPO_COMBUSTIBILE,ID_DESTINAZIONE_VEICOLO,ID_TIPO_CARROZZERIA,ID_TIPO_USO,FLAG_RIMORCHIABILITA,ID_CATEGORIA_EURO,EMISSIONE_CO2,DATA_INSTAL_GPL,DATA_DISINSTAL_GPL,DATA_COLLAUDO_GPL,ID_TIPO_COMBUSTIBILE_GAS,ID_ENTE_CERTIFICATORE_STORICO,COD_ISCRIZ_REGIST_VEIC_STORICO
500000,940000000000000,1,1,300000,2021-05-08,,MW484ZZ,5,N,16215,81,2609,N,6,4,31,2824,N,N,2423,1,1,1,1,N,4,96,,,,2,1,STOR000000
500001,940000000000001,2,2,300001,2020-06-09,,LE151UZ,5,N,16387,106,1494,N,9,3,27,2508,N,N,917,3,2,2,2,S,6,222,,,,,,
500002,940000000000002,3,3,300002,2021-01-04,,DY744XL,7,N,4248,127,493,N,9,4,19,2997,N,S,2180,1,3,3,3,N,6,194,,,,,,
500003,940000000000003,1,4,300003,2018-05-07,,AP578VX,10,N,17905,160,2672,N,2,3,22,1028,S,N,1089,2,4,4,4,N,5,216,,,,,,
500004,940000000000004,2,5,300004,2021-02-18,,PR238KZ,8,N,7335,114,2194,N,3,2,21,2809,S,S,921,4,5,5,5,N,5,213,,,,,,
500005,940000000000005,3,1,300005,2023-12-13,,PY988HS,8,N,1098,51,1223,N,2,4,19,1433,N,N,1555,3,6,6,1,S,6,160,,,,,,
500006,940000000000006,1,2,300006,2024-03-14,,TN997UN,9,N,7103,200,1580,N,6,2,15,2689,S,N,1114,3,1,7,2,N,6,125,,,,,,
500007,940000000000007,2,3,300007,2025-10-16,,FA742JC,11,N,2189,64,2715,N,8,3,9,2920,N,N,1926,3,2,8,3,S,5,239,,,,,,
500008,940000000000008,3,4,300008,2019-04-23,,JE890RV,7,N,2343,108,189,N,4,1,16,1417,N,N,1740,3,3,1,4,N,6,140,,,,,,
500009,940000000000009,1,5,300009,2023-10-02,,TV266RJ,11,N,8953,205,1187,N,8,2,8,1823,N,N,2437,4,4,2,5,N,5,96,,,,2,,
500010,940000000000010,2,1,300010,2020-08-27,,LM087PS,9,N,2098,80,2191,N,3,1,23,1366,S,N,1467,3,5,3,1,S,3,146,,,,,,
500011,940000000000011,3,2,300011,2018-02-22,,UE341GG,3,N,2284,120,781,N,7,2,23,1646,N,S,1783,1,6,4,2,N,5,101,,,,,,
500012,940000000000012,1,3,300012,2019-09-08,,HA675HN,8,N,15992,136,808,N,8,2,15,2196,N,S,879,4,1,5,3,S,6,146,,,,,,
500013,940000000000013,2,4,300013,2023-08-16,,ZN425FB,11,N,1695,87,2099,N,2,3,15,2102,N,N,2078,4,2,6,4,S,5,200,,,,,,
500014,940000000000014,3,5,300014,2021-03-27,,LX623VZ,1,N,2678,71,2636,N,9,3,13,2026,N,S,2071,2,3,7,5,N,5,146,,,,,,
500015,940000000000015,1,1,300015,2019-10-10,,YS263HD,12,N,12026,102,676,N,6,2,9,1164,S,S,1148,4,4,8,1,N,5,91,,,,,,
500016,940000000000016,2,2,300016,2023-04-28,,YH456DN,10,N,9304,119,1548,N,4,3,16,1343,N,S,1105,2,5,1,2,N,5,200,,,,,,
500017,940000000000017,3,3,300017,2023-05-03,,VS792RG,9,S,7917,168,686,N,4,3,8,1214,N,N,2000,4,6,2,3,N,4,130,,,,,1,STOR000017
500018,940000000000018,1,4,300018,2023-01-12,,SF884YY,4,N,4320,68,1114,N,3,2,29,2567,N,N,688,2,1,3,4,N,4,207,,,,2,,
500019,940000000000019,2,5,300019,2021-02-28,,HZ433KN,11,N,1271,117,1535,N,7,2,10,1717,S,N,676,4,2,4,5,N,5,110,,,,,,
500020,940000000000020,3,1,300020,2020-12-21,,PK560DZ,10,N,1002,126,1237,N,5,2,36,2827,N,N,2172,3,3,5,1,N,6,117,,,,,,
500021,940000000000021,1,2,300021,2023-11-20,,AF170YP,3,N,3843,171,2067,N,7,4,23,1929,S,N,1254,3,4,6,2,N,4,88,,,,,,
500022,940000000000022,2,3,300022,2018-01-27,,JG588NK,2,N,3005,95,576,N,7,1,25,2642,S,S,1729,1,5,7,3,S,6,144,,,,,,
500023,940000000000023,3,4,300023,2020-02-02,,LF008DA,5,N,1267,84,1991,N,3,3,35,2000,N,N,2489,4,6,8,4,S,6,94,,,,,,
500024,940000000000024,1,5,300024,2024-07-31,,CA681ES,2,N,9692,72,569,N,3,3,11,1343,S,S,1784,1,1,1,5,N,6,229,,,,,,
500025,940000000000025,2,1,300025,2025-03-10,,UM364EW,11,N,2239,217,1368,N,8,3,32,2496,N,S,2107,1,2,2,1,S,6,168,,,,,,
500026,940000000000026,3,2,300026,2024-05-13,,RT421AR,6,N,1818,105,1326,N,5,3,14,994,N,S,1622,1,3,3,2,N,6,111,,,,,,
500027,940000000000027,1,3,300027,2019-05-12,,YJ018EV,12,N,11457,87,1511,N,7,4,30,1645,S,N,1241,2,4,4,3,N,3,131,,,,2,,
500028,940000000000028,2,4,300028,2022-01-09,,LB466EJ,4,N,1352,69,1022,N,7,3,35,1191,S,N,2229,3,5,5,4,N,5,91,,,,,,
500029,940000000000029,3,5,300029,2025-12-08,,FP940DS,12,N,2959,218,322,N,8,1,13,1434,S,S,1904,1,6,6,5,S,6,148,,,,,,
500030,940000000000030,1,1,300030,2024-06-29,,UV784LD,6,N,918,120,1429,N,8,1,14,2115,N,S,1289,3,1,7,1,N,3,175,,,,,,
500031,940000000000031,2,2,300031,2021-01-08,,HE784KX,11,N,2537,71,2164,N,2,2,21,1651,N,S,887,1,2,8,2,S,5,98,,,,,,
500032,940000000000032,3,3,300032,2022-09-15,,LH559BZ,6,N,2077,100,1394,N,3,1,33,1298,S,S,1645,4,3,1,3,S,4,214,,,,,,
500033,940000000000033,1,4,300033,2020-03-15,,AM787VR,6,N,3669,91,550,N,6,4,33,2114,N,N,2078,3,4,2,4,S,4,162,,,,,,
500034,940000000000034,2,5,300034,2021-07-27,,JG148PP,10,N,1098,69,170,N,2,2,25,1428,S,N,752,3,5,3,5,N,5,191,,,,,1,STOR000034
500035,940000000000035,3,1,300035,2024-11-21,,YJ926DB,12,N,980,216,1430,N,6,4,31,2892,N,S,1011,4,6,4,1,S,5,124,,,,,,
500036,940000000000036,1,2,300036,2025-12-26,,LC529PB,9,N,2960,108,478,N,8,3,17,2603,N,N,874,3,1,5,2,S,4,69,,,,2,,
500037,940000000000037,2,3,300037,2020-10-13,,DV125FH,11,N,1009,134,1473,N,3,2,15,2678,S,N,2286,1,2,6,3,N,5,77,,,,,,
500038,940000000000038,3,4,300038,2021-05-11,,EE250HN,7,N,3353,107,437,N,9,1,22,2471,N,S,2388,4,3,7,4,S,4,123,,,,,,
500039,940000000000039,1,5,300039,2018-10-05,,NE146KV,6,N,3358,121,2429,N,4,2,19,1978,S,S,2113,2,4,8,5,S,4,102,,,,,,
500040,940000000000040,2,1,300040,2025-06-10,,WT037CM,11,N,3389,115,697,N,5,2,8,2800,N,S,1357,2,5,1,1,N,6,130,,,,,,
500041,940000000000041,3,2,300041,2023-08-09,,TK124BC,7,N,3375,112,1115,N,8,2,8,1481,N,N,1982,4,6,2,2,S,6,163,,,,,,
500042,940000000000042,1,3,300042,2020-09-30,,PC527WW,3,N,10475,134,1106,N,3,2,20,2866,N,N,2459,2,1,3,3,S,3,191,,,,,,
500043,940000000000043,2,4,300043,2020-08-18,,MZ790LJ,12,N,1450,212,1749,N,5,3,13,1793,S,S,2268,3,2,4,4,S,4,124,,,,,,
500044,940000000000044,3,5,300044,2018-10-25,,EL867DA,2,N,3237,170,256,N,4,4,12,1810,S,N,2200,3,3,5,5,N,4,95,,,,,,
500045,940000000000045,1,1,300045,2024-11-29,,AC105AL,2,N,1404,88,2890,N,2,2,12,2600,S,N,1250,3,4,6,1,S,5,154,,,,2,,
500046,940000000000046,2,2,300046,2019-01-27,,EK085XF,12,N,3094,59,2016,N,6,2,24,2565,N,S,1171,3,5,7,2,N,3,167,,,,,,
500047,940000000000047,3,3,300047,2020-09-27,,DH832UC,2,N,13614,98,1945,N,4,3,19,2363,S,S,2122,3,6,8,3,S,3,136,,,,,,
500048,940000000000048,1,4,300048,2024-08-24,,KF896YP,12,N,1273,210,919,N,8,3,29,1145,N,N,2149,3,1,1,4,S,6,67,,,,,,
500049,940000000000049,2,5,300049,2020-08-05,,JJ342KU,5,N,1435,132,1902,N,9,3,20,2209,S,S,1794,1,2,2,5,S,5,227,,,,,,
500050,940000000000050,3,1,300050,2024-12-04,,RR363AU,7,N,1641,147,2958,N,3,3,20,1096,N,S,1362,3,3,3,1,S,6,148,,,,,,
500051,940000000000051,1,2,300051,2020-11-26,,VE728CY,8,N,3162,61,462,N,3,3,8,2209,S,S,708,1,4,4,2,N,4,223,,,,,1,STOR000051
500052,940000000000052,2,3,300052,2024-01-08,,XN957UZ,3,N,2090,107,2099,N,3,1,24,2905,N,N,791,3,5,5,3,S,6,223,,,,,,
500053,940000000000053,3,4,300053,2018-04-20,,FU788TH,4,N,4090,162,292,N,6,2,29,1381,S,N,891,1,6,6,4,N,5,86,,,,,,
500054,940000000000054,1,5,300054,2022-03-05,,WT550RZ,6,N,954,80,574,N,9,4,32,922,S,N,1300,1,1,7,5,N,5,101,,,,2,,
500055,940000000000055,2,1,300055,2021-10-31,,TN381TL,6,N,12339,99,1111,N,6,2,14,2099,S,S,666,4,2,8,1,S,4,132,,,,,,
500056,940000000000056,3,2,300056,2018-04-13,,WT147DC,8,S,5914,68,985,N,2,3,36,906,S,N,1599,2,3,1,2,S,4,157,,,,,,
500057,940000000000057,1,3,300057,2021-02-01,,KN090PF,8,N,5488,120,1710,N,6,4,13,2050,N,S,806,4,4,2,3,N,3,162,,,,,,
500058,940000000000058,2,4,300058,2021-05-09,,DL725SN,5,N,1942,57,336,N,3,2,36,1567,N,N,2470,3,5,3,4,S,6,118,,,,,,
500059,940000000000059,3,5,300059,2018-08-25,,AH621AC,10,S,13491,133,2404,N,5,3,27,2849,N,S,1072,3,6,4,5,S,5,158,,,,,,
500060,940000000000060,1,1,300060,2019-04-06,,GY042YD,11,N,3285,102,723,N,7,3,25,968,S,N,1745,3,1,5,1,N,6,131,,,,,,
500061,940000000000061,2,2,300061,2024-03-13,,JG347CW,9,N,3013,52,2537,N,3,4,34,2603,N,S,1814,4,2,6,2,N,4,89,,,,,,
500062,940000000000062,3,3,300062,2020-04-15,,RH305CA,4,N,3136,105,605,N,9,2,10,2774,N,S,550,2,3,7,3,N,4,155,,,,,,
500063,940000000000063,1,4,300063,2025-05-29,,JE204VY,4,N,12386,119,2385,N,3,2,35,2040,N,N,2432,4,4,8,4,N,6,96,,,,2,,
500064,940000000000064,2,5,300064,2025-01-30,,WS482DF,6,N,2952,219,2205,N,4,4,26,2319,S,N,2258,1,5,1,5,N,4,86,,,,,,
500065,940000000000065,3,1,300065,2021-09-10,,XD759FV,12,N,3411,168,223,N,3,3,24,2721,N,S,2397,4,6,2,1,S,5,75,,,,,,
500066,940000000000066,1,2,300066,2018-06-17,,SM971ZG,12,N,3265,88,722,N,9,1,36,2163,N,S,2363,1,1,3,2,S,5,90,,,,,,
500067,940000000000067,2,3,300067,2022-12-14,,MG245SD,7,N,1779,169,982,N,5,4,18,1369,S,N,800,4,2,4,3,S,5,119,,,,,,
500068,940000000000068,3,4,300068,2018-05-20,,JC444KL,3,N,1338,134,914,N,2,2,34,1348,S,N,2476,1,3,5,4,S,6,70,,,,,1,STOR000068
500069,940000000000069,1,5,300069,2023-12-21,,ZK747VC,9,N,3335,180,288,N,3,2,28,1589,N,S,768,1,4,6,5,S,5,215,,,,,,
500070,940000000000070,2,1,300070,2021-10-16,,JE099DM,12,N,7461,111,1479,N,2,4,25,2495,N,N,710,3,5,7,1,S,5,71,,,,,,
500071,940000000000071,3,2,300071,2019-04-07,,LD584LC,12,N,2146,170,2670,N,4,4,24,2618,S,N,2499,4,6,8,2,S,4,146,,,,,,
500072,940000000000072,1,3,300072,2021-08-06,,HR630KA,6,N,1326,50,2189,N,3,4,29,2623,S,N,1468,1,1,1,3,N,6,127,,,,2,,
500073,940000000000073,2,4,300073,2025-10-26,,KW055VC,7,N,2351,141,1260,N,8,4,34,1227,S,S,1921,3,2,2,4,N,4,209,,,,,,
500074,940000000000074,3,5,300074,2023-10-14,,SD811LM,3,N,17256,152,861,N,4,4,33,2047,S,S,1271,2,3,3,5,N,5,120,,,,,,
500075,940000000000075,1,1,300075,2021-10-04,,TE930TR,7,N,6079,73,1323,N,7,1,20,2640,S,N,1274,4,4,4,1,N,6,148,,,,,,
500076,940000000000076,2,2,300076,2021-09-09,,AW399CH,11,N,3137,113,2243,N,6,3,33,2829,S,N,551,3,5,5,2,N,3,100,,,,,,
500077,940000000000077,3,3,300077,2019-03-04,,ZF954JW,1,N,2744,56,331,N,7,4,9,2027,S,S,1421,4,6,6,3,N,4,160,,,,,,
500078,940000000000078,1,4,300078,2019-08-11,,UM894AZ,10,N,3413,50,244,N,7,4,33,1691,N,N,1974,4,1,7,4,S,5,143,,,,,,
500079,940000000000079,2,5,300079,2018-11-20,,YR945FS,4,N,13970,118,214,N,2,1,17,1706,N,N,1062,3,2,8,5,S,5,191,,,,,,
500080,940000000000080,3,1,300080,2023-01-08,,CM156ZY,8,N,2127,164,2044,N,2,4,29,902,S,N,2310,1,3,1,1,N,6,133,,,,,,
500081,940000000000081,1,2,300081,2025-05-11,,AN715DY,10,N,2138,48,1782,N,7,3,17,2382,S,N,521,3,4,2,2,S,6,152,,,,2,,
500082,940000000000082,2,3,300082,2022-08-02,,DK395KZ,6,N,3033,59,151,N,3,2,25,1319,N,N,1782,4,5,3,3,N,4,108,,,,,,
500083,940000000000083,3,4,300083,2024-09-18,,UA846MS,8,N,1059,96,1769,N,5,4,34,907,S,N,1130,1,6,4,4,S,5,111,,,,,,
500084,940000000000084,1,5,300084,2025-12-06,,GX023LH,8,N,8173,169,1456,N,3,1,19,1942,S,S,741,3,1,5,5,S,6,99,,,,,,
500085,940000000000085,2,1,300085,2022-08-15,,NH069XS,10,N,2580,95,364,N,2,3,9,1534,S,N,753,1,2,6,1,N,4,127,,,,,1,STOR000085
500086,940000000000086,3,2,300086,2025-05-20,,MX425AG,3,N,2303,202,1456,N,5,1,24,2772,S,N,842,4,3,7,2,N,4,82,,,,,,
500087,940000000000087,1,3,300087,2022-04-07,,ZE526FW,2,N,3425,81,517,N,5,4,11,2784,N,N,1264,2,4,8,3,S,5,216,,,,,,
500088,940000000000088,2,4,300088,2022-09-11,,NF268WT,8,N,1707,48,775,N,9,4,13,1258,S,S,2038,1,5,1,4,S,4,168,,,,,,
500089,940000000000089,3,5,300089,2024-01-29,,YT708RN,11,N,1421,204,2600,N,3,1,21,2228,N,N,501,1,6,2,5,S,4,135,,,,,,
500090,940000000000090,1,1,300090,2019-08-22,,TT780KM,6,N,2595,86,600,N,8,4,22,1186,N,S,1440,4,1,3,1,S,4,164,,,,2,,
500091,940000000000091,2,2,300091,2020-04-24,,KR561EL,7,N,2285,61,513,N,9,4,32,1835,N,S,1344,1,2,4,2,S,4,192,,,,,,
500092,940000000000092,3,3,300092,2018-12-30,,GS698FA,6,S,4793,147,934,N,8,4,36,2928,N,S,1086,3,3,5,3,S,6,93,,,,,,
500093,940000000000093,1,4,300093,2022-12-14,,VW394SL,9,N,1770,183,2418,N,2,4,13,2368,N,S,1070,4,4,6,4,N,5,118,,,,,,
500094,940000000000094,2,5,300094,2018-07-21,,FE016SY,8,N,2092,88,369,N,2,1,29,2689,S,S,526,4,5,7,5,S,5,93,,,,,,
500095,940000000000095,3,1,300095,2025-08-07,,PA392GA,8,N,2429,125,198,N,2,2,25,1237,N,S,1835,1,6,8,1,S,5,237,,,,,,
500096,940000000000096,1,2,300096,2020-10-03,,JY956RG,7,N,1922,80,1094,N,5,1,34,1223,S,N,1632,4,1,1,2,N,4,123,,,,,,
500097,940000000000097,2,3,300097,2023-11-09,,PN514MZ,1,N,2811,84,1739,N,4,3,14,2792,N,N,1852,3,2,2,3,N,5,118,,,,,,
500098,940000000000098,3,4,300098,2018-07-10,,KV066BM,4,N,15209,103,636,N,2,4,11,2476,N,N,1760,3,3,3,4,S,5,229,,,,,,
500099,940000000000099,1,5,300099,2019-11-14,,JM206RY,4,N,1674,78,1567,N,5,3,10,2326,N,S,2115,4,4,4,5,N,6,146,,,,2,,
500100,940000000000100,2,1,300100,2018-05-21,,HM990CE,3,N,2701,84,2406,N,4,3,33,1343,N,N,2212,4,5,5,1,S,6,123,,,,,,
500101,940000000000101,3,2,300101,2019-02-24,,EE155NF,9,N,2861,128,1474,N,8,3,10,1665,S,S,645,1,6,6,2,N,6,216,,,,,,
500102,940000000000102,1,3,300102,2019-10-13,,LK973ED,10,N,1606,56,859,N,9,3,10,1286,S,S,1539,1,1,7,3,S,4,149,,,,,1,STOR000102
500103,940000000000103,2,4,300103,2018-04-02,,XZ993GV,10,N,2922,59,2721,N,9,2,35,946,S,N,517,2,2,8,4,S,4,100,,,,,,
500104,940000000000104,3,5,300104,2021-01-21,,SR426NU,10,N,2305,57,1657,N,9,2,35,2572,N,N,988,4,3,1,5,N,5,120,,,,,,
500105,940000000000105,1,1,300105,2018-02-18,,TB514BL,8,S,9117,199,1064,N,9,4,11,1110,S,S,963,4,4,2,1,S,4,121,,,,,,
500106,940000000000106,2,2,300106,2021-04-17,,MC145GC,7,N,5575,202,1062,N,4,1,17,1667,N,N,1996,1,5,3,2,S,4,121,,,,,,
500107,940000000000107,3,3,300107,2021-07-31,,JF215LU,11,N,6813,117,836,N,5,4,8,1165,N,S,1584,1,6,4,3,S,5,225,,,,,,
500108,940000000000108,1,4,300108,2023-06-04,,KY163FN,9,N,2108,91,607,N,2,1,8,2180,N,N,1080,1,1,5,4,S,4,155,,,,2,,
500109,940000000000109,2,5,300109,2020-05-18,,CA647LX,6,N,1534,45,2413,N,4,2,29,2968,N,N,2255,4,2,6,5,S,5,81,,,,,,
500110,940000000000110,3,1,300110,2021-04-26,,BK920MG,10,N,10510,215,631,N,6,4,13,1007,N,S,1396,3,3,7,1,S,4,68,,,,,,
500111,940000000000111,1,2,300111,2020-01-19,,SX625ZY,6,N,1905,185,1001,N,6,1,23,1289,N,N,1752,4,4,8,2,S,5,83,,,,,,
500112,940000000000112,2,3,300112,2024-01-15,,AX609KF,12,N,11845,122,2426,N,8,4,21,1240,N,N,1593,2,5,1,3,N,6,139,,,,,,
500113,940000000000113,3,4,300113,2022-03-12,,RY116AR,8,N,5183,122,2508,N,9,4,9,2063,N,N,707,2,6,2,4,N,5,148,,,,,,
500114,940000000000114,1,5,300114,2023-08-20,,TG716TJ,8,N,3192,110,1517,N,2,3,9,2766,S,S,1762,3,1,3,5,S,5,180,,,,,,
500115,940000000000115,2,1,300115,2020-07-23,,DS615HP,2,N,2764,88,1807,N,6,2,24,2373,S,N,1413,2,2,4,1,S,6,222,,,,,,
500116,940000000000116,3,2,300116,2020-10-05,,GG286JR,9,N,962,91,966,N,6,1,8,1925,S,S,2331,1,3,5,2,S,6,112,,,,,,
500117,940000000000117,1,3,300117,2025-01-16,,ZC401MA,5,N,8787,155,2301,N,2,3,10,2982,N,S,986,1,4,6,3,S,5,134,,,,2,,
500118,940000000000118,2,4,300118,2018-06-10,,GK350HC,10,N,2979,209,2095,N,8,1,14,2529,S,N,1950,3,5,7,4,N,4,78,,,,,,
500119,940000000000119,3,5,300119,2023-12-28,,DM935PW,6,N,1502,63,697,N,3,4,28,1349,S,N,2071,3,6,8,5,S,6,80,,,,,1,STOR000119
500120,940000000000120,1,1,300120,2024-06-14,,NW390DW,9,N,1279,211,2952,N,9,4,32,1003,N,N,2210,1,1,1,1,N,6,126,,,,,,
500121,940000000000121,2,2,300121,2024-02-01,,FN557EY,6,N,3104,50,2586,N,8,1,14,2187,S,N,1080,3,2,2,2,S,3,208,,,,,,
500122,940000000000122,3,3,300122,2022-07-30,,YE490MP,11,N,2717,84,1890,N,8,4,23,1047,N,S,2282,1,3,3,3,N,6,170,,,,,,
500123,940000000000123,1,4,300123,2020-06-16,,CM164CE,4,N,969,130,1440,N,7,2,27,2494,N,S,1296,3,4,4,4,S,6,140,,,,,,
500124,940000000000124,2,5,300124,2024-05-23,,FH297ZN,11,N,2660,40,2170,N,7,2,22,2942,S,S,794,1,5,5,5,N,5,164,,,,,,
500125,940000000000125,3,1,300125,2023-07-31,,GT186JK,10,S,5052,186,1164,N,9,3,12,2980,N,S,2115,4,6,6,1,S,5,87,,,,,,
500126,940000000000126,1,2,300126,2020-12-22,,LF363VY,6,N,1821,100,1962,N,2,1,23,2295,S,N,778,2,1,7,2,S,4,128,,,,2,,
500127,940000000000127,2,3,300127,2018-03-27,,SA678HF,6,N,17062,56,2022,N,5,1,8,1822,N,N,1040,4,2,8,3,N,4,221,,,,,,
500128,940000000000128,3,4,300128,2023-02-23,,CX681RN,11,N,17332,146,530,N,7,4,19,2523,S,S,1696,1,3,1,4,S,6,65,,,,,,
500129,940000000000129,1,5,300129,2021-02-10,,DE214UU,8,N,1436,71,2186,N,8,2,33,2781,N,N,1697,1,4,2,5,S,6,82,,,,,,
500130,940000000000130,2,1,300130,2019-08-13,,BN140KK,9,N,3317,88,2020,N,9,2,31,1685,N,N,519,2,5,3,1,N,6,200,,,,,,
500131,940000000000131,3,2,300131,2024-05-15,,HR038EA,8,N,3194,137,2002,N,3,2,27,1829,N,N,1350,4,6,4,2,S,4,190,,,,,,
500132,940000000000132,1,3,300132,2022-04-05,,TL557DU,1,N,2797,83,2992,N,4,2,33,2628,N,S,2128,3,1,5,3,S,6,92,,,,,,
500133,940000000000133,2,4,300133,2025-01-22,,UC721JK,3,N,1023,78,2970,N,3,4,19,1373,S,S,1066,4,2,6,4,N,6,129,,,,,,
500134,940000000000134,3,5,300134,2018-05-05,,LP533PA,6,N,2018,102,720,N,3,3,21,1621,N,N,2497,3,3,7,5,S,5,113,,,,,,
500135,940000000000135,1,1,300135,2019-02-14,,NY654UJ,7,N,3150,77,910,N,6,3,8,1347,N,S,1199,3,4,8,1,N,6,85,,,,2,,
500136,940000000000136,2,2,300136,2021-08-08,,NW388HT,12,N,3300,84,1409,N,9,1,11,2486,S,S,776,2,5,1,2,S,5,141,,,,,1,STOR000136
500137,940000000000137,3,3,300137,2018-02-09,,CG624BC,3,N,9548,138,1363,N,7,1,28,1685,S,N,2055,4,6,2,3,N,3,112,,,,,,
500138,940000000000138,1,4,300138,2025-02-25,,PD554TK,8,N,2495,148,1527,N,6,1,32,1696,N,S,749,4,1,3,4,N,4,75,,,,,,
500139,940000000000139,2,5,300139,2022-03-06,,UF511YB,8,N,2314,140,902,N,3,2,13,1818,N,N,2396,3,2,4,5,N,3,193,,,,,,
500140,940000000000140,3,1,300140,2023-08-28,,JW676VD,2,N,1839,178,1517,N,5,2,13,1614,N,N,1215,4,3,5,1,N,6,65,,,,,,
500141,940000000000141,1,2,300141,2023-12-17,,CE276KS,4,N,1247,105,1530,N,8,2,16,1913,S,S,2024,2,4,6,2,N,5,201,,,,,,
500142,940000000000142,2,3,300142,2019-10-19,,HM109VN,8,N,2877,219,2268,N,9,3,19,2912,S,N,2489,3,5,7,3,N,4,91,,,,,,
500143,940000000000143,3,4,300143,2019-07-31,,SJ874LU,12,N,2962,194,1335,N,7,4,28,1610,N,N,1758,1,6,8,4,S,5,99,,,,,,
500144,940000000000144,1,5,300144,2024-09-20,,JE310DX,8,N,12498,98,856,N,9,2,32,1703,N,S,1184,3,1,1,5,S,5,161,,,,2,,
500145,940000000000145,2,1,300145,2022-07-02,,ZZ199YS,1,N,1176,75,1417,N,3,4,13,2465,S,N,2243,1,2,2,1,S,6,189,,,,,,
500146,940000000000146,3,2,300146,2019-12-07,,XP904JE,1,N,3146,116,2287,N,3,1,11,1560,S,N,798,3,3,3,2,N,5,97,,,,,,
500147,940000000000147,1,3,300147,2023-05-26,,DY448NA,7,N,3152,90,374,N,5,3,25,2014,N,N,1383,3,4,4,3,S,4,144,,,,,,
500148,940000000000148,2,4,300148,2022-05-29,,LN774AX,12,N,2735,134,597,N,9,3,13,2560,S,S,1025,4,5,5,4,N,5,114,,,,,,
500149,940000000000149,3,5,300149,2019-03-02,,ZB906RN,3,N,2654,61,2608,N,5,3,12,2628,S,S,836,3,6,6,5,S,5,171,,,,,,
500150,940000000000150,1,1,300150,2018-07-17,,MX876WZ,10,N,11797,114,1370,N,8,4,19,2553,S,N,2460,3,1,7,1,S,5,213,,,,,,
500151,940000000000151,2,2,300151,2022-09-20,,BA581ND,8,N,1490,135,2611,N,3,4,31,2570,N,S,1871,3,2,8,2,N,5,120,,,,,,
500152,940000000000152,3,3,300152,2022-08-12,,ER696DG,6,N,2131,75,2028,N,9,3,26,1224,N,S,898,2,3,1,3,N,4,223,,,,,,
500153,940000000000153,1,4,300153,2019-06-27,,PB676SE,9,N,1001,147,1328,N,9,2,8,1739,N,N,943,3,4,2,4,S,6,149,,,,2,1,STOR000153
500154,940000000000154,2,5,300154,2018-11-27,,HV988GA,6,N,2170,80,1177,N,5,4,15,2156,S,S,1302,3,5,3,5,N,4,110,,,,,,
500155,940000000000155,3,1,300155,2023-08-19,,EX162KB,10,N,1163,55,2522,N,3,3,33,1583,N,S,649,2,6,4,1,N,3,144,,,,,,
500156,940000000000156,1,2,300156,2018-06-23,,TR076WL,12,N,6856,75,2401,N,5,1,13,1360,N,S,1479,2,1,5,2,S,4,94,,,,,,
500157,940000000000157,2,3,300157,2022-08-09,,YN775ZD,2,N,1830,132,2770,N,5,4,30,1045,N,S,2056,4,2,6,3,N,4,120,,,,,,
500158,940000000000158,3,4,300158,2024-12-06,,CX200YE,3,S,4852,109,2252,N,8,1,19,950,N,S,957,4,3,7,4,S,4,103,,,,,,
500159,940000000000159,1,5,300159,2021-06-17,,MP716FN,5,N,15722,93,2487,N,4,4,9,2648,S,S,1932,3,4,8,5,N,6,125,,,,,,
500160,940000000000160,2,1,300160,2018-06-20,,DH618RZ,3,N,1094,121,1037,N,9,4,11,1640,S,S,2247,3,5,1,1,S,5,175,,,,,,
500161,940000000000161,3,2,300161,2020-12-11,,VL059HW,6,S,13484,79,1535,N,2,4,36,2490,N,N,2052,2,6,2,2,S,4,152,,,,,,
500162,940000000000162,1,3,300162,2018-02-15,,MR735BP,12,N,1551,202,921,N,6,1,33,2408,N,S,931,3,1,3,3,S,4,115,,,,2,,
500163,940000000000163,2,4,300163,2022-08-16,,VE252MZ,12,N,2377,91,2418,N,5,2,29,2140,N,N,1904,1,2,4,4,S,5,208,,,,,,
500164,940000000000164,3,5,300164,2021-03-29,,NG002SE,8,N,12769,88,1517,N,8,1,31,2392,N,N,1731,2,3,5,5,N,5,119,,,,,,
500165,940000000000165,1,1,300165,2018-05-01,,XY483CV,7,N,9154,146,969,N,4,1,21,1467,S,S,1285,2,4,6,1,S,6,124,,,,,,
500166,940000000000166,2,2,300166,2025-04-28,,VA455XU,8,N,3499,134,2121,N,8,1,34,2863,S,N,1451,1,5,7,2,N,3,196,,,,,,
500167,940000000000167,3,3,300167,2023-09-05,,TD403YM,2,N,1961,77,2646,N,2,4,28,1789,N,S,1851,1,6,8,3,N,5,150,,,,,,
500168,940000000000168,1,4,300168,2023-07-03,,MS296WF,7,N,16249,148,771,N,7,3,26,1600,N,S,693,1,1,1,4,N,5,141,,,,,,
500169,940000000000169,2,5,300169,2019-03-27,,NV281CD,6,N,2924,145,1184,N,5,3,17,1286,S,N,1335,4,2,2,5,S,6,107,,,,,,
500170,940000000000170,3,1,300170,2025-09-30,,MT169TY,11,N,1849,199,2615,N,6,1,13,2601,N,N,1250,1,3,3,1,N,5,138,,,,,1,STOR000170
500171,940000000000171,1,2,300171,2022-12-06,,GD350YL,8,N,15350,217,2900,N,7,4,25,1626,S,S,1383,2,4,4,2,N,6,203,,,,2,,
500172,940000000000172,2,3,300172,2025-01-16,,DR469FW,10,N,10852,117,1089,N,2,1,19,2180,N,S,956,2,5,5,3,S,3,221,,,,,,
500173,940000000000173,3,4,300173,2021-09-07,,FJ758LR,9,N,6765,91,2764,N,7,4,13,1515,S,N,597,3,6,6,4,N,4,92,,,,,,
500174,940000000000174,1,5,300174,2021-12-13,,PG993XZ,12,N,16283,181,1623,N,6,3,21,979,N,N,2008,1,1,7,5,N,4,156,,,,,,
500175,940000000000175,2,1,300175,2024-08-30,,MK014DH,3,N,2180,152,2346,N,7,1,28,2948,S,S,1132,1,2,8,1,N,4,228,,,,,,
500176,940000000000176,3,2,300176,2020-12-28,,AM249XX,5,N,1956,88,904,N,7,4,14,2980,S,S,1342,1,3,1,2,S,5,111,,,,,,
500177,940000000000177,1,3,300177,2019-07-20,,VR517RT,8,N,1987,123,2942,N,2,3,35,1888,S,S,1727,1,4,2,3,S,4,192,,,,,,
500178,940000000000178,2,4,300178,2020-10-08,,XN059EU,9,N,4079,79,773,N,5,2,20,1614,S,N,509,3,5,3,4,S,5,189,,,,,,
500179,940000000000179,3,5,300179,2021-06-07,,EA208RN,5,N,15054,70,1283,N,9,1,8,1240,S,S,1473,2,6,4,5,N,4,93,,,,,,
500180,940000000000180,1,1,300180,2022-01-08,,RX452LS,1,N,3541,162,2716,N,5,1,19,1947,N,N,811,4,1,5,1,N,6,66,,,,2,,
500181,940000000000181,2,2,300181,2023-09-23,,VG068UA,1,N,8040,154,710,N,7,2,16,968,S,S,1972,4,2,6,2,S,6,74,,,,,,
500182,940000000000182,3,3,300182,2024-09-02,,MN785HF,10,N,2247,45,1269,N,2,4,16,2102,N,N,1360,2,3,7,3,N,5,138,,,,,,
500183,940000000000183,1,4,300183,2025-06-04,,KR281RF,4,N,2783,197,1645,N,3,1,29,1882,S,N,1681,3,4,8,4,N,6,100,,,,,,
500184,940000000000184,2,5,300184,2019-11-03,,SN883MF,5,N,1739,143,983,N,3,3,13,2903,S,N,2323,1,5,1,5,S,4,187,,,,,,
500185,940000000000185,3,1,300185,2020-03-16,,RJ261UA,1,N,1308,96,1872,N,4,4,16,1934,N,N,2126,1,6,2,1,N,6,237,,,,,,
500186,940000000000186,1,2,300186,2025-01-30,,ST043BZ,6,N,1460,94,187,N,5,3,29,2225,N,S,1785,1,1,3,2,S,4,117,,,,,,
500187,940000000000187,2,3,300187,2020-11-26,,ZL828AF,3,N,1843,121,356,N,3,2,22,1862,N,S,1864,1,2,4,3,N,5,153,,,,,1,STOR000187
500188,940000000000188,3,4,300188,2020-11-12,,MP507ZR,3,N,12492,72,1488,N,5,4,28,2461,S,N,1288,4,3,5,4,S,6,109,,,,,,
500189,940000000000189,1,5,300189,2022-03-20,,BN213JE,8,N,1067,128,945,N,2,1,31,2356,S,N,2475,3,4,6,5,S,4,113,,,,2,,
500190,940000000000190,2,1,300190,2021-07-07,,VY452KE,4,N,2804,67,2283,N,7,4,24,2659,N,N,1421,3,5,7,1,S,5,128,,,,,,
500191,940000000000191,3,2,300191,2018-02-13,,UN684PP,3,N,3636,81,2570,N,6,2,24,1736,S,S,1643,1,6,8,2,N,4,128,,,,,,
500192,940000000000192,1,3,300192,2024-03-01,,EK606XJ,4,N,2992,75,2410,N,6,1,18,2969,N,S,2308,4,1,1,3,N,5,161,,,,,,
500193,940000000000193,2,4,300193,2024-11-26,,KS141EV,3,N,1645,85,2002,N,6,3,25,2696,N,S,2059,4,2,2,4,S,5,102,,,,,,
500194,940000000000194,3,5,300194,2020-08-10,,GN423ZN,6,N,2143,199,313,N,5,3,23,1194,S,N,2257,4,3,3,5,S,4,124,,,,,,
500195,940000000000195,1,1,300195,2021-10-01,,CH406NX,12,N,15403,98,1174,N,6,1,30,1813,N,N,697,3,4,4,1,N,6,223,,,,,,
500196,940000000000196,2,2,300196,2018-10-25,,NZ403TZ,8,N,3091,135,593,N,4,4,34,2517,N,S,1249,3,5,5,2,S,4,117,,,,,,
500197,940000000000197,3,3,300197,2019-06-27,,AB891BF,9,N,1854,122,1537,N,7,2,13,1662,N,N,2184,1,6,6,3,S,5,116,,,,,,
500198,940000000000198,1,4,300198,2022-08-16,,CX609XH,7,N,2780,53,277,N,7,2,18,1794,N,N,667,2,1,7,4,S,3,200,,,,2,,
500199,940000000000199,2,5,300199,2022-09-26,,BA439VX,11,N,1014,214,2889,N,8,1,26,1171,N,S,1139,3,2,8,5,S,4,98,,,,,,
500200,940000000000200,3,1,300200,2021-08-11,,LS123LB,7,N,2926,112,1472,N,5,3,33,1328,N,N,1677,3,3,1,1,S,5,104,,,,,,
500201,940000000000201,1,2,300201,2019-09-27,,BZ394CD,4,N,2138,156,1460,N,8,1,23,2951,N,N,783,1,4,2,2,N,5,88,,,,,,
500202,940000000000202,2,3,300202,2019-04-18,,CA434MC,2,N,3464,82,2480,N,2,2,9,1176,N,S,1798,2,5,3,3,N,5,216,,,,,,
500203,940000000000203,3,4,300203,2018-04-03,,TK936LJ,8,N,3271,155,2930,N,4,3,23,1532,N,N,922,1,6,4,4,S,5,65,,,,,,
500204,940000000000204,1,5,300204,2022-11-16,,CG269VY,12,N,10332,135,2908,N,8,3,25,1879,N,S,2064,3,1,5,5,N,5,132,,,,,1,STOR000204
500205,940000000000205,2,1,300205,2022-12-25,,PC384JT,2,N,2709,131,2652,N,2,1,32,2010,S,N,1206,2,2,6,1,S,4,169,,,,,,
500206,940000000000206,3,2,300206,2023-02-25,,DA630TA,10,N,3356,80,2230,N,6,4,12,1343,S,S,1717,4,3,7,2,N,5,126,,,,,,
500207,940000000000207,1,3,300207,2024-03-12,,GA349MG,2,N,12109,64,2656,N,6,2,15,2172,S,N,921,1,4,8,3,S,6,147,,,,2,,
500208,940000000000208,2,4,300208,2022-05-19,,MC833JY,8,N,3386,54,1032,N,3,1,22,2037,S,N,1914,4,5,1,4,N,4,143,,,,,,
500209,940000000000209,3,5,300209,2020-07-30,,SV360CC,3,N,1125,102,1601,N,8,3,17,1296,S,S,2241,3,6,2,5,N,6,86,,,,,,
500210,940000000000210,1,1,300210,2020-10-08,,FK301AG,10,N,2450,53,1462,N,2,3,19,1895,S,S,1562,1,1,3,1,S,4,114,,,,,,
500211,940000000000211,2,2,300211,2021-05-02,,GU195DC,4,N,2140,108,2004,N,6,4,22,1326,N,S,978,3,2,4,2,S,3,137,,,,,,
500212,940000000000212,3,3,300212,2021-01-18,,PD511BS,6,N,1680,142,2592,N,2,1,27,1142,N,N,1607,4,3,5,3,N,6,142,,,,,,
500213,940000000000213,1,4,300213,2024-06-13,,HD256JY,4,N,2568,68,2055,N,2,2,15,2249,S,S,523,3,4,6,4,N,4,99,,,,,,
500214,940000000000214,2,5,300214,2020-11-21,,CJ807KH,10,N,2931,144,2883,N,2,1,22,2712,S,N,2468,3,5,7,5,N,5,227,,,,,,
500215,940000000000215,3,1,300215,2020-12-05,,UV266XV,4,N,1012,188,1195,N,4,3,12,1992,N,N,1157,3,6,8,1,N,6,195,,,,,,
500216,940000000000216,1,2,300216,2023-01-27,,HV103KX,1,S,9882,90,1115,N,4,2,18,1338,S,S,1439,4,1,1,2,S,4,128,,,,2,,
500217,940000000000217,2,3,300217,2020-05-25,,WT903MA,11,N,1507,133,2678,N,5,3,27,2638,S,N,1035,4,2,2,3,S,6,111,,,,,,
500218,940000000000218,3,4,300218,2022-09-20,,XF090XU,3,N,3184,95,2292,N,2,4,9,2101,N,S,1863,1,3,3,4,N,4,121,,,,,,
500219,940000000000219,1,5,300219,2018-11-29,,HL704XW,3,N,1072,96,992,N,5,1,32,1942,N,S,1889,4,4,4,5,S,6,83,,,,,,
500220,940000000000220,2,1,300220,2023-06-04,,AE666MK,9,N,4914,127,929,N,5,4,35,1952,N,S,1384,1,5,5,1,S,4,65,,,,,,
500221,940000000000221,3,2,300221,2018-02-06,,PN018UJ,4,N,7358,141,448,N,8,3,8,1986,N,S,1150,3,6,6,2,N,3,90,,,,,1,STOR000221
500222,940000000000222,1,3,300222,2021-08-18,,WF868XG,1,N,1404,47,2042,N,2,1,21,1797,S,S,1119,3,1,7,3,S,6,139,,,,,,
500223,940000000000223,2,4,300223,2025-09-25,,JY086DN,7,N,6155,112,2221,N,7,4,30,2094,N,S,987,2,2,8,4,N,5,95,,,,,,
500224,940000000000224,3,5,300224,2019-07-08,,FR622CK,4,N,2679,144,2626,N,5,2,32,1944,S,S,1375,4,3,1,5,S,4,157,,,,,,
500225,940000000000225,1,1,300225,2024-07-24,,RX248FK,4,N,3349,58,1841,N,8,3,24,2228,N,N,1137,1,4,2,1,S,6,133,,,,2,,
500226,940000000000226,2,2,300226,2020-02-11,,SM948FF,9,N,2259,67,2337,N,6,1,9,1134,S,N,1488,1,5,3,2,N,6,208,,,,,,
500227,940000000000227,3,3,300227,2023-07-12,,EL589VV,9,N,2840,128,2199,N,5,3,16,1308,S,S,1167,1,6,4,3,N,5,147,,,,,,
500228,940000000000228,1,4,300228,2023-05-09,,KW685ZP,3,N,1536,86,1301,N,9,1,12,2469,N,N,2397,1,1,5,4,N,4,84,,,,,,
500229,940000000000229,2,5,300229,2023-08-01,,NL312DD,9,N,16251,118,1448,N,8,4,9,1364,N,S,1252,4,2,6,5,N,5,150,,,,,,
500230,940000000000230,3,1,300230,2020-07-14,,FB398GC,7,N,2446,61,803,N,7,2,31,2634,S,S,1302,1,3,7,1,S,3,133,,,,,,
500231,940000000000231,1,2,300231,2024-09-05,,WE310FF,2,S,14197,79,2790,N,8,2,29,995,N,N,2431,3,4,8,2,N,5,80,,,,,,
500232,940000000000232,2,3,300232,2023-05-13,,MH550VT,12,N,1548,56,379,N,3,3,23,2221,S,N,1289,1,5,1,3,S,4,156,,,,,,
500233,940000000000233,3,4,300233,2021-01-09,,JH161XY,3,N,2075,55,2378,N,3,2,17,2945,N,N,2221,1,6,2,4,S,3,103,,,,,,
500234,940000000000234,1,5,300234,2023-07-29,,HX791NA,4,N,1338,113,2350,N,5,3,15,1175,S,N,1920,1,1,3,5,N,4,200,,,,2,,
500235,940000000000235,2,1,300235,2022-11-19,,DS432HW,2,N,16122,76,2193,N,6,2,10,2842,S,S,728,4,2,4,1,N,4,230,,,,,,
500236,940000000000236,3,2,300236,2022-03-30,,PD511EZ,11,N,2513,72,161,N,9,1,19,1215,N,S,1549,3,3,5,2,S,5,106,,,,,,
500237,940000000000237,1,3,300237,2018-03-14,,VN445PV,8,N,10403,159,2512,N,8,1,36,2217,S,S,1937,2,4,6,3,N,6,103,,,,,,
500238,940000000000238,2,4,300238,2019-07-18,,SC003ES,12,N,3483,67,1564,N,9,4,31,2840,S,N,1478,3,5,7,4,N,4,109,,,,,1,STOR000238
500239,940000000000239,3,5,300239,2019-05-22,,FP642ST,11,S,6783,100,857,N,4,1,30,1929,N,N,1925,3,6,8,5,S,6,103,,,,,,
500240,940000000000240,1,1,300240,2025-10-04,,AV909ZL,8,N,1655,103,764,N,6,2,25,1863,S,N,575,3,1,1,1,S,5,106,,,,,,
500241,940000000000241,2,2,300241,2024-12-23,,GU043UU,1,N,1810,128,1633,N,3,1,13,2966,S,N,1324,4,2,2,2,N,5,121,,,,,,
500242,940000000000242,3,3,300242,2019-03-19,,NZ314EE,2,N,1025,218,1503,N,8,4,22,2510,S,N,1555,4,3,3,3,S,4,129,,,,,,
500243,940000000000243,1,4,300243,2025-07-23,,KM262LZ,7,N,5343,67,674,N,2,3,29,2975,N,S,1140,4,4,4,4,S,6,111,,,,2,,
500244,940000000000244,2,5,300244,2024-11-21,,JE840UL,11,N,2373,84,1031,N,4,2,30,1445,N,S,2268,3,5,5,5,N,5,103,,,,,,
500245,940000000000245,3,1,300245,2022-05-27,,HT037CA,10,N,2409,49,2928,N,7,1,9,1312,N,N,2309,4,6,6,1,S,3,131,,,,,,
500246,940000000000246,1,2,300246,2018-01-01,,HT517PT,7,N,1939,56,2693,N,6,4,24,1022,S,S,543,4,1,7,2,N,6,217,,,,,,
500247,940000000000247,2,3,300247,2019-03-06,,AD212VP,8,N,5161,111,1795,N,7,3,13,1534,S,S,1948,4,2,8,3,S,5,193,,,,,,
500248,940000000000248,3,4,300248,2024-09-24,,VX013PJ,3,N,2996,50,2083,N,9,1,28,2780,N,S,1015,1,3,1,4,S,5,127,,,,,,
500249,940000000000249,1,5,300249,2024-01-09,,KJ253MV,10,N,6578,95,515,N,3,1,10,2966,S,N,1253,4,4,2,5,N,5,199,,,,,,
500250,940000000000250,2,1,300250,2019-08-25,,RG530CK,6,N,1683,136,2898,N,8,3,29,1829,N,N,1733,2,5,3,1,S,4,159,,,,,,
500251,940000000000251,3,2,300251,2022-05-04,,AA383YV,4,N,1031,144,459,N,8,1,30,956,N,S,2278,1,6,4,2,S,5,197,,,,,,
500252,940000000000252,1,3,300252,2018-07-14,,BY119HH,6,N,1840,121,518,N,5,4,31,933,S,N,1536,4,1,5,3,S,3,193,,,,2,,
500253,940000000000253,2,4,300253,2020-05-29,,NK134SC,3,N,2435,90,480,N,2,4,36,2627,N,S,1900,1,2,6,4,S,6,138,,,,,,
500254,940000000000254,3,5,300254,2019-11-15,,UY172AA,6,N,5241,55,2700,N,7,1,17,1377,N,N,1029,3,3,7,5,N,4,214,,,,,,
500255,940000000000255,1,1,300255,2018-08-08,,ZX683EY,7,N,2625,140,2509,N,8,2,34,2697,S,S,900,3,4,8,1,N,6,123,,,,,1,STOR000255
500256,940000000000256,2,2,300256,2024-08-17,,HK440BM,10,N,11207,63,531,N,7,3,12,1544,N,N,640,3,5,1,2,S,4,123,,,,,,
500257,940000000000257,3,3,300257,2019-11-26,,DU970YE,4,N,2540,94,2031,N,6,1,33,910,S,N,2450,3,6,2,3,N,5,130,,,,,,
500258,940000000000258,1,4,300258,2022-12-29,,TM382KC,5,N,1989,91,1046,N,7,4,34,2259,N,N,1411,3,1,3,4,S,6,134,,,,,,
500259,940000000000259,2,5,300259,2020-03-12,,GK142VJ,3,N,3208,88,2567,N,6,1,29,2113,S,S,675,4,2,4,5,N,4,117,,,,,,
500260,940000000000260,3,1,300260,2024-10-04,,AV400YW,3,N,1211,143,1413,N,6,3,14,1942,S,S,1592,2,3,5,1,N,6,156,,,,,,
500261,940000000000261,1,2,300261,2021-08-09,,CU583BE,4,N,1730,81,1843,N,7,4,29,2003,N,N,2475,3,4,6,2,N,6,67,,,,2,,
500262,940000000000262,2,3,300262,2023-07-20,,PL412YZ,8,N,1386,96,1945,N,6,2,18,1870,N,N,874,1,5,7,3,N,4,113,,,,,,
500263,940000000000263,3,4,300263,2025-05-08,,XN314ET,1,N,2158,161,2123,N,4,4,16,2499,S,S,1782,4,6,8,4,N,6,231,,,,,,
500264,940000000000264,1,5,300264,2025-11-15,,SH744JH,6,N,966,156,1517,N,7,3,9,2804,S,N,1855,4,1,1,5,N,6,154,,,,,,
500265,940000000000265,2,1,300265,2024-10-24,,SJ584AM,9,N,1133,134,2326,N,9,3,22,1360,S,S,1975,2,2,2,1,S,4,150,,,,,,
500266,940000000000266,3,2,300266,2024-11-08,,KV991DC,6,N,2315,47,2998,N,4,4,23,923,N,N,827,1,3,3,2,N,6,97,,,,,,
500267,940000000000267,1,3,300267,2025-01-14,,TK401KK,5,N,2852,123,259,N,2,3,36,1716,S,S,1469,4,4,4,3,S,4,156,,,,,,
500268,940000000000268,2,4,300268,2025-07-22,,PK435WT,12,N,1549,77,2098,N,8,3,27,1657,S,N,2171,3,5,5,4,S,4,98,,,,,,
500269,940000000000269,3,5,300269,2019-01-21,,UP120PC,2,N,2223,130,570,N,6,2,22,1627,S,S,1811,3,6,6,5,S,5,106,,,,,,
500270,940000000000270,1,1,300270,2024-04-08,,RP115VA,1,N,2828,116,1586,N,5,3,14,1113,S,S,671,2,1,7,1,S,6,218,,,,2,,
500271,940000000000271,2,2,300271,2025-01-17,,NN381YC,3,N,3367,118,2214,N,5,1,30,2080,N,S,1591,3,2,8,2,S,4,104,,,,,,
500272,940000000000272,3,3,300272,2020-03-03,,HX060NF,12,N,982,100,2010,N,6,2,34,2507,S,S,1698,3,3,1,3,S,5,94,,,,,1,STOR000272
500273,940000000000273,1,4,300273,2025-02-08,,UE427RJ,9,N,1794,208,1140,N,7,1,33,1808,S,N,1416,1,4,2,4,S,6,114,,,,,,
500274,940000000000274,2,5,300274,2019-03-30,,LR710AB,7,N,12727,105,2631,N,8,3,15,1041,S,N,923,2,5,3,5,N,4,211,,,,,,
500275,940000000000275,3,1,300275,2022-10-17,,PV184US,1,N,3088,132,2073,N,2,2,36,2136,N,N,1356,3,6,4,1,S,5,155,,,,,,
500276,940000000000276,1,2,300276,2021-07-07,,ER266DC,12,N,10060,111,2346,N,8,2,27,2422,S,S,1305,4,1,5,2,N,5,222,,,,,,
500277,940000000000277,2,3,300277,2024-08-24,,XJ338PR,7,N,9667,166,629,N,4,2,8,2524,S,S,839,4,2,6,3,S,6,65,,,,,,
500278,940000000000278,3,4,300278,2020-01-12,,EA039UJ,11,N,3410,66,567,N,3,2,19,2818,S,S,884,2,3,7,4,S,6,96,,,,,,
500279,940000000000279,1,5,300279,2018-12-27,,NY763XP,11,N,3636,81,2337,N,4,3,26,2828,N,S,1970,1,4,8,5,S,6,101,,,,2,,
500280,940000000000280,2,1,300280,2025-07-02,,FL234ZY,5,N,2503,52,1565,N,9,1,19,2861,N,S,967,1,5,1,1,N,6,107,,,,,,
500281,940000000000281,3,2,300281,2025-04-01,,WS361FW,12,N,1224,70,940,N,7,3,14,1033,S,N,619,4,6,2,2,S,3,190,,,,,,
500282,940000000000282,1,3,300282,2023-11-04,,PB623KT,5,N,3214,189,1194,N,6,3,14,1709,N,N,845,4,1,3,3,S,6,91,,,,,,
500283,940000000000283,2,4,300283,2020-10-30,,RU903FR,4,N,2853,78,1487,N,9,1,36,2345,S,N,1874,1,2,4,4,S,6,223,,,,,,
500284,940000000000284,3,5,300284,2025-04-13,,XK459HJ,3,N,1311,48,2417,N,5,2,28,2234,S,S,986,2,3,5,5,N,5,169,,,,,,
500285,940000000000285,1,1,300285,2024-09-16,,FK113PA,3,N,3095,191,2312,N,6,3,30,1022,S,N,1919,1,4,6,1,N,6,140,,,,,,
500286,940000000000286,2,2,300286,2023-06-10,,HK084TR,5,N,5267,117,2307,N,3,3,14,2733,N,S,1492,3,5,7,2,S,5,138,,,,,,
500287,940000000000287,3,3,300287,2025-01-05,,ED917KJ,5,N,3272,71,1419,N,5,2,24,2687,S,S,645,2,6,8,3,N,6,124,,,,,,
500288,940000000000288,1,4,300288,2020-07-13,,EU492VK,10,N,1514,92,1337,N,2,2,36,2484,N,N,2417,3,1,1,4,S,4,211,,,,2,,
500289,940000000000289,2,5,300289,2025-04-07,,PK028AR,5,N,14035,95,1871,N,5,4,33,1406,N,S,2276,1,2,2,5,N,5,133,,,,,1,STOR000289
500290,940000000000290,3,1,300290,2019-05-24,,XK739GY,9,N,13995,80,2915,N,7,2,22,1659,S,N,1107,3,3,3,1,S,5,218,,,,,,
500291,940000000000291,1,2,300291,2021-05-29,,GZ648JW,3,N,7801,56,2325,N,5,1,34,2803,N,N,1700,4,4,4,2,S,6,191,,,,,,
500292,940000000000292,2,3,300292,2019-08-24,,SH573LS,8,N,3032,46,2531,N,3,2,26,1349,S,N,1300,4,5,5,3,N,5,236,,,,,,
500293,940000000000293,3,4,300293,2019-06-11,,JG587NM,4,N,1038,49,1698,N,5,3,19,1134,N,N,1547,4,6,6,4,S,4,146,,,,,,
500294,940000000000294,1,5,300294,2023-04-07,,UD076MX,5,N,10661,121,2844,N,5,4,31,2756,N,S,721,1,1,7,5,S,5,162,,,,,,
500295,940000000000295,2,1,300295,2022-05-07,,DF035PW,12,N,10470,220,1937,N,7,4,19,2381,S,S,1946,1,2,8,1,N,6,78,,,,,,
500296,940000000000296,3,2,300296,2025-07-24,,KL516HJ,2,N,1034,83,2237,N,4,3,12,2867,N,S,1498,1,3,1,2,S,6,233,,,,,,
500297,940000000000297,1,3,300297,2023-08-05,,CB495DW,11,N,1854,142,2575,N,6,2,27,967,N,N,1735,3,4,2,3,N,6,125,,,,2,,
500298,940000000000298,2,4,300298,2019-08-30,,RJ967SV,1,S,10901,61,1693,N,7,1,19,2302,S,S,2281,4,5,3,4,N,6,97,,,,,,
500299,940000000000299,3,5,300299,2023-08-05,,KP356ZZ,4,N,1682,82,2850,N,5,3,28,1914,S,N,947,3,6,4,5,N,4,98,,,,,,
500300,940000000000300,1,1,300300,2022-03-24,,PU403VT,8,N,14488,144,1720,N,2,3,35,2889,S,S,2268,2,1,5,1,S,5,206,,,,,,
500301,940000000000301,2,2,300301,2022-03-01,,ZH908SN,10,N,1669,128,933,N,3,1,22,2512,N,N,2136,3,2,6,2,N,4,102,,,,,,
500302,940000000000302,3,3,300302,2025-12-09,,YP831NS,9,N,922,58,726,N,5,1,36,2570,S,S,1131,4,3,7,3,N,5,91,,,,,,
500303,940000000000303,1,4,300303,2022-06-06,,DH753UD,8,N,2082,62,2338,N,5,2,26,939,S,S,2208,4,4,8,4,S,4,204,,,,,,
500304,940000000000304,2,5,300304,2024-05-06,,EU164YP,6,N,3340,58,610,N,7,4,26,2447,S,N,944,4,5,1,5,N,5,115,,,,,,
500305,940000000000305,3,1,300305,2018-04-18,,UU406UG,4,N,1003,92,2225,N,9,4,13,2628,N,S,2473,1,6,2,1,S,4,198,,,,,,
500306,940000000000306,1,2,300306,2021-11-01,,GC062UW,4,N,3460,66,799,N,2,1,31,1718,S,N,2032,3,1,3,2,S,5,109,,,,2,1,STOR000306
500307,940000000000307,2,3,300307,2025-10-27,,XD859PJ,10,N,953,159,2241,N,4,1,15,1759,N,N,1255,4,2,4,3,N,4,141,,,,,,
500308,940000000000308,3,4,300308,2023-04-14,,NM781SR,7,N,8074,92,1118,N,8,4,22,2113,N,N,1886,1,3,5,4,S,6,108,,,,,,
500309,940000000000309,1,5,300309,2023-01-20,,HZ661SU,9,N,1767,97,979,N,4,1,17,971,S,N,657,1,4,6,5,N,5,129,,,,,,
500310,940000000000310,2,1,300310,2022-12-31,,TR499KZ,6,N,1096,160,2809,N,6,3,33,1407,N,S,2333,4,5,7,1,S,6,92,,,,,,
500311,940000000000311,3,2,300311,2021-10-26,,UZ140KU,1,N,2922,130,2037,N,6,2,22,2294,N,S,932,1,6,8,2,S,5,96,,,,,,
500312,940000000000312,1,3,300312,2024-05-27,,ZD439XS,4,N,1938,171,2790,N,2,4,26,2274,S,N,1755,2,1,1,3,S,6,166,,,,,,
500313,940000000000313,2,4,300313,2021-01-03,,MT996CS,9,N,2615,149,730,N,2,2,31,2188,S,N,1011,1,2,2,4,N,6,71,,,,,,
500314,940000000000314,3,5,300314,2022-11-29,,PK404GJ,10,N,1273,147,447,N,2,3,18,933,S,S,674,1,3,3,5,S,6,104,,,,,,
500315,940000000000315,1,1,300315,2025-01-29,,EN081RF,12,N,3316,143,2245,N,8,4,15,2885,N,N,2196,2,4,4,1,N,3,209,,,,2,,
500316,940000000000316,2,2,300316,2021-07-02,,TK477RW,2,N,2681,55,603,N,5,4,21,1223,N,N,2351,2,5,5,2,S,4,152,,,,,,
500317,940000000000317,3,3,300317,2021-03-18,,YC265MP,12,N,1713,137,1090,N,4,1,9,937,S,S,1860,1,6,6,3,S,4,124,,,,,,
500318,940000000000318,1,4,300318,2022-04-18,,RK097PG,11,N,4558,79,1615,N,2,3,17,2931,N,N,1459,3,1,7,4,S,5,103,,,,,,
500319,940000000000319,2,5,300319,2025-02-27,,XR424JG,11,N,3286,180,1934,N,9,2,18,1770,S,S,1241,1,2,8,5,S,6,213,,,,,,
500320,940000000000320,3,1,300320,2018-03-17,,ND549RP,5,N,16219,93,586,N,7,2,28,2708,S,N,1857,3,3,1,1,S,6,78,,,,,,
500321,940000000000321,1,2,300321,2022-07-01,,SS173MU,1,N,2573,164,1206,N,8,2,36,1821,N,S,1457,3,4,2,2,S,6,143,,,,,,
500322,940000000000322,2,3,300322,2023-09-02,,SG254KW,5,N,1866,55,2700,N,4,1,15,1735,S,S,901,4,5,3,3,S,4,180,,,,,,
500323,940000000000323,3,4,300323,2019-07-12,,HZ478CG,11,N,1232,68,1304,N,7,1,8,1781,N,S,2420,1,6,4,4,S,4,86,,,,,1,STOR000323
500324,940000000000324,1,5,300324,2025-03-27,,ZB959NM,5,N,1495,73,2719,N,2,2,15,2533,S,N,748,4,1,5,5,S,5,235,,,,2,,
500325,940000000000325,2,1,300325,2024-06-04,,WS846CR,6,N,2851,55,633,N,7,3,20,1172,N,N,1498,3,2,6,1,S,4,104,,,,,,
500326,940000000000326,3,2,300326,2019-09-18,,GT364ZN,3,N,1409,134,1951,N,8,4,18,1145,N,N,2409,3,3,7,2,S,6,174,,,,,,
500327,940000000000327,1,3,300327,2020-11-16,,YN124TL,3,N,1531,97,1921,N,5,2,36,1914,S,N,1742,1,4,8,3,S,6,132,,,,,,
500328,940000000000328,2,4,300328,2020-10-17,,UY928SP,8,N,2265,148,797,N,2,2,24,2523,N,N,1439,2,5,1,4,N,6,105,,,,,,
500329,940000000000329,3,5,300329,2020-10-03,,EG412EY,1,N,7806,80,2399,N,2,3,36,1417,S,S,770,3,6,2,5,N,4,152,,,,,,
500330,940000000000330,1,1,300330,2019-02-26,,HC932FV,12,N,2955,87,870,N,4,4,9,1778,N,N,847,4,1,3,1,S,3,176,,,,,,
500331,940000000000331,2,2,300331,2020-01-20,,SE435GS,2,N,3224,100,741,N,3,3,26,2213,S,N,1779,1,2,4,2,S,4,109,,,,,,
500332,940000000000332,3,3,300332,2022-02-22,,UK577ZC,6,N,1010,54,2157,N,5,2,30,2380,N,N,1827,1,3,5,3,S,4,158,,,,,,
500333,940000000000333,1,4,300333,2020-11-14,,NC855PE,2,N,4812,106,2600,N,3,4,12,1231,N,N,2474,3,4,6,4,N,5,86,,,,2,,
500334,940000000000334,2,5,300334,2021-06-14,,AF548LD,7,N,2725,62,304,N,5,1,28,1639,N,N,2495,1,5,7,5,S,6,185,,,,,,
500335,940000000000335,3,1,300335,2022-04-18,,XJ248PK,4,N,2245,129,2618,N,8,2,15,2371,S,S,1845,1,6,8,1,N,6,117,,,,,,
500336,940000000000336,1,2,300336,2025-06-23,,CY083CD,7,N,2314,150,2703,N,9,2,18,1759,S,S,1235,1,1,1,2,N,4,128,,,,,,
500337,940000000000337,2,3,300337,2024-05-20,,LZ669FD,11,N,3300,45,2026,N,4,1,20,1564,S,N,2026,3,2,2,3,N,6,94,,,,,,
500338,940000000000338,3,4,300338,2021-09-26,,DM418DC,6,N,15155,177,2565,N,5,1,13,2728,S,S,793,3,3,3,4,S,5,128,,,,,,
500339,940000000000339,1,5,300339,2023-12-08,,HE294SA,1,N,3118,114,2296,N,2,1,12,1526,N,S,1848,1,4,4,5,S,6,94,,,,,,
500340,940000000000340,2,1,300340,2019-06-14,,UG042EG,5,N,12041,80,997,N,4,3,17,2801,N,S,1588,1,5,5,1,N,4,123,,,,,1,STOR000340
500341,940000000000341,3,2,300341,2022-08-13,,BZ583LR,3,N,4672,119,904,N,5,4,11,1005,S,S,2388,1,6,6,2,S,4,144,,,,,,
500342,940000000000342,1,3,300342,2022-08-26,,KP429CD,8,N,14684,83,982,N,3,4,9,1770,S,N,1743,2,1,7,3,N,6,147,,,,2,,
500343,940000000000343,2,4,300343,2018-09-20,,YD192NZ,11,N,3230,130,2930,N,5,1,13,1943,N,S,1039,4,2,8,4,N,5,186,,,,,,
500344,940000000000344,3,5,300344,2025-04-07,,XJ209CH,1,N,2619,66,825,N,7,4,21,1672,S,S,829,4,3,1,5,S,4,146,,,,,,
500345,940000000000345,1,1,300345,2019-01-26,,XW505EB,9,S,16480,86,640,N,3,4,23,916,S,S,1363,1,4,2,1,N,6,200,,,,,,
500346,940000000000346,2,2,300346,2019-02-24,,WK656CL,10,N,2753,121,2951,N,8,3,33,2887,S,N,1651,1,5,3,2,S,6,77,,,,,,
500347,940000000000347,3,3,300347,2022-03-07,,PK698SY,10,N,2177,175,1794,N,3,3,14,1870,N,N,1832,3,6,4,3,S,5,120,,,,,,
500348,940000000000348,1,4,300348,2020-03-15,,EW980ET,3,N,3401,133,2570,N,7,4,27,1263,N,N,2135,1,1,5,4,N,6,154,,,,,,
500349,940000000000349,2,5,300349,2024-03-06,,FU175UC,2,N,1907,69,1328,N,3,3,12,1504,N,S,1574,1,2,6,5,S,4,121,,,,,,
500350,940000000000350,3,1,300350,2018-02-03,,LC789AZ,12,N,16905,107,524,N,2,3,32,1134,N,S,1883,2,3,7,1,N,5,140,,,,,,
500351,940000000000351,1,2,300351,2018-09-28,,DU790CH,4,N,2102,123,1539,N,4,3,12,2238,S,N,2168,3,4,8,2,S,4,148,,,,2,,
500352,940000000000352,2,3,300352,2021-05-07,,TU004UL,1,N,15786,119,239,N,8,3,14,2324,N,S,1988,2,5,1,3,N,6,138,,,,,,
500353,940000000000353,3,4,300353,2019-12-10,,WN984RU,4,N,2465,200,1355,N,6,3,14,3000,S,N,1957,3,6,2,4,N,5,134,,,,,,
500354,940000000000354,1,5,300354,2020-02-13,,FM870WB,6,N,2923,141,1187,N,6,4,11,2142,S,S,1623,4,1,3,5,S,5,104,,,,,,
500355,940000000000355,2,1,300355,2019-11-08,,MS721TD,2,N,1653,181,1434,N,5,3,18,990,N,S,1984,4,2,4,1,S,5,193,,,,,,
500356,940000000000356,3,2,300356,2025-01-23,,NZ067SA,8,N,15096,142,212,N,9,1,18,2671,S,N,994,3,3,5,2,N,6,217,,,,,,
500357,940000000000357,1,3,300357,2018-02-16,,WT610KF,8,S,10809,115,2428,N,3,2,17,1035,N,N,2480,4,4,6,3,N,4,138,,,,,1,STOR000357
500358,940000000000358,2,4,300358,2019-11-25,,JW357LC,4,N,12512,80,648,N,2,3,22,1081,S,N,1951,2,5,7,4,S,3,240,,,,,,
500359,940000000000359,3,5,300359,2021-08-08,,XJ573EY,2,N,2527,95,713,N,8,1,29,2969,S,N,2160,2,6,8,5,N,6,219,,,,,,
500360,940000000000360,1,1,300360,2020-04-11,,DT480TW,11,N,2175,87,1514,N,2,1,33,2090,N,N,823,2,1,1,1,N,3,128,,,,2,,
500361,940000000000361,2,2,300361,2021-07-12,,HG804VB,8,N,3293,95,1171,N,3,3,26,1794,S,N,2311,2,2,2,2,N,4,182,,,,,,
500362,940000000000362,3,3,300362,2019-12-15,,FU808JG,4,N,2934,43,1706,N,4,1,14,2079,N,S,2317,3,3,3,3,S,6,153,,,,,,
500363,940000000000363,1,4,300363,2025-10-02,,DP836HK,9,N,1395,196,2719,N,2,4,29,906,N,S,785,1,4,4,4,N,4,222,,,,,,
500364,940000000000364,2,5,300364,2023-05-25,,WG210BV,4,N,11976,76,2853,N,3,4,12,1950,S,S,1563,3,5,5,5,S,5,116,,,,,,
500365,940000000000365,3,1,300365,2025-02-22,,EL390KN,5,N,1751,124,485,N,5,3,34,1215,S,S,1529,3,6,6,1,S,5,131,,,,,,
500366,940000000000366,1,2,300366,2023-08-14,,FA483DT,8,N,1107,121,174,N,9,2,18,1921,N,N,524,1,1,7,2,N,5,154,,,,,,
500367,940000000000367,2,3,300367,2019-07-19,,KK502CR,8,N,2897,149,1545,N,3,3,35,946,N,N,1776,1,2,8,3,S,4,94,,,,,,
500368,940000000000368,3,4,300368,2022-03-26,,BW361BG,11,N,1447,46,1416,N,4,2,34,1455,S,N,1627,4,3,1,4,S,4,108,,,,,,
500369,940000000000369,1,5,300369,2020-07-18,,GW257JN,10,N,10529,151,2369,N,4,2,12,2503,N,S,658,4,4,2,5,N,4,238,,,,2,,
500370,940000000000370,2,1,300370,2025-03-12,,PU146VF,6,N,1099,160,2116,N,8,3,19,2103,N,S,1538,1,5,3,1,N,5,237,,,,,,
500371,940000000000371,3,2,300371,2022-12-10,,FZ257AZ,4,N,1738,143,1255,N,6,3,17,2083,S,S,1437,1,6,4,2,N,5,212,,,,,,
500372,940000000000372,1,3,300372,2025-09-03,,FZ613DB,4,N,2040,122,1190,N,9,2,23,984,S,S,1525,4,1,5,3,N,5,134,,,,,,
500373,940000000000373,2,4,300373,2019-06-13,,WY623RD,9,N,12383,156,440,N,7,3,14,1708,N,N,1498,3,2,6,4,N,4,219,,,,,,
500374,940000000000374,3,5,300374,2023-01-29,,XX999ZH,4,N,2563,205,568,N,7,1,16,2838,S,S,2169,4,3,7,5,N,6,123,,,,,1,STOR000374
500375,940000000000375,1,1,300375,2019-09-30,,PV944SD,8,S,11062,150,681,N,3,3,35,2127,N,N,1891,1,4,8,1,S,3,236,,,,,,
500376,940000000000376,2,2,300376,2024-04-05,,RF113FB,6,N,3656,180,2672,N,6,1,24,2034,N,S,2122,4,5,1,2,N,5,166,,,,,,
500377,940000000000377,3,3,300377,2021-07-11,,NR581CA,6,N,1114,220,2768,N,3,3,21,1981,N,S,2291,1,6,2,3,S,4,79,,,,,,
