ID_INDIRIZZO,ID_OPERAZIONE,ID_SOGGETTO,DATA_INIZIO_VALIDITA,DATA_FINE_VALIDITA,CAP,ID_NAZIONE,COGNOMEPRESSO,NOMEPRESSO,ID_TIPO_INDIRIZZO,SEDIME,NOMEVIA,RADICE,ESTENSIONECIVICO,LOCALITA,FRAZIONE,ID_LUOGO,ID_FONTE_PROVENIENZA,ID_FONTE_RIFERIMENTO,ID_STATO_INDIRIZZO,DATA_CANCELLAZIONE
200000,910000000000000,100000,2017-12-20,,35698,100,Barbieri,Simone,1,Borgo,Cavour,7153,B,ROVOLON,,646,1,1,1,
200001,910000000000001,100001,2017-05-09,,30622,100,Bruno,Anna,2,Via,Europa,8628,A,MIRANO,,59396,2,2,1,
200002,910000000000002,100002,2018-09-17,,36632,100,Conti,Paolo,3,Borgo,Marconi,9014,A,BREGANZE,,58952,3,3,1,
200003,910000000000003,100003,2018-11-30,,35681,100,Moretti,Davide,4,Piazza,Manzoni,8994,B,SANTA GIUSTINA IN COLLE,,48261,1,4,1,
200004,910000000000004,100004,2022-04-21,,35862,100,Ferrari,Sara,1,Borgo,Carducci,6959,B,MASERA' DI PADOVA,,48328,2,1,1,
200005,910000000000005,100005,2019-07-09,,35764,100,Lombardi,Davide,2,Borgo,Garibaldi,7334,,CAMPODARSEGO,,48389,3,2,1,
200006,910000000000006,100006,2018-01-03,,37854,100,Barbieri,Chiara,3,Strada,Mazzini,3911,A,VALEGGIO SUL MINCIO,,48522,1,3,1,
200007,910000000000007,100007,2017-06-22,,37527,100,Esposito,Andrea,4,Corso,Europa,6889,B,CASALEONE,,47877,2,4,1,
200008,910000000000008,100008,2020-11-09,,37036,100,Fontana,Luca,1,Via,Dante,1559,B,NOGAROLE ROCCA,,48137,3,1,1,
200009,910000000000009,100009,2018-12-11,,37646,100,Barbieri,Laura,2,Viale,Carducci,675,INT,CAVAION VERONESE,,48198,1,2,1,
200010,910000000000010,100010,2024-07-04,,31378,100,Rizzo,Davide,3,Via,Mazzini,7937,,PEDEROBBA,,48199,2,3,1,
200011,910000000000011,100011,2022-10-26,,35448,100,Fontana,Marta,4,Corso,Garibaldi,23,INT,GAZZO,,47561,3,4,1,
200012,910000000000012,100012,2021-09-26,,37540,100,Greco,Marco,1,Borgo,Carducci,751,B,SOMMACAMPAGNA,,47753,1,1,1,
200013,910000000000013,100013,2018-01-18,,31808,100,Moretti,Paolo,2,Borgo,Garibaldi,6958,B,TARZO,,47819,2,2,1,
200014,910000000000014,100014,2023-02-06,,37110,100,Barbieri,Anna,3,Corso,Manzoni,703,B,LAZISE,,47049,3,3,1,
200015,910000000000015,100015,2023-05-01,,37699,100,Barbieri,Marco,4,Viale,Garibaldi,4655,,BOVOLONE,,47111,1,4,1,
200016,910000000000016,100016,2022-11-04,,31467,100,Esposito,Federica,1,Viale,Kennedy,3933,INT,MONFUMO,,47112,2,1,1,
200017,910000000000017,100017,2021-05-19,,31615,100,Conti,Paolo,2,Piazza,Verdi,7106,B,CAVASO DEL TOMBA,,47171,3,2,1,
200018,910000000000018,100018,2022-08-09,,35814,100,Lombardi,Davide,3,Corso,Verdi,571,B,ESTE,,47240,1,3,1,
200019,910000000000019,100019,2018-09-27,,35288,100,Gallo,Giulia,4,Borgo,Mazzini,5482,A,ARRE,,47304,2,4,1,
200020,910000000000020,100020,2022-04-21,,37947,100,Rossi,Paolo,1,Viale,Roma,9075,INT,BEVILACQUA,,46790,3,1,1,
200021,910000000000021,100021,2023-12-23,,32996,100,Greco,Elena,2,Via,Garibaldi,7349,INT,LOZZO DI CADORE,,46342,1,2,1,
200022,910000000000022,100022,2019-01-20,,35753,100,Costa,Andrea,3,Strada,Cavour,7184,INT,CERVARESE SANTA CROCE,,46471,2,3,1,
200023,910000000000023,100023,2021-11-06,,36433,100,Rossi,Gabriele,4,Borgo,Pascoli,8565,,CHIAMPO,,51910,3,4,1,
200024,910000000000024,100024,2022-07-12,,36454,100,Fontana,Sofia,1,Strada,Garibaldi,457,B,LUGO DI VICENZA,,51082,1,1,1,
200025,910000000000025,100025,2023-10-10,,36147,100,Barbieri,Alessandro,2,Strada,Verdi,4158,B,CAMPIGLIA DEI BERICI,,51142,2,2,1,
200026,910000000000026,100026,2022-07-27,,30982,100,Barbieri,Valentina,3,Viale,Carducci,2543,B,PIANIGA,,51268,3,3,1,
200027,910000000000027,100027,2022-07-14,,36819,100,Barbieri,Luca,4,Viale,Cavour,7064,INT,ROSSANO VENETO,,51461,1,4,1,
200028,910000000000028,100028,2017-03-01,,36994,100,Costa,Davide,1,Viale,Manzoni,4403,INT,POVE DEL GRAPPA,,50697,2,1,1,
200029,910000000000029,100029,2021-04-21,,36924,100,Romano,Martina,2,Borgo,Europa,9636,A,LAGHI,,50758,3,2,1,
200030,910000000000030,100030,2018-09-22,,36858,100,Rizzo,Paolo,3,Strada,Pascoli,2434,,CALDOGNO,,50821,1,3,1,
200031,910000000000031,100031,2023-02-16,,37050,100,Fontana,Martina,4,Via,Dante,799,B,ZEVIO,,40714,2,4,1,
200032,910000000000032,100032,2024-06-24,,36093,100,Bruno,Alessandro,1,Corso,Kennedy,3971,,ALTAVILLA VICENTINA,,40839,3,1,1,
200033,910000000000033,100033,2018-07-21,,35423,100,Marino,Stefano,2,Borgo,Marconi,2702,B,PADOVA,,40840,1,2,1,
200034,910000000000034,100034,2018-03-12,,37076,100,Romano,Anna,3,Piazza,Garibaldi,8875,INT,COLOGNA VENETA,,40071,2,3,1,
200035,910000000000035,100035,2024-08-07,,31576,100,Romano,Andrea,4,Borgo,Manzoni,9791,,FONTE,,40132,3,4,1,
200036,910000000000036,100036,2022-03-19,,35374,100,Ferrari,Elena,1,Piazza,Europa,2250,INT,SANT'URBANO,,40133,1,1,1,
200037,910000000000037,100037,2023-09-05,,30654,100,Marino,Marco,2,Piazza,Pascoli,4304,A,CAMPOLONGO MAGGIORE,,40201,2,2,1,
200038,910000000000038,100038,2020-08-22,,37722,100,Esposito,Paolo,3,Strada,Mazzini,9146,,RIVOLI VERONESE,,40326,3,3,1,
200039,910000000000039,100039,2024-05-26,,37586,100,Rizzo,Martina,4,Piazza,Cavour,5292,A,DOLCE',,40392,1,4,1,
200040,910000000000040,100040,2023-01-31,,31993,100,Romano,Stefano,1,Borgo,Mazzini,7229,INT,QUINTO DI TREVISO,,40393,2,1,1,
200041,910000000000041,100041,2022-12-27,,31034,100,Conti,Laura,2,Borgo,Carducci,2325,A,GODEGA DI SANT'URBANO,,40453,3,2,1,
200042,910000000000042,100042,2019-10-24,,31826,100,Ferrari,Matteo,3,Corso,Kennedy,21,B,VAZZOLA,,39688,1,3,1,
200043,910000000000043,100043,2018-06-20,,37539,100,Gallo,Giovanni,4,Strada,Roma,9478,,AFFI,,46023,2,4,1,
200044,910000000000044,100044,2024-09-27,,36634,100,Ferrari,Laura,1,Borgo,Cavour,3476,B,ZUGLIANO,,46024,3,1,1,
200045,910000000000045,100045,2018-05-06,,32218,100,Esposito,Marco,2,Piazza,Pascoli,9670,B,LIMANA,,46025,1,2,1,
200046,910000000000046,100046,2022-12-24,,31517,100,Gallo,Giulia,3,Piazza,Kennedy,9744,B,ASOLO,,46084,2,3,1,
200047,910000000000047,100047,2024-06-28,,36426,100,Greco,Simone,4,Corso,Mazzini,3605,,VILLAVERLA,,45701,3,4,1,
200048,910000000000048,100048,2021-12-17,,36064,100,Costa,Alessandro,1,Via,Europa,7268,B,POJANA MAGGIORE,,45127,1,1,1,
200049,910000000000049,100049,2017-09-22,,32008,100,Marino,Sara,2,Borgo,Cavour,2501,INT,SEDICO,,45189,2,2,1,
200050,910000000000050,100050,2024-03-12,,32007,100,Costa,Matteo,3,Corso,Cavour,6059,INT,FONZASO,,45252,3,3,1,
200051,910000000000051,100051,2018-08-02,,32671,100,Bianchi,Francesca,4,Borgo,Kennedy,4550,A,SAN TOMASO AGORDINO,,44871,1,4,1,
200052,910000000000052,100052,2022-11-20,,32522,100,Marino,Gabriele,1,Corso,Marconi,3076,B,DOMEGGE DI CADORE,,44934,2,1,1,
200053,910000000000053,100053,2018-12-04,,36932,100,Rossi,Davide,2,Via,Roma,8123,INT,NOGAROLE VICENTINO,,44360,3,2,1,
200054,910000000000054,100054,2021-07-25,,35369,100,Ferrari,Sofia,3,Piazza,Europa,8427,INT,SAN PIETRO VIMINARIO,,44361,1,3,1,
200055,910000000000055,100055,2022-08-22,,37724,100,Greco,Andrea,4,Piazza,Verdi,3517,INT,SAN ZENO DI MONTAGNA,,59208,2,4,1,
200056,910000000000056,100056,2018-08-16,,36593,100,Lombardi,Laura,1,Via,Marconi,8829,B,TORREBELVICINO,,44611,3,1,1,
200057,910000000000057,100057,2022-04-20,,36230,100,Rizzo,Giovanni,2,Viale,Mazzini,8959,INT,SCHIO,,43844,1,2,1,
200058,910000000000058,100058,2023-01-04,,32024,100,Greco,Marco,3,Corso,Manzoni,7472,,BORCA DI CADORE,,43845,2,3,1,
200059,910000000000059,100059,2023-08-29,,36331,100,Lombardi,Sara,4,Borgo,Marconi,3167,B,MONTORSO VICENTINO,,44039,3,4,1,
200060,910000000000060,100060,2022-10-06,,36360,100,Marino,Giovanni,1,Borgo,Mazzini,9714,INT,CRESPADORO,,44103,1,1,1,
200061,910000000000061,100061,2023-02-24,,32163,100,Moretti,Chiara,2,Strada,Dante,8029,B,CESIOMAGGIORE,,44165,2,2,1,
200062,910000000000062,100062,2018-11-01,,35881,100,Moretti,Simone,3,Strada,Marconi,8061,B,RUBANO,,43590,3,3,1,
200063,910000000000063,100063,2023-07-17,,45022,100,Bianchi,Andrea,4,Via,Europa,418,A,GUARDA VENETA,,43591,1,4,1,
200064,910000000000064,100064,2021-12-20,,36745,100,Barbieri,Valentina,1,Borgo,Roma,1723,B,SAN VITO DI LEGUZZANO,,43653,2,1,1,
200065,910000000000065,100065,2019-04-07,,36013,100,Romano,Davide,2,Viale,Roma,4590,B,CASSOLA,,43014,3,2,1,
200066,910000000000066,100066,2022-01-05,,36918,100,Rossi,Sofia,3,Corso,Cavour,6140,B,MONTECCHIO MAGGIORE,,43273,1,3,1,
200067,910000000000067,100067,2018-10-10,,35964,100,Fontana,Alessandro,4,Piazza,Cavour,280,INT,PONSO,,41606,2,4,1,
200068,910000000000068,100068,2018-05-05,,45223,100,Fontana,Stefano,1,Via,Marconi,4936,,ROVIGO,,41669,3,1,1,
200069,910000000000069,100069,2022-05-24,,37753,100,Bruno,Valentina,2,Corso,Cavour,8625,INT,SAN BONIFACIO,,41098,1,2,1,
200070,910000000000070,100070,2018-09-10,,37736,100,Ferrari,Matteo,3,Via,Kennedy,5407,,GREZZANA,,41159,2,3,1,
200071,910000000000071,100071,2018-02-19,,35319,100,Costa,Giulia,4,Piazza,Europa,9663,INT,URBANA,,41221,3,4,1,
200072,910000000000072,100072,2021-02-06,,35716,100,Fontana,Giovanni,1,Piazza,Mazzini,3641,B,MONTAGNANA,,40518,1,1,1,
200073,910000000000073,100073,2021-10-28,,45522,100,Gallo,Stefano,2,Piazza,Dante,4250,,LOREO,,40580,2,2,1,
200074,910000000000074,100074,2018-04-28,,35665,100,Rossi,Chiara,3,Borgo,Mazzini,3566,INT,BARBONA,,47621,3,3,1,
200075,910000000000075,100075,2023-11-23,,45938,100,Conti,Andrea,4,Strada,Garibaldi,1895,A,PORTO VIRO,,42757,1,4,1,
200076,910000000000076,100076,2019-05-11,,45308,100,Rossi,Martina,1,Borgo,Pascoli,3400,B,FICAROLO,,42821,2,1,1,
200077,910000000000077,100077,2017-10-28,,36639,100,Costa,Alessandro,2,Strada,Cavour,915,A,MAROSTICA,,42951,3,2,1,
200078,910000000000078,100078,2022-05-25,,36043,100,Romano,Nicolo,3,Via,Verdi,7991,INT,LASTEBASSE,,42184,1,3,1,
200079,910000000000079,100079,2021-09-12,,35289,100,Esposito,Laura,4,Viale,Kennedy,388,INT,DUE CARRARE,,42185,2,4,1,
200080,910000000000080,100080,2017-02-24,,30279,100,Bruno,Davide,1,Strada,Pascoli,3611,INT,MUSILE DI PIAVE,,42373,3,1,1,
200081,910000000000081,100081,2017-04-16,,45734,100,Gallo,Giulia,2,Corso,Garibaldi,1231,INT,VILLADOSE,,42439,1,2,1,
200082,910000000000082,100082,2023-07-22,,45208,100,Marino,Luca,3,Borgo,Manzoni,7934,B,CORBOLA,,42503,2,3,1,
200083,910000000000083,100083,2020-06-15,,36492,100,Greco,Matteo,4,Viale,Dante,8462,A,ROANA,,42567,3,4,1,
200084,910000000000084,100084,2020-05-13,,45146,100,Rizzo,Anna,1,Corso,Mazzini,8445,,CANDA,,41735,1,1,1,
200085,910000000000085,100085,2018-08-09,,36218,100,Costa,Marco,2,Viale,Europa,2394,A,GRISIGNANO DI ZOCCO,,41864,2,2,1,
200086,910000000000086,100086,2021-07-21,,36272,100,Lombardi,Francesca,3,Viale,Kennedy,3658,INT,BRENDOLA,,41928,3,3,1,
200087,910000000000087,100087,2021-06-24,,30632,100,Costa,Davide,4,Strada,Dante,2622,,FIESSO D'ARTICO,,41286,1,4,1,
200088,910000000000088,100088,2018-11-25,,45649,100,Marino,Stefano,1,Piazza,Dante,5601,INT,POLESELLA,,41348,2,1,1,
200089,910000000000089,100089,2022-08-09,,37049,100,Fontana,Martina,2,Strada,Roma,2151,,SAN MARTINO BUON ALBERGO,,41413,3,2,1,
200090,910000000000090,100090,2023-04-28,,45449,100,Ferrari,Alessandro,3,Strada,Dante,4919,INT,BERGANTINO,,41414,1,3,1,
200091,910000000000091,100091,2020-09-05,,31459,100,Moretti,Francesca,4,Via,Europa,7582,A,SANTA LUCIA DI PIAVE,,41480,2,4,1,
200092,910000000000092,100092,2023-07-29,,37107,100,Rossi,Stefano,1,Strada,Garibaldi,3848,B,MEZZANE DI SOTTO,,38923,3,1,1,
200093,910000000000093,100093,2022-11-28,,31570,100,Rossi,Matteo,2,Via,Mazzini,8853,,SILEA,,38924,1,2,1,
200094,910000000000094,100094,2021-12-11,,37664,100,Ferrari,Marta,3,Via,Marconi,4080,A,BUTTAPIETRA,,38980,2,3,1,
200095,910000000000095,100095,2019-11-30,,31002,100,Conti,Nicolo,4,Piazza,Carducci,5773,B,MOTTA DI LIVENZA,,38981,3,4,1,
200096,910000000000096,100096,2019-04-11,,31273,100,Marino,Marta,1,Piazza,Kennedy,6503,A,CISON DI VALMARINO,,39045,1,1,1,
200097,910000000000097,100097,2022-05-14,,37664,100,Conti,Giovanni,2,Viale,Cavour,3011,INT,MOZZECANE,,39239,2,2,1,
200098,910000000000098,100098,2022-05-30,,37244,100,Rossi,Paolo,3,Via,Carducci,1226,INT,ISOLA DELLA SCALA,,38152,3,3,1,
200099,910000000000099,100099,2019-09-05,,32453,100,Romano,Elena,4,Corso,Carducci,9573,A,PERAROLO DI CADORE,,38216,1,4,1,
200100,910000000000100,100100,2020-06-22,,31665,100,Conti,Gabriele,1,Piazza,Mazzini,1690,INT,MIANE,,38217,2,1,1,
200101,910000000000101,100101,2018-03-18,,31133,100,Rossi,Sofia,2,Corso,Manzoni,9486,B,CASTELCUCCO,,38275,3,2,1,
200102,910000000000102,100102,2022-03-04,,35349,100,Esposito,Alessandro,3,Corso,Verdi,7182,,CONSELVE,,38342,1,3,1,
200103,910000000000103,100103,2020-01-03,,35359,100,Lombardi,Alessandro,4,Viale,Mazzini,6841,INT,ALBIGNASEGO,,38407,2,4,1,
200104,910000000000104,100104,2022-11-07,,37030,100,Costa,Sofia,1,Viale,Roma,306,INT,BADIA CALAVENA,,37894,3,1,1,
200105,910000000000105,100105,2023-10-02,,31100,100,Moretti,Nicolo,2,Piazza,Garibaldi,4773,A,CAPPELLA MAGGIORE,,37957,1,2,1,
200106,910000000000106,100106,2021-01-06,,32065,100,Greco,Anna,3,Viale,Pascoli,4101,A,LIVINALLONGO DEL COL DI LANA,,37446,2,3,1,
200107,910000000000107,100107,2022-06-02,,32591,100,Barbieri,Luca,4,Via,Dante,560,B,SOVERZENE,,37061,3,4,1,
200108,910000000000108,100108,2018-10-30,,32160,100,Conti,Luca,1,Via,Europa,4423,,LAMON,,37128,1,1,1,
200109,910000000000109,100109,2018-09-09,,36643,100,Fontana,Giulia,2,Corso,Pascoli,9207,A,VELO D'ASTICO,,36807,2,2,1,
200110,910000000000110,100110,2022-01-16,,36517,100,Esposito,Davide,3,Strada,Cavour,9067,INT,PEDEMONTE,,36230,3,3,1,
200111,910000000000111,100111,2020-08-21,,32673,100,Costa,Marta,4,Borgo,Marconi,3653,,SANTO STEFANO DI CADORE,,36292,1,4,1,
200112,910000000000112,100112,2021-02-27,,36250,100,Esposito,Nicolo,1,Corso,Cavour,7826,A,CHIUPPANO,,43334,2,1,1,
200113,910000000000113,100113,2018-06-01,,36837,100,Bruno,Stefano,2,Via,Verdi,2259,B,TEZZE SUL BRENTA,,35717,3,2,1,
200114,910000000000114,100114,2018-12-11,,32543,100,Romano,Valentina,3,Via,Dante,7222,INT,SAN NICOLO' DI COMELICO,,35975,1,3,1,
200115,910000000000115,100115,2017-10-16,,32295,100,Conti,Nicolo,4,Borgo,Roma,7279,A,COMELICO SUPERIORE,,36037,2,4,1,
200116,910000000000116,100116,2018-02-01,,35485,100,Ferrari,Sara,1,Piazza,Marconi,5592,A,SAN GIORGIO IN BOSCO,,35465,3,1,1,
200117,910000000000117,100117,2017-02-27,,32026,100,Conti,Simone,2,Borgo,Marconi,7609,,ARSIE',,34949,1,2,1,
200118,910000000000118,100118,2021-01-27,,30556,100,Ferrari,Luca,3,Borgo,Garibaldi,3345,B,CINTO CAOMAGGIORE,,57992,2,3,1,
200119,910000000000119,100119,2020-12-16,,35899,100,Marino,Laura,4,Strada,Roma,8830,A,TRIBANO,,58246,3,4,1,
200120,910000000000120,100120,2017-03-11,,30301,100,Greco,Davide,1,Via,Marconi,8570,A,ERACLEA,,58310,1,1,1,
200121,910000000000121,100121,2020-05-31,,45139,100,Fontana,Sara,2,Piazza,Roma,3555,INT,PINCARA,,58371,2,2,1,
200122,910000000000122,100122,2019-06-21,,35216,100,Fontana,Giovanni,3,Via,Marconi,6654,INT,VO',,59209,3,3,1,
200123,910000000000123,100123,2017-01-22,,35114,100,Lombardi,Stefano,4,Strada,Dante,5052,B,POLVERARA,,58629,1,4,1,
200124,910000000000124,100124,2022-05-11,,36711,100,Greco,Sofia,1,Borgo,Garibaldi,2848,,MONTEGALDELLA,,35144,2,1,1,
200125,910000000000125,100125,2023-07-25,,35169,100,Costa,Alessandro,2,Strada,Cavour,2557,INT,LIMENA,,39430,3,2,1,
200126,910000000000126,100126,2023-04-18,,35439,100,Bianchi,Federica,3,Borgo,Cavour,7934,A,BOVOLENTA,,39493,1,3,1,
200127,910000000000127,100127,2020-09-18,,37593,100,Esposito,Andrea,4,Via,Kennedy,2518,INT,TORRI DEL BENACO,,39625,2,4,1,
200128,910000000000128,100128,2023-03-18,,35533,100,Fontana,Simone,1,Borgo,Verdi,147,,CINTO EUGANEO,,29447,3,1,1,
200129,910000000000129,100129,2018-07-11,,37553,100,Esposito,Federica,2,Strada,Dante,4020,A,ALBAREDO D'ADIGE,,28999,1,2,1,
200130,910000000000130,100130,2024-03-22,,31937,100,Lombardi,Paolo,3,Strada,Europa,8857,INT,BORSO DEL GRAPPA,,29060,2,3,1,
200131,910000000000131,100131,2023-07-15,,30365,100,Bruno,Chiara,4,Via,Dante,1805,A,PORTOGRUARO,,34244,3,4,1,
200132,910000000000132,100132,2021-04-28,,36283,100,Bianchi,Alessandro,1,Strada,Garibaldi,2028,A,ROTZO,,34437,1,1,1,
200133,910000000000133,100133,2019-09-17,,36069,100,Fontana,Giovanni,2,Via,Cavour,7529,A,POZZOLEONE,,33672,2,2,1,
200134,910000000000134,100134,2024-12-11,,36576,100,Gallo,Sofia,3,Piazza,Dante,6888,B,CALTRANO,,33800,3,3,1,
200135,910000000000135,100135,2019-02-09,,30856,100,Conti,Simone,4,Corso,Garibaldi,3960,B,GRUARO,,33159,1,4,1,
200136,910000000000136,100136,2023-04-08,,37055,100,Moretti,Marta,1,Strada,Mazzini,7328,,SANT'AMBROGIO DI VALPOLICELLA,,33288,2,1,1,
200137,910000000000137,100137,2022-08-24,,35229,100,Barbieri,Nicolo,2,Strada,Garibaldi,3038,INT,VILLAFRANCA PADOVANA,,33289,3,2,1,
200138,910000000000138,100138,2024-05-13,,31772,100,Rossi,Matteo,3,Piazza,Mazzini,8607,A,SEGUSINO,,33349,1,3,1,
200139,910000000000139,100139,2017-10-09,,30175,100,Costa,Sofia,4,Viale,Verdi,4210,A,MEOLO,,33476,2,4,1,
200140,910000000000140,100140,2024-08-21,,45410,100,Esposito,Paolo,1,Strada,Pascoli,3726,INT,STIENTA,,33542,3,1,1,
200141,910000000000141,100141,2022-09-24,,36457,100,Greco,Laura,2,Borgo,Carducci,6623,INT,ALTISSIMO,,23815,1,2,1,
200142,910000000000142,100142,2024-08-12,,35323,100,Conti,Paolo,3,Piazza,Europa,1190,A,PERNUMIA,,23816,2,3,1,
200143,910000000000143,100143,2018-11-15,,36069,100,Esposito,Stefano,4,Strada,Kennedy,9656,INT,GAMBELLARA,,32969,3,4,1,
200144,910000000000144,100144,2019-10-06,,36199,100,Gallo,Chiara,1,Via,Marconi,4939,B,BASSANO DEL GRAPPA,,33032,1,1,1,
200145,910000000000145,100145,2021-02-26,,35093,100,Esposito,Gabriele,2,Piazza,Mazzini,3568,INT,VIGODARZERE,,33093,2,2,1,
200146,910000000000146,100146,2020-07-29,,31990,100,Moretti,Sara,3,Viale,Marconi,343,INT,MANSUE',,32326,3,3,1,
200147,910000000000147,100147,2020-09-08,,30317,100,Lombardi,Paolo,4,Strada,Europa,6783,A,VENEZIA,,32327,1,4,1,
200148,910000000000148,100148,2022-10-24,,35047,100,Barbieri,Stefano,1,Corso,Kennedy,2975,A,TORREGLIA,,32328,2,1,1,
200149,910000000000149,100149,2021-10-13,,30222,100,Fontana,Sara,2,Viale,Manzoni,8906,A,CONCORDIA SAGITTARIA,,32390,3,2,1,
200150,910000000000150,100150,2017-11-23,,36841,100,Bianchi,Alessandro,3,Viale,Garibaldi,9942,,FARA VICENTINO,,24074,1,3,1,
200151,910000000000151,100151,2024-10-09,,35240,100,Fontana,Francesca,4,Via,Marconi,1603,,CASTELBALDO,,32450,2,4,1,
200152,910000000000152,100152,2018-05-29,,45721,100,Bianchi,Alessandro,1,Strada,Europa,2240,,PAPOZZE,,32451,3,1,1,
200153,910000000000153,100153,2023-11-02,,37449,100,Barbieri,Gabriele,2,Piazza,Cavour,7564,INT,ERBE',,23369,1,2,1,
200154,910000000000154,100154,2023-07-01,,31919,100,Bruno,Giulia,3,Via,Marconi,5411,INT,REFRONTOLO,,23370,2,3,1,
200155,910000000000155,100155,2018-05-28,,37577,100,Conti,Nicolo,4,Via,Kennedy,3417,B,SAN GIOVANNI ILARIONE,,32518,3,4,1,
200156,910000000000156,100156,2018-01-21,,45718,100,Bianchi,Laura,1,Corso,Verdi,9029,A,ARQUA' POLESINE,,32519,1,1,1,
200157,910000000000157,100157,2024-09-13,,31508,100,Fontana,Matteo,2,Strada,Pascoli,250,INT,GORGO AL MONTICANO,,23429,2,2,1,
200158,910000000000158,100158,2020-08-04,,31355,100,Barbieri,Andrea,3,Piazza,Garibaldi,5653,B,SAN FIOR,,32584,3,3,1,
200159,910000000000159,100159,2018-12-27,,35773,100,Gallo,Martina,4,Borgo,Dante,6386,,MONTEGROTTO TERME,,23495,1,4,1,
200160,910000000000160,100160,2018-08-10,,36563,100,Fontana,Simone,1,Piazza,Europa,8618,A,ARZIGNANO,,32708,2,1,1,
200161,910000000000161,100161,2022-08-04,,35286,100,Conti,Laura,2,Via,Europa,4663,,PIOMBINO DESE,,32709,3,2,1,
200162,910000000000162,100162,2022-05-14,,35943,100,Rizzo,Nicolo,3,Borgo,Carducci,2922,,CARTURA,,23554,1,3,1,
200163,910000000000163,100163,2023-07-22,,45612,100,Conti,Simone,4,Piazza,Europa,966,,LUSIA,,23555,2,4,1,
200164,910000000000164,100164,2024-06-05,,36041,100,Barbieri,Marta,1,Viale,Roma,7277,INT,AGUGLIARO,,31942,3,1,1,
200165,910000000000165,100165,2019-04-20,,35866,100,Lombardi,Alessandro,2,Via,Cavour,8509,A,STANGHELLA,,32005,1,2,1,
200166,910000000000166,100166,2017-03-06,,36870,100,Conti,Laura,3,Strada,Roma,9340,A,ZANE',,28676,2,3,1,
200167,910000000000167,100167,2022-05-07,,35556,100,Lombardi,Paolo,4,Borgo,Pascoli,8833,INT,GRANTORTO,,30537,3,4,1,
200168,910000000000168,100168,2024-11-04,,35689,100,Esposito,Simone,1,Via,Pascoli,7260,,BATTAGLIA TERME,,30597,1,1,1,
200169,910000000000169,100169,2024-01-05,,37826,100,Rossi,Chiara,2,Via,Marconi,4235,A,LEGNAGO,,30025,2,2,1,
200170,910000000000170,100170,2017-05-04,,37201,100,Rizzo,Paolo,3,Borgo,Pascoli,6446,B,BRENTINO BELLUNO,,30086,3,3,1,
200171,910000000000171,100171,2017-08-19,,31736,100,Barbieri,Marta,4,Piazza,Verdi,9821,,MONTEBELLUNA,,30087,1,4,1,
200172,910000000000172,100172,2019-03-09,,31989,100,Moretti,Alessandro,1,Borgo,Carducci,6418,A,CESSALTO,,30147,2,1,1,
200173,910000000000173,100173,2020-09-30,,35864,100,Rizzo,Andrea,2,Borgo,Pascoli,4213,B,FONTANIVA,,30216,3,2,1,
200174,910000000000174,100174,2018-07-07,,35306,100,Rossi,Laura,3,Via,Carducci,5300,B,ARZERGRANDE,,30281,1,3,1,
200175,910000000000175,100175,2021-09-11,,35655,100,Bruno,Nicolo,4,Piazza,Pascoli,813,A,MASI,,31304,2,4,1,
200176,910000000000176,100176,2018-03-04,,35004,100,Gallo,Federica,1,Piazza,Mazzini,4221,B,CAMPODORO,,31365,3,1,1,
200177,910000000000177,100177,2023-10-27,,31974,100,Ferrari,Davide,2,Via,Europa,5435,B,POSSAGNO,,31498,1,2,1,
200178,910000000000178,100178,2020-08-24,,37273,100,Conti,Marco,3,Viale,Europa,4982,B,SONA,,30730,2,3,1,
200179,910000000000179,100179,2021-02-12,,31593,100,Marino,Francesca,4,Corso,Garibaldi,7652,,TREVIGNANO,,30794,3,4,1,
200180,910000000000180,100180,2019-11-07,,31527,100,Bruno,Stefano,1,Via,Manzoni,8497,,NERVESA DELLA BATTAGLIA,,30407,1,1,1,
200181,910000000000181,100181,2024-07-13,,37894,100,Conti,Francesca,2,Borgo,Europa,363,INT,BONAVIGO,,29766,2,2,1,
200182,910000000000182,100182,2017-07-18,,37028,100,Esposito,Matteo,3,Strada,Carducci,126,B,SALIZZOLE,,58122,3,3,1,
200183,910000000000183,100183,2023-03-28,,37266,100,Lombardi,Luca,4,Piazza,Europa,4360,A,GAZZO VERONESE,,58183,1,4,1,
200184,910000000000184,100184,2020-05-20,,37988,100,Greco,Chiara,1,Strada,Carducci,4062,A,SANGUINETTO,,58437,2,1,1,
200185,910000000000185,100185,2021-05-10,,45455,100,Ferrari,Stefano,2,Viale,Carducci,4139,INT,CENESELLI,,33607,3,2,1,
200186,910000000000186,100186,2021-04-21,,32225,100,Conti,Chiara,3,Strada,Marconi,713,,VIGO DI CADORE,,29255,1,3,1,
200187,910000000000187,100187,2021-02-28,,36773,100,Barbieri,Simone,4,Corso,Carducci,3820,B,NOVE,,27335,2,4,1,
200188,910000000000188,100188,2021-11-17,,36847,100,Moretti,Paolo,1,Corso,Garibaldi,1296,,SOLAGNA,,26820,3,1,1,
200189,910000000000189,100189,2020-03-25,,32633,100,Costa,Chiara,2,Corso,Kennedy,7101,B,CALALZO DI CADORE,,26821,1,2,1,
200190,910000000000190,100190,2022-10-21,,36170,100,Gallo,Nicolo,3,Borgo,Garibaldi,269,,MONTECCHIO PRECALCINO,,26249,2,3,1,
200191,910000000000191,100191,2020-09-17,,31669,100,Conti,Valentina,4,Via,Mazzini,2860,A,FARRA DI SOLIGO,,31238,3,4,1,
200192,910000000000192,100192,2017-11-07,,45588,100,Ferrari,Gabriele,1,Piazza,Marconi,7163,A,PONTECCHIO POLESINE,,24324,1,1,1,
200193,910000000000193,100193,2021-04-21,,37733,100,Romano,Paolo,2,Borgo,Verdi,7861,B,SAN MAURO DI SALINE,,24391,2,2,1,
200194,910000000000194,100194,2017-11-14,,35088,100,Greco,Sofia,3,Piazza,Dante,9054,,VIGONZA,,24392,3,3,1,
200195,910000000000195,100195,2017-06-12,,45290,100,Esposito,Marco,4,Corso,Carducci,7059,,BOSARO,,24393,1,4,1,
200196,910000000000196,100196,2021-06-22,,31666,100,Rizzo,Valentina,1,Piazza,Pascoli,4085,,SAN VENDEMIANO,,24457,2,1,1,
200197,910000000000197,100197,2021-05-17,,45326,100,Moretti,Gabriele,2,Strada,Garibaldi,1217,B,VILLAMARZANA,,25415,3,2,1,
200198,910000000000198,100198,2021-07-17,,35037,100,Fontana,Alessandro,3,Piazza,Pascoli,6462,B,PONTELONGO,,24581,1,3,1,
200199,910000000000199,100199,2017-05-24,,45502,100,Costa,Sara,4,Borgo,Garibaldi,4304,A,SALARA,,24645,2,4,1,
200200,910000000000200,100200,2020-12-28,,45146,100,Greco,Alessandro,1,Strada,Mazzini,4506,INT,CASTELGUGLIELMO,,24711,3,1,1,
200201,910000000000201,100201,2019-06-11,,36896,100,Rizzo,Giulia,2,Via,Cavour,2811,,GRUMOLO DELLE ABBADESSE,,24839,1,2,1,
200202,910000000000202,100202,2019-04-20,,36044,100,Lombardi,Luca,3,Via,Garibaldi,6318,B,BRESSANVIDO,,24904,2,3,1,
200203,910000000000203,100203,2022-04-02,,37751,100,Bruno,Alessandro,4,Via,Pascoli,4154,B,ILLASI,,24135,3,4,1,
200204,910000000000204,100204,2022-02-14,,30321,100,Marino,Valentina,1,Via,Pascoli,7440,A,SCORZE',,26439,1,1,1,
200205,910000000000205,100205,2020-07-26,,35963,100,Marino,Simone,2,Strada,Dante,5989,,SACCOLONGO,,26567,2,2,1,
200206,910000000000206,100206,2023-09-23,,45466,100,Greco,Francesca,3,Via,Kennedy,7349,,LENDINARA,,26568,3,3,1,
200207,910000000000207,100207,2022-08-08,,36608,100,Fontana,Alessandro,4,Strada,Pascoli,1509,A,SARCEDO,,26629,1,4,1,
200208,910000000000208,100208,2020-04-18,,36589,100,Romano,Alessandro,1,Piazza,Manzoni,7186,INT,SALCEDO,,25864,2,1,1,
200209,910000000000209,100209,2023-10-07,,32756,100,Rossi,Sara,2,Viale,Roma,1866,INT,AGORDO,,26053,3,2,1,
200210,910000000000210,100210,2022-11-06,,45961,100,Ferrari,Stefano,3,Strada,Carducci,2736,,COSTA DI ROVIGO,,25479,1,3,1,
200211,910000000000211,100211,2024-12-31,,36178,100,Costa,Sara,4,Piazza,Pascoli,1926,A,ROMANO D'EZZELINO,,25542,2,4,1,
200212,910000000000212,100212,2018-04-16,,30148,100,Marino,Nicolo,1,Viale,Dante,8242,B,PRAMAGGIORE,,25669,3,1,1,
200213,910000000000213,100213,2019-07-23,,45726,100,Bruno,Nicolo,2,Corso,Verdi,9264,B,FIESSO UMBERTIANO,,25798,1,2,1,
200214,910000000000214,100214,2022-04-18,,36378,100,Lombardi,Marta,3,Corso,Marconi,4870,A,LONGARE,,25161,2,3,1,
200215,910000000000215,100215,2023-03-21,,36692,100,Greco,Alessandro,4,Borgo,Pascoli,768,,CALVENE,,25223,3,4,1,
200216,910000000000216,100216,2017-08-15,,30950,100,Rizzo,Giulia,1,Borgo,Garibaldi,8290,,NOALE,,25350,1,1,1,
200217,910000000000217,100217,2020-03-20,,30967,100,Ferrari,Matteo,2,Piazza,Carducci,7716,A,CEGGIA,,32073,2,2,1,
200218,910000000000218,100218,2023-06-02,,37202,100,Bianchi,Alessandro,3,Strada,Pascoli,1606,INT,ROVEREDO DI GUA',,32202,3,3,1,
200219,910000000000219,100219,2020-05-24,,37169,100,Esposito,Giulia,4,Via,Dante,3984,A,FUMANE,,32262,1,4,1,
200220,910000000000220,100220,2023-05-15,,31162,100,Bianchi,Paolo,1,Corso,Pascoli,9282,B,RIESE PIO X,,32263,2,1,1,
200221,910000000000221,100221,2020-02-14,,31238,100,Ferrari,Sara,2,Viale,Marconi,3669,INT,FREGONA,,31558,3,2,1,
200222,910000000000222,100222,2020-10-27,,35973,100,Barbieri,Marco,3,Piazza,Marconi,5899,B,MERLARA,,31622,1,3,1,
200223,910000000000223,100223,2023-04-22,,37326,100,Conti,Nicolo,4,Piazza,Pascoli,3468,A,VIGASIO,,31813,2,4,1,
200224,910000000000224,100224,2020-10-18,,37856,100,Romano,Federica,1,Strada,Garibaldi,3418,A,OPPEANO,,31113,3,1,1,
200225,910000000000225,100225,2022-09-04,,37078,100,Barbieri,Gabriele,2,Via,Europa,1603,,CAZZANO DI TRAMIGNA,,31173,1,2,1,
200226,910000000000226,100226,2019-02-19,,31173,100,Moretti,Anna,3,Piazza,Cavour,6035,INT,MASER,,58245,2,3,1,
200227,910000000000227,100227,2021-01-23,,37968,100,Fontana,Gabriele,4,Strada,Manzoni,9008,B,VILLAFRANCA DI VERONA,,57736,3,4,1,
200228,910000000000228,100228,2019-04-12,,36841,100,Costa,Matteo,1,Piazza,Dante,8433,A,ALONTE,,57862,1,1,1,
200229,910000000000229,100229,2024-07-01,,36108,100,Costa,Elena,2,Via,Cavour,1028,B,TONEZZA DEL CIMONE,,1668,2,2,1,
200230,910000000000230,100230,2021-10-22,,32280,100,Rizzo,Paolo,3,Viale,Verdi,7792,A,CENCENIGHE AGORDINO,,1222,3,3,1,
200231,910000000000231,100231,2021-09-18,,32489,100,Marino,Federica,4,Piazza,Pascoli,6059,,BELLUNO,,900,1,4,1,
200232,910000000000232,100232,2021-05-28,,36101,100,Bruno,Marco,1,Piazza,Garibaldi,8553,B,ORGIANO,,53254,2,1,1,
200233,910000000000233,100233,2018-05-17,,31018,100,Costa,Alessandro,2,Borgo,Europa,3604,A,PIEVE DI SOLIGO,,31174,3,2,1,
200234,910000000000234,100234,2024-01-19,,37986,100,Ferrari,Francesca,3,Viale,Pascoli,9864,,ZIMELLA,,23690,1,3,1,
200235,910000000000235,100235,2020-11-29,,37115,100,Moretti,Nicolo,4,Borgo,Verdi,8636,B,PESCHIERA DEL GARDA,,22985,2,4,1,
200236,910000000000236,100236,2021-07-02,,31368,100,Bianchi,Francesca,1,Piazza,Dante,4048,A,VOLPAGO DEL MONTELLO,,22986,3,1,1,
200237,910000000000237,100237,2021-07-10,,37562,100,Rizzo,Davide,2,Corso,Pascoli,5636,B,COLOGNOLA AI COLLI,,23045,1,2,1,
200238,910000000000238,100238,2020-10-08,,35002,100,Rossi,Simone,3,Borgo,Manzoni,4511,,SAONARA,,23108,2,3,1,
200239,910000000000239,100239,2023-07-23,,30970,100,Costa,Laura,4,Borgo,Carducci,3637,INT,CAMPONOGARA,,23177,3,4,1,
200240,910000000000240,100240,2018-02-02,,37758,100,Fontana,Alessandro,1,Corso,Verdi,7823,INT,RONCA',,23304,1,1,1,
200241,910000000000241,100241,2019-11-18,,37160,100,Gallo,Elena,2,Viale,Garibaldi,9493,A,TREGNAGO,,22603,2,2,1,
200242,910000000000242,100242,2018-07-01,,32338,100,Costa,Andrea,3,Viale,Manzoni,5178,INT,SELVA DI CADORE,,28165,3,3,1,
200243,910000000000243,100243,2017-01-20,,32896,100,Rossi,Marco,4,Corso,Europa,8268,,CANALE D'AGORDO,,28229,1,4,1,
200244,910000000000244,100244,2021-06-18,,36665,100,Barbieri,Elena,1,Viale,Marconi,5475,,TORRI DI QUARTESOLO,,27587,2,1,1,
200245,910000000000245,100245,2017-12-27,,36489,100,Bianchi,Paolo,2,Strada,Cavour,4604,INT,VALDASTICO,,27910,3,2,1,
200246,910000000000246,100246,2023-09-22,,32801,100,Rizzo,Giulia,3,Corso,Cavour,2912,,FALCADE,,27911,1,3,1,
200247,910000000000247,100247,2017-07-10,,36553,100,Rizzo,Luca,4,Borgo,Garibaldi,4855,,DUEVILLE,,27078,2,4,1,
200248,910000000000248,100248,2021-06-25,,32076,100,Gallo,Alessandro,1,Piazza,Cavour,7251,INT,RIVAMONTE AGORDINO,,27079,3,1,1,
200249,910000000000249,100249,2018-02-17,,32682,100,Rizzo,Sara,2,Piazza,Dante,9947,INT,CHIES D'ALPAGO,,27139,1,2,1,
200250,910000000000250,100250,2019-10-09,,36559,100,Esposito,Paolo,3,Corso,Marconi,4239,INT,PIANEZZE,,19206,2,3,1,
200251,910000000000251,100251,2022-06-30,,32071,100,Costa,Chiara,4,Strada,Manzoni,5836,INT,SAN VITO DI CADORE,,19269,3,4,1,
200252,910000000000252,100252,2023-09-28,,36302,100,Conti,Giovanni,1,Borgo,Pascoli,1957,INT,THIENE,,18692,1,1,1,
200253,910000000000253,100253,2021-04-21,,36232,100,Bruno,Paolo,2,Corso,Europa,1848,A,MONTEVIALE,,18120,2,2,1,
200254,910000000000254,100254,2020-02-06,,36402,100,Gallo,Valentina,3,Borgo,Cavour,1633,A,COSTABISSARA,,18182,3,3,1,
200255,910000000000255,100255,2020-04-17,,32255,100,Barbieri,Nicolo,4,Piazza,Marconi,3766,,PONTE NELLE ALPI,,18183,1,4,1,
200256,910000000000256,100256,2022-02-03,,45599,100,Bruno,Francesca,1,Strada,Kennedy,7773,INT,TAGLIO DI PO,,16518,2,1,1,
200257,910000000000257,100257,2021-08-21,,45969,100,Lombardi,Matteo,2,Via,Manzoni,3685,INT,CEREGNANO,,16583,3,2,1,
200258,910000000000258,100258,2017-10-20,,36168,100,Rizzo,Paolo,3,Borgo,Europa,710,INT,MUSSOLENTE,,18441,1,3,1,
200259,910000000000259,100259,2017-02-05,,35853,100,Lombardi,Anna,4,Borgo,Europa,1933,B,SAN MARTINO DI LUPARI,,18442,2,4,1,
200260,910000000000260,100260,2023-01-16,,36539,100,Esposito,Stefano,1,Via,Dante,8899,INT,SAN PIETRO MUSSOLINO,,17735,3,1,1,
200261,910000000000261,100261,2022-01-01,,32594,100,Fontana,Marta,2,Viale,Marconi,1771,,AURONZO DI CADORE,,17924,1,2,1,
200262,910000000000262,100262,2023-10-08,,37030,100,Gallo,Davide,3,Corso,Pascoli,1858,A,BARDOLINO,,20869,2,3,1,
200263,910000000000263,100263,2023-07-06,,36471,100,Costa,Marco,4,Piazza,Manzoni,9537,,ZERMEGHEDO,,20104,3,4,1,
200264,910000000000264,100264,2024-03-07,,32836,100,Ferrari,Anna,1,Piazza,Marconi,8774,INT,LA VALLE AGORDINA,,20105,1,1,1,
200265,910000000000265,100265,2019-12-28,,31548,100,Moretti,Davide,2,Corso,Verdi,6910,B,ALTIVOLE,,20163,2,2,1,
200266,910000000000266,100266,2018-05-21,,32806,100,Marino,Sofia,3,Strada,Kennedy,1254,B,VALLADA AGORDINA,,20358,3,3,1,
200267,910000000000267,100267,2020-02-10,,36208,100,Romano,Alessandro,4,Strada,Cavour,3845,INT,VICENZA,,19783,1,4,1,
200268,910000000000268,100268,2022-01-07,,30065,100,Bianchi,Gabriele,1,Strada,Garibaldi,4927,B,SAN MICHELE AL TAGLIAMENTO,,17542,2,1,1,
200269,910000000000269,100269,2018-11-08,,31156,100,Fontana,Valentina,2,Piazza,Pascoli,899,A,VEDELAGO,,22665,3,2,1,
200270,910000000000270,100270,2019-03-15,,35254,100,Romano,Davide,3,Corso,Marconi,8685,INT,MASSANZAGO,,22728,1,3,1,
200271,910000000000271,100271,2023-10-18,,37506,100,Bruno,Chiara,4,Via,Manzoni,2046,A,VERONA,,22920,2,4,1,
200272,910000000000272,100272,2022-09-09,,37460,100,Moretti,Andrea,1,Viale,Kennedy,9928,B,CASTEL D'AZZANO,,22278,3,1,1,
200273,910000000000273,100273,2020-09-08,,32251,100,Barbieri,Gabriele,2,Borgo,Kennedy,3141,,SOSPIROLO,,54085,1,2,1,
200274,910000000000274,100274,2020-07-30,,31167,100,Fontana,Francesca,3,Viale,Roma,8383,B,CORNUDA,,22340,2,3,1,
200275,910000000000275,100275,2023-07-25,,35115,100,Esposito,Simone,4,Strada,Dante,7357,INT,LOREGGIA,,22408,3,4,1,
200276,910000000000276,100276,2018-02-23,,35802,100,Bruno,Sara,1,Piazza,Cavour,2280,A,BRUGINE,,22468,1,1,1,
200277,910000000000277,100277,2020-10-26,,37158,100,Bianchi,Marco,2,Piazza,Pascoli,9513,,SELVA DI PROGNO,,21834,2,2,1,
200278,910000000000278,100278,2021-09-09,,37598,100,Conti,Stefano,3,Corso,Manzoni,1398,INT,MINERBE,,21899,3,3,1,
200279,910000000000279,100279,2022-08-21,,31845,100,Esposito,Sara,4,Strada,Mazzini,3064,,SPRESIANO,,21900,1,4,1,
200280,910000000000280,100280,2020-12-15,,37705,100,Rizzo,Marco,1,Strada,Europa,1852,,CALDIERO,,21958,2,1,1,
200281,910000000000281,100281,2023-12-03,,31008,100,Greco,Laura,2,Strada,Kennedy,6650,INT,CODOGNE',,22021,3,2,1,
200282,910000000000282,100282,2017-08-25,,35263,100,Moretti,Alessandro,3,Via,Kennedy,385,A,CORREZZOLA,,21318,1,3,1,
200283,910000000000283,100283,2023-05-23,,35713,100,Moretti,Marco,4,Piazza,Mazzini,8025,A,ANGUILLARA VENETA,,21383,2,4,1,
200284,910000000000284,100284,2023-11-19,,31491,100,Gallo,Valentina,1,Via,Kennedy,724,,CARBONERA,,20933,3,1,1,
200285,910000000000285,100285,2021-09-17,,37343,100,Romano,Giovanni,2,Viale,Roma,7702,B,ISOLA RIZZA,,21128,1,2,1,
200286,910000000000286,100286,2019-03-10,,32162,100,Gallo,Elena,3,Viale,Cavour,9167,INT,ZOPPE' DI CADORE,,21129,2,3,1,
200287,910000000000287,100287,2019-11-03,,37763,100,Bruno,Alessandro,4,Viale,Manzoni,9164,A,BOSCHI SANT'ANNA,,21193,3,4,1,
200288,910000000000288,100288,2017-07-22,,31964,100,Costa,Gabriele,1,Corso,Carducci,3546,B,MOGLIANO VENETO,,21195,1,1,1,
200289,910000000000289,100289,2023-03-15,,31138,100,Marino,Martina,2,Strada,Cavour,786,B,CASTELFRANCO VENETO,,21253,2,2,1,
200290,910000000000290,100290,2020-07-04,,35923,100,Ferrari,Gabriele,3,Piazza,Roma,6641,,POZZONOVO,,17670,3,3,1,
200291,910000000000291,100291,2020-11-24,,45664,100,Rizzo,Marta,4,Strada,Marconi,2297,B,GAVELLO,,17671,1,4,1,
200292,910000000000292,100292,2019-06-22,,36945,100,Bruno,Gabriele,1,Strada,Manzoni,2649,A,MALO,,17033,2,1,1,
200293,910000000000293,100293,2022-03-09,,36867,100,Barbieri,Gabriele,2,Piazza,Mazzini,9494,INT,CARRE',,17093,3,2,1,
200294,910000000000294,100294,2024-04-15,,30835,100,Fontana,Marta,3,Corso,Cavour,1504,A,MIRA,,16452,1,3,1,
200295,910000000000295,100295,2021-02-14,,35585,100,Rizzo,Andrea,4,Viale,Cavour,5675,INT,VEGGIANO,,24197,2,4,1,
200296,910000000000296,100296,2017-01-25,,30482,100,Conti,Anna,1,Piazza,Garibaldi,8711,,FOSSALTA DI PIAVE,,24263,3,1,1,
200297,910000000000297,100297,2020-06-09,,32798,100,Fontana,Alessandro,2,Via,Mazzini,8516,INT,SOVRAMONTE,,20038,1,2,1,
200298,910000000000298,100298,2017-10-25,,32038,100,Moretti,Paolo,3,Corso,Garibaldi,9966,A,SAN PIETRO DI CADORE,,18951,2,3,1,
200299,910000000000299,100299,2022-11-15,,32080,100,Lombardi,Francesca,4,Borgo,Marconi,27,INT,CORTINA D'AMPEZZO,,19013,3,4,1,
200300,910000000000300,100300,2017-03-11,,36029,100,Costa,Simone,1,Viale,Roma,7980,A,QUINTO VICENTINO,,16647,1,1,1,
200301,910000000000301,100301,2022-04-07,,45530,100,Romano,Anna,2,Corso,Mazzini,9779,B,VILLANOVA DEL GHEBBO,,16838,2,2,1,
200302,910000000000302,100302,2017-06-06,,36142,100,Romano,Paolo,3,Via,Verdi,4417,B,BOLZANO VICENTINO,,16007,3,3,1,
200303,910000000000303,100303,2021-06-13,,30046,100,Fontana,Stefano,4,Borgo,Dante,4409,INT,JESOLO,,16135,1,4,1,
200304,910000000000304,100304,2021-02-12,,37537,100,Ferrari,Laura,1,Borgo,Garibaldi,7926,,SANT'ANNA D'ALFAEDO,,16264,2,1,1,
200305,910000000000305,100305,2018-01-06,,35648,100,Esposito,Andrea,2,Borgo,Europa,8846,INT,VILLANOVA DI CAMPOSAMPIERO,,16265,3,2,1,
200306,910000000000306,100306,2017-11-04,,31254,100,Esposito,Giulia,3,Borgo,Europa,875,B,CHIARANO,,13125,1,3,1,
200307,910000000000307,100307,2023-12-03,,35602,100,Conti,Marco,4,Via,Carducci,957,INT,GALLIERA VENETA,,13191,2,4,1,
200308,910000000000308,100308,2022-07-05,,35259,100,Moretti,Andrea,1,Strada,Carducci,253,B,BAGNOLI DI SOPRA,,13257,3,1,1,
200309,910000000000309,100309,2018-09-10,,31739,100,Marino,Francesca,2,Via,Verdi,6769,INT,ODERZO,,13384,1,2,1,
200310,910000000000310,100310,2020-11-17,,31940,100,Lombardi,Matteo,3,Corso,Dante,2699,INT,COLLE UMBERTO,,13445,2,3,1,
200311,910000000000311,100311,2020-09-26,,35259,100,Lombardi,Elena,4,Piazza,Garibaldi,2274,B,GRANZE,,13511,3,4,1,
200312,910000000000312,100312,2018-05-25,,31561,100,Romano,Simone,1,Strada,Manzoni,4704,B,SAN PIETRO DI FELETTO,,15560,1,1,1,
200313,910000000000313,100313,2021-07-27,,36825,100,Bruno,Nicolo,2,Borgo,Marconi,8534,,ASIAGO,,15685,2,2,1,
200314,910000000000314,100314,2020-10-27,,35249,100,Romano,Valentina,3,Via,Europa,4577,A,PIOVE DI SACCO,,15686,3,3,1,
200315,910000000000315,100315,2021-12-23,,37501,100,Conti,Matteo,4,Strada,Cavour,2686,,ROVERE' VERONESE,,15179,1,4,1,
200316,910000000000316,100316,2020-09-24,,37830,100,Lombardi,Marta,1,Piazza,Pascoli,7935,,GARDA,,15237,2,1,1,
200317,910000000000317,100317,2024-10-12,,31291,100,Barbieri,Andrea,2,Borgo,Carducci,3458,A,RONCADE,,15238,3,2,1,
200318,910000000000318,100318,2022-08-12,,31366,100,Moretti,Giovanni,3,Viale,Europa,1902,INT,MARENO DI PIAVE,,15302,1,3,1,
200319,910000000000319,100319,2024-01-02,,30814,100,Fontana,Sofia,4,Borgo,Marconi,5116,A,VIGONOVO,,15303,2,4,1,
200320,910000000000320,100320,2017-05-13,,35752,100,Esposito,Stefano,1,Via,Cavour,6646,INT,TREBASELEGHE,,15304,3,1,1,
200321,910000000000321,100321,2018-09-25,,30407,100,Lombardi,Federica,2,Strada,Cavour,2012,INT,DOLO,,15366,1,2,1,
200322,910000000000322,100322,2019-11-06,,45500,100,Lombardi,Gabriele,3,Borgo,Mazzini,8812,B,PETTORAZZA GRIMANI,,15426,2,3,1,
200323,910000000000323,100323,2022-08-04,,37862,100,Rizzo,Paolo,4,Strada,Verdi,5804,,SAN GIOVANNI LUPATOTO,,15493,3,4,1,
200324,910000000000324,100324,2021-01-15,,45920,100,Lombardi,Martina,1,Strada,Mazzini,6479,A,BADIA POLESINE,,15494,1,1,1,
200325,910000000000325,100325,2021-12-08,,37608,100,Costa,Giovanni,2,Via,Pascoli,4504,INT,VILLA BARTOLOMEA,,14791,2,2,1,
200326,910000000000326,100326,2019-08-29,,36503,100,Fontana,Sofia,3,Piazza,Manzoni,4369,A,ALBETTONE,,14919,3,3,1,
200327,910000000000327,100327,2020-12-10,,35667,100,Fontana,Davide,4,Piazza,Cavour,7932,B,TEOLO,,14981,1,4,1,
200328,910000000000328,100328,2024-04-14,,30408,100,Bruno,Davide,1,Strada,Marconi,647,A,CHIOGGIA,,15048,2,1,1,
200329,910000000000329,100329,2018-12-01,,35622,100,Gallo,Laura,2,Piazza,Garibaldi,2809,INT,CAMPOSAMPIERO,,14342,3,2,1,
200330,910000000000330,100330,2022-03-27,,37522,100,Moretti,Paolo,3,Via,Roma,4978,A,POVEGLIANO VERONESE,,14406,1,3,1,
200331,910000000000331,100331,2019-09-28,,31600,100,Greco,Federica,4,Corso,Pascoli,9114,A,POVEGLIANO,,14474,2,4,1,
200332,910000000000332,100332,2023-12-05,,31522,100,Lombardi,Andrea,1,Piazza,Kennedy,8514,INT,GAIARINE,,14533,3,1,1,
200333,910000000000333,100333,2021-01-17,,35064,100,Ferrari,Matteo,2,Corso,Manzoni,338,A,MESTRINO,,14597,1,2,1,
200334,910000000000334,100334,2017-01-04,,35576,100,Gallo,Laura,3,Borgo,Carducci,9990,,CARMIGNANO DI BRENTA,,14660,2,3,1,
200335,910000000000335,100335,2023-01-12,,37809,100,Barbieri,Matteo,4,Via,Europa,1472,A,PALU',,14089,3,4,1,
200336,910000000000336,100336,2022-01-09,,31735,100,Rossi,Federica,1,Borgo,Roma,4554,INT,VIDOR,,14090,1,1,1,
200337,910000000000337,100337,2017-09-08,,37628,100,Bianchi,Luca,2,Via,Verdi,9689,INT,CEREA,,14149,2,2,1,
200338,910000000000338,100338,2019-08-31,,36514,100,Barbieri,Davide,3,Strada,Mazzini,8928,,CREAZZO,,1159,3,3,1,
200339,910000000000339,100339,2023-07-05,,36229,100,Bruno,Anna,4,Viale,Roma,9674,,SANTORSO,,709,1,4,1,
200340,910000000000340,100340,2018-09-20,,45333,100,Bianchi,Marco,1,Viale,Verdi,1812,INT,VILLANOVA MARCHESANA,,59781,2,1,1,
200341,910000000000341,100341,2018-03-04,,45890,100,Conti,Martina,2,Strada,Dante,6609,INT,BAGNOLO DI PO,,58438,3,2,1,
200342,910000000000342,100342,2019-03-30,,45973,100,Rizzo,Paolo,3,Piazza,Kennedy,2601,A,ROSOLINA,,58694,1,3,1,
200343,910000000000343,100343,2018-10-01,,31367,100,Greco,Alessandro,4,Via,Roma,3412,A,PONTE DI PIAVE,,14150,2,4,1,
200344,910000000000344,100344,2020-02-10,,31669,100,Conti,Sofia,1,Strada,Verdi,7650,A,FOLLINA,,14213,3,1,1,
200345,910000000000345,100345,2020-08-06,,35753,100,Esposito,Nicolo,2,Viale,Pascoli,4846,,SANT'ANGELO DI PIOVE DI SACCO,,14214,1,2,1,
200346,910000000000346,100346,2017-10-08,,30565,100,Greco,Giulia,3,Piazza,Cavour,8363,,ANNONE VENETO,,14280,2,3,1,
200347,910000000000347,100347,2019-02-18,,35119,100,Moretti,Stefano,4,Strada,Cavour,4122,,BOARA PISANI,,13573,3,4,1,
200348,910000000000348,100348,2023-05-25,,37543,100,Greco,Stefano,1,Piazza,Manzoni,4026,A,SORGA',,13704,1,1,1,
200349,910000000000349,100349,2017-05-22,,31434,100,Fontana,Sofia,2,Strada,Dante,2435,,TREVISO,,13769,2,2,1,
200350,910000000000350,100350,2021-06-12,,32070,100,Moretti,Marco,3,Strada,Dante,7794,A,OSPITALE DI CADORE,,12295,3,3,1,
200351,910000000000351,100351,2019-06-12,,31172,100,Bianchi,Chiara,4,Corso,Marconi,1724,,MASERADA SUL PIAVE,,12296,1,4,1,
200352,910000000000352,100352,2022-01-17,,35254,100,Bruno,Paolo,1,Strada,Pascoli,2601,INT,CITTADELLA,,12423,2,1,1,
200353,910000000000353,100353,2024-08-08,,35704,100,Conti,Luca,2,Corso,Kennedy,7601,B,ABANO TERME,,12486,3,2,1,
200354,910000000000354,100354,2021-08-31,,36230,100,Fontana,Laura,3,Borgo,Roma,3464,INT,FOZA,,7050,1,3,1,
200355,910000000000355,100355,2023-03-13,,36868,100,Greco,Paolo,4,Strada,Roma,3051,,ASIGLIANO VENETO,,7111,2,4,1,
200356,910000000000356,100356,2017-08-06,,35716,100,Ferrari,Marta,1,Strada,Carducci,3626,,VESCOVANA,,7173,3,1,1,
200357,910000000000357,100357,2019-04-17,,30765,100,Esposito,Davide,2,Strada,Pascoli,1379,,FOSSALTA DI PORTOGRUARO,,7240,1,2,1,
200358,910000000000358,100358,2020-08-09,,45144,100,Barbieri,Nicolo,3,Borgo,Cavour,9443,B,PORTO TOLLE,,7300,2,3,1,
200359,910000000000359,100359,2022-01-10,,37299,100,Esposito,Marta,4,Borgo,Kennedy,3467,A,SAN PIETRO DI MORUBIO,,7366,3,4,1,
200360,910000000000360,100360,2023-02-20,,35097,100,Ferrari,Stefano,1,Viale,Pascoli,8210,INT,VILLA DEL CONTE,,7367,1,1,1,
200361,910000000000361,100361,2021-09-27,,45384,100,Barbieri,Anna,2,Via,Verdi,9559,,CALTO,,7368,2,2,1,
200362,910000000000362,100362,2018-06-13,,45512,100,Costa,Davide,3,Viale,Verdi,5541,A,ADRIA,,6598,3,3,1,
200363,910000000000363,100363,2022-05-18,,31738,100,Ferrari,Davide,4,Viale,Mazzini,5945,INT,SALGAREDA,,6665,1,4,1,
200364,910000000000364,100364,2019-03-25,,36063,100,Romano,Martina,1,Borgo,Roma,8330,A,ARCUGNANO,,6791,2,1,1,
200365,910000000000365,100365,2020-09-12,,35996,100,Lombardi,Matteo,2,Viale,Cavour,2629,INT,PIACENZA D'ADIGE,,6792,3,2,1,
200366,910000000000366,100366,2017-06-04,,37232,100,Ferrari,Chiara,3,Corso,Pascoli,2157,INT,CASTELNUOVO DEL GARDA,,5254,1,3,1,
200367,910000000000367,100367,2017-12-24,,31873,100,Barbieri,Davide,4,Corso,Dante,5363,,PAESE,,5255,2,4,1,
200368,910000000000368,100368,2017-02-27,,37091,100,Conti,Stefano,1,Viale,Kennedy,8392,B,RONCO ALL'ADIGE,,6282,3,1,1,
200369,910000000000369,100369,2020-03-26,,37884,100,Ferrari,Martina,2,Viale,Carducci,643,,ERBEZZO,,6344,1,2,1,
200370,910000000000370,100370,2022-06-18,,31315,100,Greco,Paolo,3,Corso,Carducci,6526,INT,RESANA,,6345,2,3,1,
200371,910000000000371,100371,2023-09-20,,31906,100,Barbieri,Sara,4,Borgo,Manzoni,2889,A,ISTRANA,,6405,3,4,1,
200372,910000000000372,100372,2018-07-07,,45907,100,Romano,Nicolo,1,Via,Europa,3652,,MELARA,,6531,1,1,1,
200373,910000000000373,100373,2021-06-30,,37889,100,Greco,Gabriele,2,Borgo,Pascoli,6763,,VERONELLA,,5895,2,2,1,
200374,910000000000374,100374,2018-09-29,,31848,100,Moretti,Elena,3,Borgo,Pascoli,955,B,ZENSON DI PIAVE,,5961,3,3,1,
200375,910000000000375,100375,2018-07-19,,37669,100,Greco,Giovanni,4,Corso,Europa,3762,B,CONCAMARISE,,6022,1,4,1,
200376,910000000000376,100376,2020-10-11,,45052,100,Fontana,Laura,1,Corso,Europa,6866,A,FRASSINELLE POLESINE,,8774,2,1,1,
200377,910000000000377,100377,2019-03-22,,36040,100,Costa,Matteo,2,Strada,Europa,6291,A,SANDRIGO,,8841,3,2,1,
200378,910000000000378,100378,2018-10-25,,36281,100,Bruno,Giovanni,3,Piazza,Dante,3496,B,CASTELGOMBERTO,,8965,1,3,1,
200379,910000000000379,100379,2021-08-07,,36041,100,Gallo,Laura,4,Corso,Garibaldi,42,A,MONTE DI MALO,,9225,2,4,1,
200380,910000000000380,100380,2018-03-10,,36617,100,Moretti,Simone,1,Borgo,Pascoli,5418,B,COGOLLO DEL CENGIO,,9286,3,1,1,
200381,910000000000381,100381,2023-01-06,,37510,100,Costa,Elena,2,Viale,Marconi,1858,,TREVENZUOLO,,5579,1,2,1,
200382,910000000000382,100382,2023-12-20,,35815,100,Gallo,Alessandro,3,Strada,Garibaldi,3888,B,CAMPO SAN MARTINO,,5764,2,3,1,
200383,910000000000383,100383,2023-05-11,,37895,100,Moretti,Andrea,4,Viale,Mazzini,3390,INT,NOGARA,,5192,3,4,1,
200384,910000000000384,100384,2024-07-16,,37262,100,Moretti,Valentina,1,Borgo,Verdi,2483,B,MALCESINE,,13001,1,1,1,
200385,910000000000385,100385,2022-09-25,,31384,100,Esposito,Giovanni,2,Borgo,Manzoni,1503,INT,SUSEGANA,,4878,2,2,1,
200386,910000000000386,100386,2019-03-05,,36355,100,Costa,Laura,3,Strada,Carducci,1591,,CARTIGLIANO,,60037,3,3,1,
200387,910000000000387,100387,2024-10-27,,36062,100,Fontana,Giovanni,4,Viale,Roma,9523,,RECOARO TERME,,59591,1,4,1,
200388,910000000000388,100388,2024-01-31,,30650,100,Romano,Andrea,1,Strada,Verdi,9689,A,TEGLIO VENETO,,6406,2,1,1,
200389,910000000000389,100389,2024-03-31,,35565,100,Gallo,Marta,2,Viale,Verdi,4598,A,TERRASSA PADOVANA,,6407,3,2,1,
200390,910000000000390,100390,2021-12-04,,35670,100,Moretti,Davide,3,Viale,Roma,8831,INT,NOVENTA PADOVANA,,6470,1,3,1,
200391,910000000000391,100391,2020-08-13,,35780,100,Lombardi,Martina,4,Piazza,Europa,2232,,CASALE DI SCODOSIA,,6530,2,4,1,
200392,910000000000392,100392,2022-05-23,,37156,100,Ferrari,Matteo,1,Strada,Europa,5908,INT,CAPRINO VERONESE,,4933,3,1,1,
200393,910000000000393,100393,2020-06-03,,36739,100,Rizzo,Matteo,2,Via,Kennedy,6444,INT,VILLAGA,,2757,1,2,1,
200394,910000000000394,100394,2017-09-20,,36809,100,Romano,Martina,3,Piazza,Carducci,6496,INT,PIOVENE ROCCHETTE,,2183,2,3,1,
200395,910000000000395,100395,2018-09-02,,32084,100,Gallo,Nicolo,4,Via,Marconi,8528,B,FELTRE,,2310,3,4,1,
200396,910000000000396,100396,2024-12-04,,36415,100,Ferrari,Federica,1,Strada,Kennedy,2982,,ISOLA VICENTINA,,7814,1,1,1,
200397,910000000000397,100397,2019-01-31,,36164,100,Gallo,Paolo,2,Viale,Kennedy,883,,BROGLIANO,,7878,2,2,1,
200398,910000000000398,100398,2018-09-04,,36822,100,Moretti,Matteo,3,Corso,Manzoni,6743,INT,BARBARANO MOSSANO,,60673,3,3,1,
200399,910000000000399,100399,2019-12-14,,35322,100,Bianchi,Giulia,4,Via,Europa,4807,,BORGO VENETO,,60674,1,4,1,
200400,910000000000400,100400,2020-04-25,,30475,100,Greco,Stefano,1,Corso,Marconi,6803,A,SAN STINO DI LIVENZA,,60490,2,1,1,
200401,910000000000401,100401,2022-08-08,,35205,100,Greco,Anna,2,Strada,Cavour,5247,B,SAN PIETRO IN GU,,60491,3,2,1,
200402,910000000000402,100402,2023-12-10,,36352,100,Greco,Nicolo,3,Via,Carducci,1031,B,VAL LIONA,,60519,1,3,1,
200403,910000000000403,100403,2022-05-26,,32466,100,Moretti,Marco,4,Corso,Roma,3618,B,BORGO VALBELLUNA,,60713,2,4,1,
200404,910000000000404,100404,2022-01-10,,31951,100,Barbieri,Sara,1,Corso,Verdi,6974,A,PIEVE DEL GRAPPA,,60714,3,1,1,
200405,910000000000405,100405,2021-04-22,,36360,100,Moretti,Giovanni,2,Via,Kennedy,8685,A,VALBRENTA,,60715,1,2,1,
200406,910000000000406,100406,2023-07-06,,37636,100,Romano,Chiara,3,Viale,Dante,1569,INT,NEGRAR DI VALPOLICELLA,,60716,2,3,1,
200407,910000000000407,100407,2021-07-03,,36743,100,Lombardi,Giovanni,4,Viale,Mazzini,6762,,COLCERESA,,60719,3,4,1,
200408,910000000000408,100408,2017-02-26,,36539,100,Bianchi,Simone,1,Borgo,Carducci,1191,B,LUSIANA CONCO,,60720,1,1,1,
200409,910000000000409,100409,2018-05-06,,32790,100,Ferrari,Elena,2,Corso,Marconi,6495,,SETTEVILLE,,60884,2,2,1,
200410,910000000000410,100410,2019-07-12,,36671,100,Marino,Luca,3,Borgo,Europa,8343,,SOVIZZO,,60887,3,3,1,
200411,910000000000411,100411,2022-09-26,,35878,100,Rizzo,Giulia,4,Strada,Cavour,7884,,SANTA CATERINA D'ESTE,,60890,1,4,1,
200412,910000000000412,100412,2021-10-16,,36258,100,Rizzo,Paolo,1,Strada,Kennedy,6572,INT,CASTEGNERO NANTO,,60901,2,1,1,
200413,910000000000413,100413,2021-10-08,,30666,100,Romano,Matteo,2,Strada,Dante,4490,,SANTA MARIA DI SALA,,518,3,2,1,
200414,910000000000414,100414,2020-09-24,,45938,100,Esposito,Elena,3,Strada,Mazzini,1717,,GIACCIANO CON BARUCHELLA,,647,1,3,1,
200415,910000000000415,100415,2024-07-06,,36144,100,Ferrari,Nicolo,4,Viale,Cavour,2222,A,MARANO VICENTINO,,59977,2,4,1,
200416,910000000000416,100416,2022-12-22,,45792,100,Bruno,Valentina,1,Piazza,Roma,1421,A,TRECENTA,,59465,3,1,1,
200417,910000000000417,100417,2024-02-25,,30558,100,Costa,Paolo,2,Piazza,Cavour,5117,B,CONA,,49414,1,2,1,
200418,910000000000418,100418,2020-12-04,,35542,100,Fontana,Matteo,3,Viale,Mazzini,5393,A,OSPEDALETTO EUGANEO,,49415,2,3,1,
200419,910000000000419,100419,2019-09-23,,35980,100,Conti,Anna,4,Borgo,Verdi,9882,INT,CASALSERUGO,,49474,3,4,1,
200420,910000000000420,100420,2022-09-07,,45969,100,Rizzo,Marco,1,Piazza,Kennedy,2059,INT,OCCHIOBELLO,,49475,1,1,1,
200421,910000000000421,100421,2018-04-01,,45906,100,Marino,Sara,2,Piazza,Pascoli,9780,,ARIANO NEL POLESINE,,49542,2,2,1,
200422,910000000000422,100422,2024-04-20,,31496,100,Barbieri,Matteo,3,Piazza,Marconi,6759,INT,SAN BIAGIO DI CALLALTA,,49608,3,3,1,
200423,910000000000423,100423,2023-11-18,,36820,100,Lombardi,Luca,4,Piazza,Europa,9308,A,ARSIERO,,49733,1,4,1,
200424,910000000000424,100424,2024-10-15,,35782,100,Moretti,Chiara,1,Strada,Pascoli,5898,INT,PIAZZOLA SUL BRENTA,,49734,2,1,1,
200425,910000000000425,100425,2022-07-24,,35815,100,Conti,Andrea,2,Viale,Europa,8037,B,SOLESINO,,49028,3,2,1,
200426,910000000000426,100426,2018-06-26,,30735,100,Gallo,Laura,3,Viale,Garibaldi,3434,A,CAVARZERE,,49098,1,3,1,
200427,910000000000427,100427,2017-02-20,,37542,100,Rizzo,Giovanni,4,Viale,Garibaldi,5412,B,ROVERCHIARA,,49226,2,4,1,
200428,910000000000428,100428,2020-09-04,,37119,100,Romano,Luca,1,Viale,Garibaldi,9758,,FERRARA DI MONTE BALDO,,49288,3,1,1,
200429,910000000000429,100429,2020-01-02,,31172,100,Lombardi,Valentina,2,Piazza,Roma,4378,INT,REVINE LAGO,,49289,1,2,1,
200430,910000000000430,100430,2020-05-21,,37600,100,Fontana,Luca,3,Piazza,Kennedy,7659,INT,VESTENANOVA,,48838,2,3,1,
200431,910000000000431,100431,2018-07-24,,31656,100,Bruno,Sofia,4,Piazza,Mazzini,1769,B,ZERO BRANCO,,48905,3,4,1,
200432,910000000000432,100432,2023-09-10,,31006,100,Lombardi,Giovanni,1,Piazza,Roma,7014,,CROCETTA DEL MONTELLO,,48260,1,1,1,
200433,910000000000433,100433,2022-11-04,,30183,100,Greco,Stefano,2,Corso,Dante,1865,A,SPINEA,,9414,2,2,1,
200434,910000000000434,100434,2018-12-10,,36518,100,Ferrari,Francesca,3,Piazza,Mazzini,7594,INT,MONTEBELLO VICENTINO,,60297,3,3,1,
200435,910000000000435,100435,2020-12-07,,36742,100,Romano,Giovanni,4,Strada,Kennedy,1023,INT,MONTICELLO CONTE OTTO,,1096,1,4,1,
200436,910000000000436,100436,2022-08-31,,31177,100,Rizzo,Laura,1,Borgo,Pascoli,805,B,SAN POLO DI PIAVE,,58503,2,1,1,
200437,910000000000437,100437,2021-09-10,,32812,100,Esposito,Giovanni,2,Piazza,Pascoli,6720,INT,ALLEGHE,,51971,3,2,1,
200438,910000000000438,100438,2019-06-09,,36719,100,Ferrari,Simone,3,Piazza,Verdi,4001,A,MONTEGALDA,,52168,1,3,1,
200439,910000000000439,100439,2022-09-11,,30936,100,Greco,Anna,4,Corso,Pascoli,2070,B,STRA,,52358,2,4,1,
200440,910000000000440,100440,2018-03-17,,45209,100,Lombardi,Gabriele,1,Strada,Dante,7414,A,FRATTA POLESINE,,51718,3,1,1,
200441,910000000000441,100441,2018-08-18,,35574,100,Lombardi,Sara,2,Borgo,Kennedy,7102,A,CODEVIGO,,55367,1,2,1,
200442,910000000000442,100442,2022-02-19,,35077,100,Rossi,Alessandro,3,Viale,Manzoni,7343,B,AGNA,,55430,2,3,1,
200443,910000000000443,100443,2017-03-27,,37293,100,Costa,Stefano,4,Viale,Mazzini,4469,B,ARCOLE,,54918,3,4,1,
200444,910000000000444,100444,2018-10-02,,31157,100,Lombardi,Federica,1,Corso,Cavour,3525,,CAERANO DI SAN MARCO,,54981,1,1,1,
200445,910000000000445,100445,2018-11-14,,32999,100,Lombardi,Nicolo,2,Corso,Carducci,3100,B,TAMBRE,,54408,2,2,1,
200446,910000000000446,100446,2019-03-08,,32469,100,Rizzo,Sara,3,Via,Roma,3993,B,SAN GREGORIO NELLE ALPI,,52999,3,3,1,
200447,910000000000447,100447,2022-06-22,,32506,100,Esposito,Davide,4,Corso,Roma,9641,B,COLLE SANTA LUCIA,,53060,1,4,1,
200448,910000000000448,100448,2018-03-27,,35978,100,Esposito,Nicolo,1,Borgo,Garibaldi,6204,B,SAN GIORGIO DELLE PERTICHE,,52488,2,1,1,
200449,910000000000449,100449,2019-03-30,,36177,100,Greco,Sofia,2,Borgo,Cavour,3535,B,SCHIAVON,,52548,3,2,1,
200450,910000000000450,100450,2017-08-29,,32001,100,Gallo,Marco,3,Corso,Garibaldi,9903,INT,GOSALDO,,54150,1,3,1,
200451,910000000000451,100451,2018-02-13,,30656,100,Ferrari,Francesca,4,Piazza,Europa,1529,B,FOSSO',,50185,2,4,1,
200452,910000000000452,100452,2024-03-23,,37172,100,Bianchi,Gabriele,1,Piazza,Garibaldi,5778,A,SAN PIETRO IN CARIANO,,50311,3,1,1,
200453,910000000000453,100453,2022-08-18,,35477,100,Fontana,Simone,2,Piazza,Verdi,4803,A,VILLA ESTENSE,,50312,1,2,1,
200454,910000000000454,100454,2019-10-13,,45673,100,Bruno,Sara,3,Via,Cavour,8864,B,CANARO,,50313,2,3,1,
200455,910000000000455,100455,2022-07-19,,31530,100,Conti,Paolo,4,Piazza,Manzoni,9839,B,SARMEDE,,50374,3,4,1,
200456,910000000000456,100456,2024-10-06,,30332,100,Fontana,Giulia,1,Strada,Roma,7809,,MARTELLAGO,,50500,1,1,1,
200457,910000000000457,100457,2017-01-01,,45460,100,Moretti,Simone,2,Borgo,Carducci,7061,B,SAN MARTINO DI VENEZZE,,50565,2,2,1,
200458,910000000000458,100458,2022-04-22,,45308,100,Ferrari,Matteo,3,Corso,Carducci,3178,A,CASTELNOVO BARIANO,,50631,3,3,1,
200459,910000000000459,100459,2022-11-12,,36161,100,Costa,Sara,4,Viale,Mazzini,8376,,GALLIO,,49994,1,4,1,
200460,910000000000460,100460,2018-03-31,,30121,100,Lombardi,Gabriele,1,Via,Cavour,3385,B,CAMPAGNA LUPIA,,57224,2,1,1,
200461,910000000000461,100461,2018-03-30,,37762,100,Costa,Federica,2,Viale,Kennedy,564,B,PRESSANA,,57350,3,2,1,
200462,910000000000462,100462,2022-07-11,,37615,100,Lombardi,Gabriele,3,Borgo,Carducci,7254,B,COSTERMANO SUL GARDA,,57418,1,3,1,
200463,910000000000463,100463,2019-02-14,,31535,100,Rizzo,Stefano,4,Corso,Cavour,2016,,PREGANZIOL,,57419,2,4,1,
200464,910000000000464,100464,2022-02-27,,31569,100,Lombardi,Federica,1,Corso,Europa,7880,A,LORIA,,49350,3,1,1,
200465,910000000000465,100465,2023-07-14,,30396,100,Rizzo,Andrea,2,Borgo,Cavour,1884,INT,TORRE DI MOSTO,,49351,1,2,1,
200466,910000000000466,100466,2019-09-22,,35508,100,Romano,Sofia,3,Borgo,Carducci,381,A,TOMBOLO,,49352,2,3,1,
200467,910000000000467,100467,2019-11-24,,35578,100,Bruno,Alessandro,4,Strada,Verdi,7030,,MEGLIADINO SAN VITALE,,48648,3,4,1,
200468,910000000000468,100468,2018-04-28,,35688,100,Gallo,Davide,1,Borgo,Cavour,2884,B,CANDIANA,,48708,1,1,1,
200469,910000000000469,100469,2019-03-06,,36808,100,Rizzo,Elena,2,Corso,Cavour,3151,A,VALDAGNO,,44933,2,2,1,
200470,910000000000470,100470,2019-05-12,,31911,100,Bruno,Alessandro,3,Via,Mazzini,6696,,BREDA DI PIAVE,,12036,3,3,1,
200471,910000000000471,100471,2018-10-01,,30159,100,Rossi,Federica,4,Piazza,Manzoni,5877,,NOVENTA DI PIAVE,,8326,1,4,1,
200472,910000000000472,100472,2019-04-18,,45386,100,Conti,Luca,1,Corso,Garibaldi,9766,B,CRESPINO,,8455,2,1,1,
200473,910000000000473,100473,2024-10-05,,36387,100,Marino,Stefano,2,Via,Garibaldi,3293,A,ROSA',,8518,3,2,1,
200474,910000000000474,100474,2018-07-17,,30189,100,Greco,Giulia,3,Viale,Garibaldi,6529,A,QUARTO D'ALTINO,,8644,1,3,1,
200475,910000000000475,100475,2024-08-09,,35116,100,Rossi,Giovanni,4,Corso,Marconi,3753,B,SELVAZZANO DENTRO,,6084,2,4,1,
200476,910000000000476,100476,2024-08-10,,30979,100,Costa,Chiara,1,Viale,Cavour,6052,INT,CAORLE,,6153,3,1,1,
200477,910000000000477,100477,2021-10-19,,35244,100,Conti,Davide,2,Corso,Marconi,3338,,CADONEGHE,,5444,1,2,1,
200478,910000000000478,100478,2019-04-03,,36245,100,Moretti,Paolo,3,Strada,Europa,9150,A,VALLI DEL PASUBIO,,10886,2,3,1,
200479,910000000000479,100479,2020-10-19,,36990,100,Bruno,Federica,4,Corso,Dante,3950,B,ENEGO,,10055,3,4,1,
200480,910000000000480,100480,2019-05-21,,32053,100,Esposito,Stefano,1,Viale,Mazzini,1078,,ROCCA PIETORE,,10056,1,1,1,
200481,910000000000481,100481,2019-09-08,,32748,100,Costa,Federica,2,Borgo,Marconi,2363,B,CIBIANA DI CADORE,,10115,2,2,1,
200482,910000000000482,100482,2024-09-08,,36891,100,Bruno,Gabriele,3,Corso,Garibaldi,5911,A,NOVENTA VICENTINA,,10311,3,3,1,
200483,910000000000483,100483,2019-09-17,,36310,100,Fontana,Paolo,4,Corso,Verdi,7320,A,SAREGO,,9604,1,4,1,
200484,910000000000484,100484,2020-03-12,,36734,100,Esposito,Martina,1,Borgo,Manzoni,9066,B,SOSSANO,,9796,2,1,1,
200485,910000000000485,100485,2019-08-31,,31789,100,Bruno,Simone,2,Strada,Marconi,4465,B,MORGANO,,13062,3,2,1,
200486,910000000000486,100486,2022-03-11,,36583,100,Gallo,Valentina,3,Via,Mazzini,2238,A,LONIGO,,8137,1,3,1,
200487,910000000000487,100487,2019-11-28,,36122,100,Ferrari,Luca,4,Via,Pascoli,8109,A,CAMISANO VICENTINO,,8200,2,4,1,
200488,910000000000488,100488,2022-12-08,,31808,100,Fontana,Nicolo,1,Borgo,Cavour,4021,INT,SAN ZENONE DEGLI EZZELINI,,7432,3,1,1,
200489,910000000000489,100489,2020-02-28,,30912,100,Gallo,Marta,2,Corso,Roma,7013,,MARCON,,7557,1,2,1,
200490,910000000000490,100490,2019-04-16,,35226,100,Bruno,Gabriele,3,Corso,Roma,6093,,PONTE SAN NICOLO',,7558,2,3,1,
200491,910000000000491,100491,2021-01-23,,45106,100,Bruno,Chiara,4,Strada,Dante,6584,A,SAN BELLINO,,7621,3,4,1,
200492,910000000000492,100492,2019-01-05,,45294,100,Rizzo,Alessandro,1,Viale,Garibaldi,3800,A,CASTELMASSA,,7688,1,1,1,
200493,910000000000493,100493,2020-01-23,,35224,100,Rizzo,Stefano,2,Strada,Dante,7617,B,LOZZO ATESTINO,,5386,2,2,1,
200494,910000000000494,100494,2020-03-13,,35324,100,Marino,Martina,3,Corso,Kennedy,6836,B,GALZIGNANO TERME,,4617,3,3,1,
200495,910000000000495,100495,2019-05-28,,37344,100,Conti,Nicolo,4,Corso,Verdi,8561,A,SOAVE,,4810,1,4,1,
200496,910000000000496,100496,2023-07-21,,37613,100,Bianchi,Anna,1,Piazza,Roma,8055,INT,MONTECCHIA DI CROSARA,,4877,2,1,1,
200497,910000000000497,100497,2024-09-03,,36505,100,Rizzo,Gabriele,2,Borgo,Kennedy,809,INT,CORNEDO VICENTINO,,35206,3,2,1,
200498,910000000000498,100498,2020-12-20,,30993,100,Ferrari,Matteo,3,Corso,Marconi,5295,A,SAN DONA' DI PIAVE,,34565,1,3,1,
200499,910000000000499,100499,2021-02-11,,45322,100,Bianchi,Martina,4,Viale,Roma,8642,A,GAIBA,,34695,2,4,1,
