ID_SOGGETTO,ID_OPERAZIONE,FLAG_PERSONA_FISICA,COGNOME,NOME,SESSO,DATA_NASCITA,DATA_INIZIO_VALIDITA,DATA_FINE_VALIDITA,MATCHCODE,ID_STATO_ANAGRAFICO,ID_STATO_SOGGETTO,ID_CITTADINANZA,ID_NAZIONE,CODICEFISCALE,FLAGCFCERTIFICATO,ID_LUOGO,ID_FONTE_PROVENIENZA,ID_FONTE_RIFERIMENTO,DENOMINAZIONE,PARTITAIVA,DATA_COSTITUZIONE,PK_FORMA_GIURIDICA,COD_FORMA_GIURIDICA,CODICE_ATECO,DATA_CANCELLAZIONE,DATA_DECESSO,INDIRIZZO_PEC
100000,900000000000000,S,Barbieri,Simone,M,1973-01-16,2017-12-20,,BARBIERISI,1,1,1,100,BRBSMN73A16H622A,S,646,1,1,,,,,,,,,
100001,900000000000001,S,Bruno,Anna,F,1990-12-16,2017-05-09,,BRUNOANNA,1,1,1,100,BRNNNA90T56F241Z,S,59396,2,2,,,,,,,,,
100002,900000000000002,S,Conti,Paolo,M,1970-06-11,2018-09-17,,CONTIPAOLO,1,1,1,100,CNTPLA70H11B132K,S,58952,3,3,,,,,,,,,
100003,900000000000003,S,Moretti,Davide,M,1947-07-24,2018-11-30,,MORETTIDAV,1,1,1,100,MRTDVD47L24I207T,S,48261,1,4,,,,,,,,,
100004,900000000000004,S,Ferrari,Sara,F,1983-01-16,2022-04-21,,FERRARISAR,1,1,1,100,FRRSRA83A56F011P,S,48328,2,1,,,,,,,,,
100005,900000000000005,S,Lombardi,Davide,M,1973-11-25,2019-07-09,,LOMBARDIDA,1,1,1,100,LMBDVD73S25B524V,S,48389,3,2,,,,,,,,,
100006,900000000000006,S,Barbieri,Chiara,F,1974-09-14,2018-01-03,,BARBIERICH,1,1,1,100,BRBCHR74P54L567N,S,48522,1,3,,,,,,,,,
100007,900000000000007,S,Esposito,Andrea,M,1928-08-18,2017-06-22,,ESPOSITOAN,1,1,1,100,SPSNDR28M18B886C,S,47877,2,4,,,,,,,,,
100008,900000000000008,S,Fontana,Luca,M,1989-06-05,2020-11-09,,FONTANALUC,1,1,1,100,FNTLCU89H05F921Q,S,48137,3,1,,,,,,,,,
100009,900000000000009,S,Barbieri,Laura,F,1990-06-05,2018-12-11,,BARBIERILA,1,1,1,100,BRBLRA90H45C370N,S,48198,1,2,,,,,,,,,
100010,900000000000010,S,Rizzo,Davide,M,1963-07-05,2024-07-04,,RIZZODAVID,1,1,1,100,RZZDVD63L05G408Q,S,48199,2,3,,,,,,,,,
100011,900000000000011,S,Fontana,Marta,F,1983-03-19,2022-10-26,,FONTANAMAR,1,1,1,100,FNTMRT83C59D956C,S,47561,3,4,,,,,,,,,
100012,900000000000012,S,Greco,Marco,M,1979-10-31,2021-09-26,,GRECOMARCO,1,1,1,100,GRCMRC79R31I821J,S,47753,1,1,,,,,,,,,
100013,900000000000013,S,Moretti,Paolo,M,1984-04-17,2018-01-18,,MORETTIPAO,1,1,1,100,MRTPLA84D17L058K,S,47819,2,2,,,,,,,,,
100014,900000000000014,S,Barbieri,Anna,F,1995-05-09,2023-02-06,,BARBIERIAN,1,1,1,100,BRBNNA95E49E502T,S,47049,3,3,,,,,,,,,
100015,900000000000015,S,Barbieri,Marco,M,1967-10-09,2023-05-01,,BARBIERIMA,1,1,1,100,BRBMRC67R09B107X,S,47111,1,4,,,,,,,,,
100016,900000000000016,S,Esposito,Federica,F,1946-10-02,2022-11-04,,ESPOSITOFE,1,1,1,100,SPSFRC46R42F360S,S,47112,2,1,,,,,,,,,
100017,900000000000017,S,Conti,Paolo,M,1953-05-27,2021-05-19,,CONTIPAOLO,1,1,1,100,CNTPLA53E27C384I,S,47171,3,2,,,,,,,,,
100018,900000000000018,S,Lombardi,Davide,M,1970-07-23,2022-08-09,,LOMBARDIDA,1,1,1,100,LMBDVD70L23D442I,S,47240,1,3,,,,,,,,,
100019,900000000000019,S,Gallo,Giulia,F,1353-08-31,2018-09-27,,GALLOGIULI,1,1,1,100,GLLGLI53M71A438M,S,47304,2,4,,,,,,,,,
100020,900000000000020,S,Rossi,Paolo,M,1998-10-29,2022-04-21,,ROSSIPAOLO,1,1,1,100,RSSPLA98R29A837S,S,46790,3,1,,,,,,,,,
100021,900000000000021,S,Greco,Elena,F,1937-09-22,2023-12-23,,GRECOELENA,1,1,1,100,GRCLNE37P62E708W,S,46342,1,2,,,,,,,,,
100022,900000000000022,S,Costa,Andrea,M,1996-08-20,2019-01-20,,COSTAANDRE,1,1,1,100,CSTNDR96M20C544Z,S,46471,2,3,,,,,,,,,
100023,900000000000023,S,Rossi,Gabriele,M,1984-03-24,2021-11-06,,ROSSIGABRI,1,1,1,100,RSSGRL84C24C605P,S,51910,3,4,,,,,,,,,
100024,900000000000024,S,Fontana,Sofia,F,2000-05-14,2022-07-12,,FONTANASOF,1,1,1,100,FNTSFO00E54E731A,S,51082,1,1,,,,,,,,,
100025,900000000000025,S,Barbieri,Alessandro,M,2002-12-19,2023-10-10,,BARBIERIAL,1,1,1,100,BRBLSN02T19B511M,S,51142,2,2,,,,,,,,,
100026,900000000000026,S,Barbieri,Valentina,F,1958-10-22,2022-07-27,,BARBIERIVA,1,1,1,100,BRBVNT58R62G565Y,S,51268,3,3,,,,,,,,,
100027,900000000000027,S,Barbieri,Luca,M,2002-01-23,2022-07-14,,BARBIERILU,1,1,1,100,BRBLCU02A23H580X,S,51461,1,4,,,,,,,,,
100028,900000000000028,S,Costa,Davide,M,1963-09-10,2017-03-01,,COSTADAVID,1,1,1,100,CSTDVD63P10G943X,S,50697,2,1,,,,,,,,,
100029,900000000000029,S,Romano,Martina,F,1949-10-18,2021-04-21,,ROMANOMART,1,1,1,100,RMNMTN49R58E403Y,S,50758,3,2,,,,,,,,,
100030,900000000000030,S,Rizzo,Paolo,M,2004-06-05,2018-09-22,,RIZZOPAOLO,1,1,1,100,RZZPLA04H05B403R,S,50821,1,3,,,,,,,,,
100031,900000000000031,S,Fontana,Martina,F,2014-08-19,2023-02-16,,FONTANAMAR,1,1,1,100,FNTMTN14M59M172T,S,40714,2,4,,,,,,,,,
100032,900000000000032,S,Bruno,Alessandro,M,2020-12-12,2024-06-24,,BRUNOALESS,1,1,1,100,BRNLSN20T12A231H,S,40839,3,1,,,,,,,,,
100033,900000000000033,S,Marino,Stefano,M,1994-08-31,2018-07-21,,MARINOSTEF,1,1,1,100,MRNSFN94M31G224Z,S,40840,1,2,,,,,,,,,
100034,900000000000034,S,Romano,Anna,F,1978-10-20,2018-03-12,,ROMANOANNA,1,1,1,100,RMNNNA78R60C890S,S,40071,2,3,,,,,,,,,
100035,900000000000035,S,Romano,Andrea,M,1972-09-30,2024-08-07,,ROMANOANDR,1,1,1,100,RMNNDR72P30D680J,S,40132,3,4,,,,,,,,,
100036,900000000000036,S,Ferrari,Elena,F,1935-06-10,2022-03-19,,FERRARIELE,1,1,1,100,FRRLNE35H50I375R,S,40133,1,1,,,,,,,,,
100037,900000000000037,S,Marino,Marco,M,1979-06-15,2023-09-05,,MARINOMARC,1,1,1,100,MRNMRC79H15B546C,S,40201,2,2,,,,,,,,,
100038,900000000000038,S,Esposito,Paolo,M,1949-09-10,2020-08-22,,ESPOSITOPA,1,1,1,100,SPSPLA49P10H356S,S,40326,3,3,,,,,,,,,
100039,900000000000039,S,Rizzo,Martina,F,1951-11-29,2024-05-26,,RIZZOMARTI,1,1,1,100,RZZMTN51S69D317X,S,40392,1,4,,,,,,,,,
100040,900000000000040,S,Romano,Stefano,M,1974-08-17,2023-01-31,,ROMANOSTEF,1,1,1,100,RMNSFN74M17H131F,S,40393,2,1,,,,,,,,,
100041,900000000000041,S,Conti,Laura,F,1979-09-13,2022-12-27,,CONTILAURA,1,1,1,100,CNTLRA79P53E071I,S,40453,3,2,,,,,,,,,
100042,900000000000042,S,Ferrari,Matteo,M,1997-11-01,2019-10-24,,FERRARIMAT,1,1,1,100,FRRMTT97S01L700C,S,39688,1,3,,,,,,,,,
100043,900000000000043,S,Gallo,Giovanni,M,2017-10-01,2018-06-20,,GALLOGIOVA,1,1,1,100,GLLGNN17R01A061F,S,46023,2,4,,,,,,,,,
100044,900000000000044,S,Ferrari,Laura,F,2008-01-29,2024-09-27,,FERRARILAU,1,1,1,100,FRRLRA08A69M199E,S,46024,3,1,,,,,,,,,
100045,900000000000045,S,Esposito,Marco,M,1926-09-06,2018-05-06,,ESPOSITOMA,1,1,1,100,SPSMRC26P06E588T,S,46025,1,2,,,,,,,,,
100046,900000000000046,S,Gallo,Giulia,F,1975-12-30,2022-12-24,,GALLOGIULI,1,1,1,100,GLLGLI75T70A471P,S,46084,2,3,,,,,,,,,
100047,900000000000047,S,Greco,Simone,M,1986-02-13,2024-06-28,,GRECOSIMON,1,1,1,100,GRCSMN86B13M032A,S,45701,3,4,,,,,,,,,
100048,900000000000048,S,Costa,Alessandro,M,1988-04-14,2021-12-17,,COSTAALESS,1,1,1,100,CSTLSN88D14G776W,S,45127,1,1,,,,,,,,,
100049,900000000000049,S,Marino,Sara,F,1284-12-27,2017-09-22,,MARINOSARA,1,1,1,100,MRNSRA84T67I563H,S,45189,2,2,,,,,,,,,
100050,900000000000050,S,Costa,Matteo,M,2008-01-07,2024-03-12,,COSTAMATTE,1,1,1,100,CSTMTT08A07D686B,S,45252,3,3,,,,,,,,,
100051,900000000000051,S,Bianchi,Francesca,F,1982-01-31,2018-08-02,,BIANCHIFRA,1,1,1,100,BNCFNC82A71I347G,S,44871,1,4,,,,,,,,,
100052,900000000000052,S,Marino,Gabriele,M,1962-06-06,2022-11-20,,MARINOGABR,1,1,1,100,MRNGRL62H06D330C,S,44934,2,1,,,,,,,,,
100053,900000000000053,S,Rossi,Davide,M,1958-12-28,2018-12-04,,ROSSIDAVID,1,1,1,100,RSSDVD58T28F922X,S,44360,3,2,,,,,,,,,
100054,900000000000054,S,Ferrari,Sofia,F,1931-01-25,2021-07-25,,FERRARISOF,1,1,1,100,FRRSFO31A65I120H,S,44361,1,3,,,,,,,,,
100055,900000000000055,S,Greco,Andrea,M,1946-06-11,2022-08-22,,GRECOANDRE,1,1,1,100,GRCNDR46H11I414F,S,59208,2,4,,,,,,,,,
100056,900000000000056,S,Lombardi,Laura,F,1951-02-11,2018-08-16,,LOMBARDILA,1,1,1,100,LMBLRA51B51L248K,S,44611,3,1,,,,,,,,,
100057,900000000000057,S,Rizzo,Giovanni,M,2001-10-05,2022-04-20,,RIZZOGIOVA,1,1,1,100,RZZGNN01R05I531I,S,43844,1,2,,,,,,,,,
100058,900000000000058,S,Greco,Marco,M,1977-11-03,2023-01-04,,GRECOMARCO,1,1,1,100,GRCMRC77S03A982J,S,43845,2,3,,,,,,,,,
100059,900000000000059,S,Lombardi,Sara,F,1948-11-24,2023-08-29,,LOMBARDISA,1,1,1,100,LMBSRA48S64F696X,S,44039,3,4,,,,,,,,,
100060,900000000000060,S,Marino,Giovanni,M,1979-06-12,2022-10-06,,MARINOGIOV,1,1,1,100,MRNGNN79H12D156I,S,44103,1,1,,,,,,,,,
100061,900000000000061,S,Moretti,Chiara,F,1926-03-30,2023-02-24,,MORETTICHI,1,1,1,100,MRTCHR26C70C577O,S,44165,2,2,,,,,,,,,
100062,900000000000062,S,Moretti,Simone,M,2023-04-06,2018-11-01,,MORETTISIM,1,1,1,100,MRTSMN23D06H625X,S,43590,3,3,,,,,,,,,
100063,900000000000063,S,Bianchi,Andrea,M,1972-12-23,2023-07-17,,BIANCHIAND,1,1,1,100,BNCNDR72T23E240I,S,43591,1,4,,,,,,,,,
100064,900000000000064,S,Barbieri,Valentina,F,2016-12-27,2021-12-20,,BARBIERIVA,1,1,1,100,BRBVNT16T67I401N,S,43653,2,1,,,,,,,,,
100065,900000000000065,S,Romano,Davide,M,1922-11-24,2019-04-07,,ROMANODAVI,1,1,1,100,RMNDVD22S24C037X,S,43014,3,2,,,,,,,,,
100066,900000000000066,S,Rossi,Sofia,F,1987-10-30,2022-01-05,,ROSSISOFIA,1,1,1,100,RSSSFO87R70F464B,S,43273,1,3,,,,,,,,,
100067,900000000000067,S,Fontana,Alessandro,M,1956-07-18,2018-10-10,,FONTANAALE,1,1,1,100,FNTLSN56L18G823D,S,41606,2,4,,,,,,,,,
100068,900000000000068,S,Fontana,Stefano,M,1978-06-20,2018-05-05,,FONTANASTE,1,1,1,100,FNTSFN78H20H620C,S,41669,3,1,,,,,,,,,
100069,900000000000069,S,Bruno,Valentina,F,1481-10-31,2022-05-24,,BRUNOVALEN,1,1,1,100,BRNVNT81R71H783I,S,41098,1,2,,,,,,,,,
100070,900000000000070,S,Ferrari,Matteo,M,1936-04-06,2018-09-10,,FERRARIMAT,1,1,1,100,FRRMTT36D06E171M,S,41159,2,3,,,,,,,,,
100071,900000000000071,S,Costa,Giulia,F,1971-02-14,2018-02-19,,COSTAGIULI,1,1,1,100,CSTGLI71B54L497W,S,41221,3,4,,,,,,,,,
100072,900000000000072,S,Fontana,Giovanni,M,1958-12-29,2021-02-06,,FONTANAGIO,1,1,1,100,FNTGNN58T29F394L,S,40518,1,1,,,,,,,,,
100073,900000000000073,S,Gallo,Stefano,M,1981-09-05,2021-10-28,,GALLOSTEFA,1,1,1,100,GLLSFN81P05E689W,S,40580,2,2,,,,,,,,,
100074,900000000000074,S,Rossi,Chiara,F,1994-08-25,2018-04-28,,ROSSICHIAR,1,1,1,100,RSSCHR94M65A637O,S,47621,3,3,,,,,,,,,
100075,900000000000075,S,Conti,Andrea,M,1932-05-27,2023-11-23,,CONTIANDRE,1,1,1,100,CNTNDR32E27G926N,S,42757,1,4,,,,,,,,,
100076,900000000000076,S,Rossi,Martina,F,1981-04-03,2019-05-11,,ROSSIMARTI,1,1,1,100,RSSMTN81D43D568E,S,42821,2,1,,,,,,,,,
100077,900000000000077,S,Costa,Alessandro,M,1944-06-08,2017-10-28,,COSTAALESS,1,1,1,100,CSTLSN44H08E970O,S,42951,3,2,,,,,,,,,
100078,900000000000078,S,Romano,Nicolo,M,1991-03-04,2022-05-25,,ROMANONICO,1,1,1,100,RMNNCL91C04E465N,S,42184,1,3,,,,,,,,,
100079,900000000000079,S,Esposito,Laura,F,1969-10-27,2021-09-12,,ESPOSITOLA,1,1,1,100,SPSLRA69R67M300T,S,42185,2,4,,,,,,,,,
100080,900000000000080,S,Bruno,Davide,M,2010-03-17,2017-02-24,,BRUNODAVID,1,1,1,100,BRNDVD10C17F826P,S,42373,3,1,,,,,,,,,
100081,900000000000081,S,Gallo,Giulia,F,2023-07-09,2017-04-16,,GALLOGIULI,1,1,1,100,GLLGLI23L49L939K,S,42439,1,2,,,,,,,,,
100082,900000000000082,S,Marino,Luca,M,1982-05-01,2023-07-22,,MARINOLUCA,1,1,1,100,MRNLCU82E01C987E,S,42503,2,3,,,,,,,,,
100083,900000000000083,S,Greco,Matteo,M,1983-09-24,2020-06-15,,GRECOMATTE,1,1,1,100,GRCMTT83P24H361S,S,42567,3,4,,,,,,,,,
100084,900000000000084,S,Rizzo,Anna,F,2007-10-12,2020-05-13,,RIZZOANNA,1,1,1,100,RZZNNA07R52B582D,S,41735,1,1,,,,,,,,,
100085,900000000000085,S,Costa,Marco,M,1996-05-26,2018-08-09,,COSTAMARCO,1,1,1,100,CSTMRC96E26E184A,S,41864,2,2,,,,,,,,,
100086,900000000000086,S,Lombardi,Francesca,F,2005-07-12,2021-07-21,,LOMBARDIFR,1,1,1,100,LMBFNC05L52B143L,S,41928,3,3,,,,,,,,,
100087,900000000000087,S,Costa,Davide,M,1923-03-08,2021-06-24,,COSTADAVID,1,1,1,100,CSTDVD23C08D578B,S,41286,1,4,,,,,,,,,
100088,900000000000088,S,Marino,Stefano,M,1938-05-04,2018-11-25,,MARINOSTEF,1,1,1,100,MRNSFN38E04G782Q,S,41348,2,1,,,,,,,,,
100089,900000000000089,S,Fontana,Martina,F,1434-07-09,2022-08-09,,FONTANAMAR,1,1,1,100,FNTMTN34L49I003S,S,41413,3,2,,,,,,,,,
100090,900000000000090,S,Ferrari,Alessandro,M,1999-04-13,2023-04-28,,FERRARIALE,1,1,1,100,FRRLSN99D13A795T,S,41414,1,3,,,,,,,,,
100091,900000000000091,S,Moretti,Francesca,F,1984-04-23,2020-09-05,,MORETTIFRA,1,1,1,100,MRTFNC84D63I221A,S,41480,2,4,,,,,,,,,
100092,900000000000092,S,Rossi,Stefano,M,2016-09-27,2023-07-29,,ROSSISTEFA,1,1,1,100,RSSSFN16P27F172F,S,38923,3,1,,,,,,,,,
100093,900000000000093,S,Rossi,Matteo,M,2013-09-21,2022-11-28,,ROSSIMATTE,1,1,1,100,RSSMTT13P21F116L,S,38924,1,2,,,,,,,,,
100094,900000000000094,S,Ferrari,Marta,F,1937-08-18,2021-12-11,,FERRARIMAR,1,1,1,100,FRRMRT37M58B304I,S,38980,2,3,,,,,,,,,
100095,900000000000095,S,Conti,Nicolo,M,1961-02-05,2019-11-30,,CONTINICOL,1,1,1,100,CNTNCL61B05F770A,S,38981,3,4,,,,,,,,,
100096,900000000000096,S,Marino,Marta,F,1933-12-19,2019-04-11,,MARINOMART,1,1,1,100,MRNMRT33T59C735T,S,39045,1,1,,,,,,,,,
100097,900000000000097,S,Conti,Giovanni,M,2004-03-15,2022-05-14,,CONTIGIOVA,1,1,1,100,CNTGNN04C15F789X,S,39239,2,2,,,,,,,,,
100098,900000000000098,S,Rossi,Paolo,M,1965-05-22,2022-05-30,,ROSSIPAOLO,1,1,1,100,RSSPLA65E22E349Z,S,38152,3,3,,,,,,,,,
100099,900000000000099,S,Romano,Elena,F,2020-10-10,2019-09-05,,ROMANOELEN,1,1,1,100,RMNLNE20R50G442M,S,38216,1,4,,,,,,,,,
100100,900000000000100,S,Conti,Gabriele,M,2015-08-21,2020-06-22,,CONTIGABRI,1,1,1,100,CNTGRL15M21F190O,S,38217,2,1,,,,,,,,,
100101,900000000000101,S,Rossi,Sofia,F,1972-07-28,2018-03-18,,ROSSISOFIA,1,1,1,100,RSSSFO72L68C073S,S,38275,3,2,,,,,,,,,
100102,900000000000102,S,Esposito,Alessandro,M,1973-01-09,2022-03-04,,ESPOSITOAL,1,1,1,100,SPSLSN73A09C964D,S,38342,1,3,,,,,,,,,
100103,900000000000103,S,Lombardi,Alessandro,M,1957-02-21,2020-01-03,,LOMBARDIAL,1,1,1,100,LMBLSN57B21A161V,S,38407,2,4,,,,,,,,,
100104,900000000000104,S,Costa,Sofia,F,1965-03-30,2022-11-07,,COSTASOFIA,1,1,1,100,CSTSFO65C70A540L,S,37894,3,1,,,,,,,,,
100105,900000000000105,S,Moretti,Nicolo,M,1932-10-03,2023-10-02,,MORETTINIC,1,1,1,100,MRTNCL32R03B678M,S,37957,1,2,,,,,,,,,
100106,900000000000106,S,Greco,Anna,F,1958-01-05,2021-01-06,,GRECOANNA,1,1,1,100,GRCNNA58A45E622L,S,37446,2,3,,,,,,,,,
100107,900000000000107,S,Barbieri,Luca,M,1998-09-08,2022-06-02,,BARBIERILU,1,1,1,100,BRBLCU98P08I876J,S,37061,3,4,,,,,,,,,
100108,900000000000108,S,Conti,Luca,M,1945-11-27,2018-10-30,,CONTILUCA,1,1,1,100,CNTLCU45S27E429B,S,37128,1,1,,,,,,,,,
100109,900000000000109,S,Fontana,Giulia,F,1956-11-18,2018-09-09,,FONTANAGIU,1,1,1,100,FNTGLI56S58L723J,S,36807,2,2,,,,,,,,,
100110,900000000000110,S,Esposito,Davide,M,1979-06-15,2022-01-16,,ESPOSITODA,1,1,1,100,SPSDVD79H15G406Q,S,36230,3,3,,,,,,,,,
100111,900000000000111,S,Costa,Marta,F,1967-03-12,2020-08-21,,COSTAMARTA,1,1,1,100,CSTMRT67C52C919U,S,36292,1,4,,,,,,,,,
100112,900000000000112,S,Esposito,Nicolo,M,1992-02-20,2021-02-27,,ESPOSITONI,1,1,1,100,SPSNCL92B20C650G,S,43334,2,1,,,,,,,,,
100113,900000000000113,S,Bruno,Stefano,M,1946-03-13,2018-06-01,,BRUNOSTEFA,1,1,1,100,BRNSFN46C13L156C,S,35717,3,2,,,,,,,,,
100114,900000000000114,S,Romano,Valentina,F,1999-11-22,2018-12-11,,ROMANOVALE,1,1,1,100,RMNVNT99S62I063P,S,35975,1,3,,,,,,,,,
100115,900000000000115,S,Conti,Nicolo,M,1972-03-06,2017-10-16,,CONTINICOL,1,1,1,100,CNTNCL72C06C920V,S,36037,2,4,,,,,,,,,
100116,900000000000116,S,Ferrari,Sara,F,1939-01-19,2018-02-01,,FERRARISAR,1,1,1,100,FRRSRA39A59H897Q,S,35465,3,1,,,,,,,,,
100117,900000000000117,S,Conti,Simone,M,1992-09-23,2017-02-27,,CONTISIMON,1,1,1,100,CNTSMN92P23A443E,S,34949,1,2,,,,,,,,,
100118,900000000000118,S,Ferrari,Luca,M,1933-06-15,2021-01-27,,FERRARILUC,1,1,1,100,FRRLCU33H15C714P,S,57992,2,3,,,,,,,,,
100119,900000000000119,S,Marino,Laura,F,1926-01-04,2020-12-16,,MARINOLAUR,1,1,1,100,MRNLRA26A44L414Y,S,58246,3,4,,,,,,,,,
100120,900000000000120,S,Greco,Davide,M,1999-06-14,2017-03-11,,GRECODAVID,1,1,1,100,GRCDVD99H14D415W,S,58310,1,1,,,,,,,,,
100121,900000000000121,S,Fontana,Sara,F,1998-06-09,2020-05-31,,FONTANASAR,1,1,1,100,FNTSRA98H49G673I,S,58371,2,2,,,,,,,,,
100122,900000000000122,S,Fontana,Giovanni,M,1952-10-02,2019-06-21,,FONTANAGIO,1,1,1,100,FNTGNN52R02M103H,S,59209,3,3,,,,,,,,,
100123,900000000000123,S,Lombardi,Stefano,M,1350-09-03,2017-01-22,,LOMBARDIST,1,1,1,100,LMBSFN50P03G802E,S,58629,1,4,,,,,,,,,
100124,900000000000124,S,Greco,Sofia,F,1965-04-23,2022-05-11,,GRECOSOFIA,1,1,1,100,GRCSFO65D63F515I,S,35144,2,1,,,,,,,,,
100125,900000000000125,S,Costa,Alessandro,M,1999-09-20,2023-07-25,,COSTAALESS,1,1,1,100,CSTLSN99P20E592E,S,39430,3,2,,,,,,,,,
100126,900000000000126,S,Bianchi,Federica,F,2023-11-18,2023-04-18,,BIANCHIFED,1,1,1,100,BNCFRC23S58B106B,S,39493,1,3,,,,,,,,,
100127,900000000000127,S,Esposito,Andrea,M,1957-07-17,2020-09-18,,ESPOSITOAN,1,1,1,100,SPSNDR57L17L287D,S,39625,2,4,,,,,,,,,
100128,900000000000128,S,Fontana,Simone,M,1956-09-10,2023-03-18,,FONTANASIM,1,1,1,100,FNTSMN56P10C713J,S,29447,3,1,,,,,,,,,
100129,900000000000129,S,Esposito,Federica,F,1929-12-15,2018-07-11,,ESPOSITOFE,1,1,1,100,SPSFRC29T55A137P,S,28999,1,2,,,,,,,,,
100130,900000000000130,S,Lombardi,Paolo,M,1991-12-02,2024-03-22,,LOMBARDIPA,1,1,1,100,LMBPLA91T02B061Q,S,29060,2,3,,,,,,,,,
100131,900000000000131,S,Bruno,Chiara,F,1682-08-17,2023-07-15,,BRUNOCHIAR,1,1,1,100,BRNCHR82M57G914F,S,34244,3,4,,,,,,,,,
100132,900000000000132,S,Bianchi,Alessandro,M,1965-04-12,2021-04-28,,BIANCHIALE,1,1,1,100,BNCLSN65D12H594E,S,34437,1,1,,,,,,,,,
100133,900000000000133,S,Fontana,Giovanni,M,1193-09-17,2019-09-17,,FONTANAGIO,1,1,1,100,FNTGNN93P17G957C,S,33672,2,2,,,,,,,,,
100134,900000000000134,S,Gallo,Sofia,F,1973-11-02,2024-12-11,,GALLOSOFIA,1,1,1,100,GLLSFO73S42B433U,S,33800,3,3,,,,,,,,,
100135,900000000000135,S,Conti,Simone,M,1960-09-08,2019-02-09,,CONTISIMON,1,1,1,100,CNTSMN60P08E215Z,S,33159,1,4,,,,,,,,,
100136,900000000000136,S,Moretti,Marta,F,1957-01-16,2023-04-08,,MORETTIMAR,1,1,1,100,MRTMRT57A56I259L,S,33288,2,1,,,,,,,,,
100137,900000000000137,S,Barbieri,Nicolo,M,2000-05-03,2022-08-24,,BARBIERINI,1,1,1,100,BRBNCL00E03L947N,S,33289,3,2,,,,,,,,,
100138,900000000000138,S,Rossi,Matteo,M,1972-11-02,2024-05-13,,ROSSIMATTE,1,1,1,100,RSSMTT72S02I578P,S,33349,1,3,,,,,,,,,
100139,900000000000139,S,Costa,Sofia,F,2003-09-09,2017-10-09,,COSTASOFIA,1,1,1,100,CSTSFO03P49F130R,S,33476,2,4,,,,,,,,,
100140,900000000000140,S,Esposito,Paolo,M,1964-01-07,2024-08-21,,ESPOSITOPA,1,1,1,100,SPSPLA64A07I953R,S,33542,3,1,,,,,,,,,
100141,900000000000141,S,Greco,Laura,F,1979-12-30,2022-09-24,,GRECOLAURA,1,1,1,100,GRCLRA79T70A236E,S,23815,1,2,,,,,,,,,
100142,900000000000142,S,Conti,Paolo,M,1959-05-17,2024-08-12,,CONTIPAOLO,1,1,1,100,CNTPLA59E17G461K,S,23816,2,3,,,,,,,,,
100143,900000000000143,S,Esposito,Stefano,M,1985-03-09,2018-11-15,,ESPOSITOST,1,1,1,100,SPSSFN85C09D897R,S,32969,3,4,,,,,,,,,
100144,900000000000144,S,Gallo,Chiara,F,2017-09-15,2019-10-06,,GALLOCHIAR,1,1,1,100,GLLCHR17P55A703V,S,33032,1,1,,,,,,,,,
100145,900000000000145,S,Esposito,Gabriele,M,1963-05-22,2021-02-26,,ESPOSITOGA,1,1,1,100,SPSGRL63E22L892V,S,33093,2,2,,,,,,,,,
100146,900000000000146,S,Moretti,Sara,F,1956-09-04,2020-07-29,,MORETTISAR,1,1,1,100,MRTSRA56P44E893Y,S,32326,3,3,,,,,,,,,
100147,900000000000147,S,Lombardi,Paolo,M,1957-04-23,2020-09-08,,LOMBARDIPA,1,1,1,100,LMBPLA57D23L736Y,S,32327,1,4,,,,,,,,,
100148,900000000000148,S,Barbieri,Stefano,M,1968-07-10,2022-10-24,,BARBIERIST,1,1,1,100,BRBSFN68L10L270I,S,32328,2,1,,,,,,,,,
100149,900000000000149,S,Fontana,Sara,F,1986-10-24,2021-10-13,,FONTANASAR,1,1,1,100,FNTSRA86R64C950A,S,32390,3,2,,,,,,,,,
100150,900000000000150,S,Bianchi,Alessandro,M,1700-04-21,2017-11-23,,BIANCHIALE,1,1,1,100,BNCLSN00D21D496Z,S,24074,1,3,,,,,,,,,
100151,900000000000151,S,Fontana,Francesca,F,1949-07-09,2024-10-09,,FONTANAFRA,1,1,1,100,FNTFNC49L49C057H,S,32450,2,4,,,,,,,,,
100152,900000000000152,S,Bianchi,Alessandro,M,1968-07-10,2018-05-29,,BIANCHIALE,1,1,1,100,BNCLSN68L10G323T,S,32451,3,1,,,,,,,,,
100153,900000000000153,S,Barbieri,Gabriele,M,1970-10-09,2023-11-02,,BARBIERIGA,1,1,1,100,BRBGRL70R09D419B,S,23369,1,2,,,,,,,,,
100154,900000000000154,S,Bruno,Giulia,F,1931-08-05,2023-07-01,,BRUNOGIULI,1,1,1,100,BRNGLI31M45H220E,S,23370,2,3,,,,,,,,,
100155,900000000000155,S,Conti,Nicolo,M,1946-12-06,2018-05-28,,CONTINICOL,1,1,1,100,CNTNCL46T06H916M,S,32518,3,4,,,,,,,,,
100156,900000000000156,S,Bianchi,Laura,F,2011-04-25,2018-01-21,,BIANCHILAU,1,1,1,100,BNCLRA11D65A435T,S,32519,1,1,,,,,,,,,
100157,900000000000157,S,Fontana,Matteo,M,1993-01-09,2024-09-13,,FONTANAMAT,1,1,1,100,FNTMTT93A09E092U,S,23429,2,2,,,,,,,,,
100158,900000000000158,S,Barbieri,Andrea,M,1990-08-30,2020-08-04,,BARBIERIAN,1,1,1,100,BRBNDR90M30H843N,S,32584,3,3,,,,,,,,,
100159,900000000000159,S,Gallo,Martina,F,2003-05-19,2018-12-27,,GALLOMARTI,1,1,1,100,GLLMTN03E59F529Z,S,23495,1,4,,,,,,,,,
100160,900000000000160,S,Fontana,Simone,M,1954-07-18,2018-08-10,,FONTANASIM,1,1,1,100,FNTSMN54L18A459G,S,32708,2,1,,,,,,,,,
100161,900000000000161,S,Conti,Laura,F,2020-08-23,2022-08-04,,CONTILAURA,1,1,1,100,CNTLRA20M63G688N,S,32709,3,2,,,,,,,,,
100162,900000000000162,S,Rizzo,Nicolo,M,1947-06-15,2022-05-14,,RIZZONICOL,1,1,1,100,RZZNCL47H15B848R,S,23554,1,3,,,,,,,,,
100163,900000000000163,S,Conti,Simone,M,1948-09-16,2023-07-22,,CONTISIMON,1,1,1,100,CNTSMN48P16E761L,S,23555,2,4,,,,,,,,,
100164,900000000000164,S,Barbieri,Marta,F,1938-12-18,2024-06-05,,BARBIERIMA,1,1,1,100,BRBMRT38T58A093H,S,31942,3,1,,,,,,,,,
100165,900000000000165,S,Lombardi,Alessandro,M,1941-09-20,2019-04-20,,LOMBARDIAL,1,1,1,100,LMBLSN41P20I938I,S,32005,1,2,,,,,,,,,
100166,900000000000166,S,Conti,Laura,F,1967-08-14,2017-03-06,,CONTILAURA,1,1,1,100,CNTLRA67M54M145G,S,28676,2,3,,,,,,,,,
100167,900000000000167,S,Lombardi,Paolo,M,2006-12-19,2022-05-07,,LOMBARDIPA,1,1,1,100,LMBPLA06T19E145V,S,30537,3,4,,,,,,,,,
100168,900000000000168,S,Esposito,Simone,M,1923-02-06,2024-11-04,,ESPOSITOSI,1,1,1,100,SPSSMN23B06A714J,S,30597,1,1,,,,,,,,,
100169,900000000000169,S,Rossi,Chiara,F,1948-12-26,2024-01-05,,ROSSICHIAR,1,1,1,100,RSSCHR48T66E512X,S,30025,2,2,,,,,,,,,
100170,900000000000170,S,Rizzo,Paolo,M,1941-04-16,2017-05-04,,RIZZOPAOLO,1,1,1,100,RZZPLA41D16B152O,S,30086,3,3,,,,,,,,,
100171,900000000000171,S,Barbieri,Marta,F,1960-10-20,2017-08-19,,BARBIERIMA,1,1,1,100,BRBMRT60R60F443M,S,30087,1,4,,,,,,,,,
100172,900000000000172,S,Moretti,Alessandro,M,1970-04-24,2019-03-09,,MORETTIALE,1,1,1,100,MRTLSN70D24C580H,S,30147,2,1,,,,,,,,,
100173,900000000000173,S,Rizzo,Andrea,M,1957-09-06,2020-09-30,,RIZZOANDRE,1,1,1,100,RZZNDR57P06D679F,S,30216,3,2,,,,,,,,,
100174,900000000000174,S,Rossi,Laura,F,2002-10-25,2018-07-07,,ROSSILAURA,1,1,1,100,RSSLRA02R65A458K,S,30281,1,3,,,,,,,,,
100175,900000000000175,S,Bruno,Nicolo,M,1973-01-24,2021-09-11,,BRUNONICOL,1,1,1,100,BRNNCL73A24F013J,S,31304,2,4,,,,,,,,,
100176,900000000000176,S,Gallo,Federica,F,1984-08-07,2018-03-04,,GALLOFEDER,1,1,1,100,GLLFRC84M47B531K,S,31365,3,1,,,,,,,,,
100177,900000000000177,S,Ferrari,Davide,M,1940-03-03,2023-10-27,,FERRARIDAV,1,1,1,100,FRRDVD40C03G933O,S,31498,1,2,,,,,,,,,
100178,900000000000178,S,Conti,Marco,M,2022-04-21,2020-08-24,,CONTIMARCO,1,1,1,100,CNTMRC22D21I826G,S,30730,2,3,,,,,,,,,
100179,900000000000179,S,Marino,Francesca,F,1942-08-13,2021-02-12,,MARINOFRAN,1,1,1,100,MRNFNC42M53L402W,S,30794,3,4,,,,,,,,,
100180,900000000000180,S,Bruno,Stefano,M,1930-07-07,2019-11-07,,BRUNOSTEFA,1,1,1,100,BRNSFN30L07F872D,S,30407,1,1,,,,,,,,,
100181,900000000000181,S,Conti,Francesca,F,1963-09-02,2024-07-13,,CONTIFRANC,1,1,1,100,CNTFNC63P42A964Z,S,29766,2,2,,,,,,,,,
100182,900000000000182,S,Esposito,Matteo,M,1981-09-20,2017-07-18,,ESPOSITOMA,1,1,1,100,SPSMTT81P20H714U,S,58122,3,3,,,,,,,,,
100183,900000000000183,S,Lombardi,Luca,M,2001-09-26,2023-03-28,,LOMBARDILU,1,1,1,100,LMBLCU01P26D957S,S,58183,1,4,,,,,,,,,
100184,900000000000184,S,Greco,Chiara,F,1963-04-09,2020-05-20,,GRECOCHIAR,1,1,1,100,GRCCHR63D49H944B,S,58437,2,1,,,,,,,,,
100185,900000000000185,S,Ferrari,Stefano,M,1977-01-27,2021-05-10,,FERRARISTE,1,1,1,100,FRRSFN77A27C461I,S,33607,3,2,,,,,,,,,
100186,900000000000186,S,Conti,Chiara,F,1992-04-25,2021-04-21,,CONTICHIAR,1,1,1,100,CNTCHR92D65L890N,S,29255,1,3,,,,,,,,,
100187,900000000000187,S,Barbieri,Simone,M,1952-06-01,2021-02-28,,BARBIERISI,1,1,1,100,BRBSMN52H01F957F,S,27335,2,4,,,,,,,,,
100188,900000000000188,S,Moretti,Paolo,M,1939-11-20,2021-11-17,,MORETTIPAO,1,1,1,100,MRTPLA39S20I783O,S,26820,3,1,,,,,,,,,
100189,900000000000189,S,Costa,Chiara,F,1955-01-19,2020-03-25,,COSTACHIAR,1,1,1,100,CSTCHR55A59B375M,S,26821,1,2,,,,,,,,,
100190,900000000000190,S,Gallo,Nicolo,M,1990-09-14,2022-10-21,,GALLONICOL,1,1,1,100,GLLNCL90P14F465Y,S,26249,2,3,,,,,,,,,
100191,900000000000191,S,Conti,Valentina,F,1962-07-30,2020-09-17,,CONTIVALEN,1,1,1,100,CNTVNT62L70D505I,S,31238,3,4,,,,,,,,,
100192,900000000000192,S,Ferrari,Gabriele,M,1995-04-12,2017-11-07,,FERRARIGAB,1,1,1,100,FRRGRL95D12G836P,S,24324,1,1,,,,,,,,,
100193,900000000000193,S,Romano,Paolo,M,2014-04-09,2021-04-21,,ROMANOPAOL,1,1,1,100,RMNPLA14D09H712I,S,24391,2,2,,,,,,,,,
100194,900000000000194,S,Greco,Sofia,F,1993-10-08,2017-11-14,,GRECOSOFIA,1,1,1,100,GRCSFO93R48L900R,S,24392,3,3,,,,,,,,,
100195,900000000000195,S,Esposito,Marco,M,1980-03-08,2017-06-12,,ESPOSITOMA,1,1,1,100,SPSMRC80C08B069R,S,24393,1,4,,,,,,,,,
100196,900000000000196,S,Rizzo,Valentina,F,1993-03-29,2021-06-22,,RIZZOVALEN,1,1,1,100,RZZVNT93C69I382S,S,24457,2,1,,,,,,,,,
100197,900000000000197,S,Moretti,Gabriele,M,1957-07-15,2021-05-17,,MORETTIGAB,1,1,1,100,MRTGRL57L15L967S,S,25415,3,2,,,,,,,,,
100198,900000000000198,S,Fontana,Alessandro,M,1958-01-07,2021-07-17,,FONTANAALE,1,1,1,100,FNTLSN58A07G850A,S,24581,1,3,,,,,,,,,
100199,900000000000199,S,Costa,Sara,F,1992-10-30,2017-05-24,,COSTASARA,1,1,1,100,CSTSRA92R70H689R,S,24645,2,4,,,,,,,,,
100200,900000000000200,S,Greco,Alessandro,M,1997-12-21,2020-12-28,,GRECOALESS,1,1,1,100,GRCLSN97T21C122T,S,24711,3,1,,,,,,,,,
100201,900000000000201,S,Rizzo,Giulia,F,1456-07-09,2019-06-11,,RIZZOGIULI,1,1,1,100,RZZGLI56L49E226Z,S,24839,1,2,,,,,,,,,
100202,900000000000202,S,Lombardi,Luca,M,1995-08-01,2019-04-20,,LOMBARDILU,1,1,1,100,LMBLCU95M01B161R,S,24904,2,3,,,,,,,,,
100203,900000000000203,S,Bruno,Alessandro,M,1933-12-30,2022-04-02,,BRUNOALESS,1,1,1,100,BRNLSN33T30E284C,S,24135,3,4,,,,,,,,,
100204,900000000000204,S,Marino,Valentina,F,2014-01-03,2022-02-14,,MARINOVALE,1,1,1,100,MRNVNT14A43I551H,S,26439,1,1,,,,,,,,,
100205,900000000000205,S,Marino,Simone,M,1999-08-01,2020-07-26,,MARINOSIMO,1,1,1,100,MRNSMN99M01H655J,S,26567,2,2,,,,,,,,,
100206,900000000000206,S,Greco,Francesca,F,2013-08-14,2023-09-23,,GRECOFRANC,1,1,1,100,GRCFNC13M54E522L,S,26568,3,3,,,,,,,,,
100207,900000000000207,S,Fontana,Alessandro,M,2005-10-09,2022-08-08,,FONTANAALE,1,1,1,100,FNTLSN05R09I425D,S,26629,1,4,,,,,,,,,
100208,900000000000208,S,Romano,Alessandro,M,1988-01-25,2020-04-18,,ROMANOALES,1,1,1,100,RMNLSN88A25F810K,S,25864,2,1,,,,,,,,,
100209,900000000000209,S,Rossi,Sara,F,1980-02-21,2023-10-07,,ROSSISARA,1,1,1,100,RSSSRA80B61A083V,S,26053,3,2,,,,,,,,,
100210,900000000000210,S,Ferrari,Stefano,M,1981-05-16,2022-11-06,,FERRARISTE,1,1,1,100,FRRSFN81E16D105V,S,25479,1,3,,,,,,,,,
100211,900000000000211,S,Costa,Sara,F,1962-06-17,2024-12-31,,COSTASARA,1,1,1,100,CSTSRA62H57H512F,S,25542,2,4,,,,,,,,,
100212,900000000000212,S,Marino,Nicolo,M,1954-08-22,2018-04-16,,MARINONICO,1,1,1,100,MRNNCL54M22G981M,S,25669,3,1,,,,,,,,,
100213,900000000000213,S,Bruno,Nicolo,M,1980-06-09,2019-07-23,,BRUNONICOL,1,1,1,100,BRNNCL80H09D577V,S,25798,1,2,,,,,,,,,
100214,900000000000214,S,Lombardi,Marta,F,2007-05-11,2022-04-18,,LOMBARDIMA,1,1,1,100,LMBMRT07E51E671B,S,25161,2,3,,,,,,,,,
100215,900000000000215,S,Greco,Alessandro,M,1989-10-10,2023-03-21,,GRECOALESS,1,1,1,100,GRCLSN89R10B441E,S,25223,3,4,,,,,,,,,
100216,900000000000216,S,Rizzo,Giulia,F,1942-06-11,2017-08-15,,RIZZOGIULI,1,1,1,100,RZZGLI42H51F904R,S,25350,1,1,,,,,,,,,
100217,900000000000217,S,Ferrari,Matteo,M,1976-03-27,2020-03-20,,FERRARIMAT,1,1,1,100,FRRMTT76C27C422Q,S,32073,2,2,,,,,,,,,
100218,900000000000218,S,Bianchi,Alessandro,M,1987-04-10,2023-06-02,,BIANCHIALE,1,1,1,100,BNCLSN87D10H610U,S,32202,3,3,,,,,,,,,
100219,900000000000219,S,Esposito,Giulia,F,1923-06-09,2020-05-24,,ESPOSITOGI,1,1,1,100,SPSGLI23H49D818P,S,32262,1,4,,,,,,,,,
100220,900000000000220,S,Bianchi,Paolo,M,1973-04-10,2023-05-15,,BIANCHIPAO,1,1,1,100,BNCPLA73D10H280L,S,32263,2,1,,,,,,,,,
100221,900000000000221,S,Ferrari,Sara,F,2022-09-19,2020-02-14,,FERRARISAR,1,1,1,100,FRRSRA22P59D794P,S,31558,3,2,,,,,,,,,
100222,900000000000222,S,Barbieri,Marco,M,1969-05-26,2020-10-27,,BARBIERIMA,1,1,1,100,BRBMRC69E26F148I,S,31622,1,3,,,,,,,,,
100223,900000000000223,S,Conti,Nicolo,M,1968-12-16,2023-04-22,,CONTINICOL,1,1,1,100,CNTNCL68T16L869A,S,31813,2,4,,,,,,,,,
100224,900000000000224,S,Romano,Federica,F,1932-06-15,2020-10-18,,ROMANOFEDE,1,1,1,100,RMNFRC32H55G080O,S,31113,3,1,,,,,,,,,
100225,900000000000225,S,Barbieri,Gabriele,M,1967-10-07,2022-09-04,,BARBIERIGA,1,1,1,100,BRBGRL67R07C412T,S,31173,1,2,,,,,,,,,
100226,900000000000226,S,Moretti,Anna,F,1995-02-10,2019-02-19,,MORETTIANN,1,1,1,100,MRTNNA95B50F009Z,S,58245,2,3,,,,,,,,,
100227,900000000000227,S,Fontana,Gabriele,M,1074-10-30,2021-01-23,,FONTANAGAB,1,1,1,100,FNTGRL74R30L949R,S,57736,3,4,,,,,,,,,
100228,900000000000228,S,Costa,Matteo,M,1943-08-24,2019-04-12,,COSTAMATTE,1,1,1,100,CSTMTT43M24A220O,S,57862,1,1,,,,,,,,,
100229,900000000000229,S,Costa,Elena,F,1927-11-30,2024-07-01,,COSTAELENA,1,1,1,100,CSTLNE27S70D717B,S,1668,2,2,,,,,,,,,
100230,900000000000230,S,Rizzo,Paolo,M,2009-08-13,2021-10-22,,RIZZOPAOLO,1,1,1,100,RZZPLA09M13C458X,S,1222,3,3,,,,,,,,,
100231,900000000000231,S,Marino,Federica,F,1958-02-17,2021-09-18,,MARINOFEDE,1,1,1,100,MRNFRC58B57A757O,S,900,1,4,,,,,,,,,
100232,900000000000232,S,Bruno,Marco,M,2010-09-06,2021-05-28,,BRUNOMARCO,1,1,1,100,BRNMRC10P06G095T,S,53254,2,1,,,,,,,,,
100233,900000000000233,S,Costa,Alessandro,M,1922-11-10,2018-05-17,,COSTAALESS,1,1,1,100,CSTLSN22S10G645S,S,31174,3,2,,,,,,,,,
100234,900000000000234,S,Ferrari,Francesca,F,1937-10-28,2024-01-19,,FERRARIFRA,1,1,1,100,FRRFNC37R68M178L,S,23690,1,3,,,,,,,,,
100235,900000000000235,S,Moretti,Nicolo,M,2019-11-03,2020-11-29,,MORETTINIC,1,1,1,100,MRTNCL19S03G489Q,S,22985,2,4,,,,,,,,,
100236,900000000000236,S,Bianchi,Francesca,F,1069-02-24,2021-07-02,,BIANCHIFRA,1,1,1,100,BNCFNC69B64M118E,S,22986,3,1,,,,,,,,,
100237,900000000000237,S,Rizzo,Davide,M,1986-10-05,2021-07-10,,RIZZODAVID,1,1,1,100,RZZDVD86R05C897F,S,23045,1,2,,,,,,,,,
100238,900000000000238,S,Rossi,Simone,M,1941-08-19,2020-10-08,,ROSSISIMON,1,1,1,100,RSSSMN41M19I418O,S,23108,2,3,,,,,,,,,
100239,900000000000239,S,Costa,Laura,F,2002-09-23,2023-07-23,,COSTALAURA,1,1,1,100,CSTLRA02P63B554V,S,23177,3,4,,,,,,,,,
100240,900000000000240,S,Fontana,Alessandro,M,1979-05-13,2018-02-02,,FONTANAALE,1,1,1,100,FNTLSN79E13H522W,S,23304,1,1,,,,,,,,,
100241,900000000000241,S,Gallo,Elena,F,2002-03-23,2019-11-18,,GALLOELENA,1,1,1,100,GLLLNE02C63L364H,S,22603,2,2,,,,,,,,,
100242,900000000000242,S,Costa,Andrea,M,1959-10-30,2018-07-01,,COSTAANDRE,1,1,1,100,CSTNDR59R30I592R,S,28165,3,3,,,,,,,,,
100243,900000000000243,S,Rossi,Marco,M,1987-07-25,2017-01-20,,ROSSIMARCO,1,1,1,100,RSSMRC87L25B574B,S,28229,1,4,,,,,,,,,
100244,900000000000244,S,Barbieri,Elena,F,1944-10-31,2021-06-18,,BARBIERIEL,1,1,1,100,BRBLNE44R71L297X,S,27587,2,1,,,,,,,,,
100245,900000000000245,S,Bianchi,Paolo,M,1946-09-01,2017-12-27,,BIANCHIPAO,1,1,1,100,BNCPLA46P01L554F,S,27910,3,2,,,,,,,,,
100246,900000000000246,S,Rizzo,Giulia,F,1957-05-19,2023-09-22,,RIZZOGIULI,1,1,1,100,RZZGLI57E59D470W,S,27911,1,3,,,,,,,,,
100247,900000000000247,S,Rizzo,Luca,M,1972-10-01,2017-07-10,,RIZZOLUCA,1,1,1,100,RZZLCU72R01D379U,S,27078,2,4,,,,,,,,,
100248,900000000000248,S,Gallo,Alessandro,M,1985-07-09,2021-06-25,,GALLOALESS,1,1,1,100,GLLLSN85L09H327P,S,27079,3,1,,,,,,,,,
100249,900000000000249,S,Rizzo,Sara,F,1999-12-09,2018-02-17,,RIZZOSARA,1,1,1,100,RZZSRA99T49C630T,S,27139,1,2,,,,,,,,,
100250,900000000000250,S,Esposito,Paolo,M,1982-10-21,2019-10-09,,ESPOSITOPA,1,1,1,100,SPSPLA82R21G560B,S,19206,2,3,,,,,,,,,
100251,900000000000251,S,Costa,Chiara,F,1967-10-06,2022-06-30,,COSTACHIAR,1,1,1,100,CSTCHR67R46I392O,S,19269,3,4,,,,,,,,,
100252,900000000000252,S,Conti,Giovanni,M,2001-04-01,2023-09-28,,CONTIGIOVA,1,1,1,100,CNTGNN01D01L157T,S,18692,1,1,,,,,,,,,
100253,900000000000253,S,Bruno,Paolo,M,1965-01-30,2021-04-21,,BRUNOPAOLO,1,1,1,100,BRNPLA65A30F662B,S,18120,2,2,,,,,,,,,
100254,900000000000254,S,Gallo,Valentina,F,1937-09-21,2020-02-06,,GALLOVALEN,1,1,1,100,GLLVNT37P61D107J,S,18182,3,3,,,,,,,,,
100255,900000000000255,S,Barbieri,Nicolo,M,1960-10-25,2020-04-17,,BARBIERINI,1,1,1,100,BRBNCL60R25B662I,S,18183,1,4,,,,,,,,,
100256,900000000000256,S,Bruno,Francesca,F,1958-03-19,2022-02-03,,BRUNOFRANC,1,1,1,100,BRNFNC58C59L026O,S,16518,2,1,,,,,,,,,
100257,900000000000257,S,Lombardi,Matteo,M,1969-05-08,2021-08-21,,LOMBARDIMA,1,1,1,100,LMBMTT69E08C500P,S,16583,3,2,,,,,,,,,
100258,900000000000258,S,Rizzo,Paolo,M,1991-03-02,2017-10-20,,RIZZOPAOLO,1,1,1,100,RZZPLA91C02F829L,S,18441,1,3,,,,,,,,,
100259,900000000000259,S,Lombardi,Anna,F,1993-07-27,2017-02-05,,LOMBARDIAN,1,1,1,100,LMBNNA93L67I008Y,S,18442,2,4,,,,,,,,,
100260,900000000000260,S,Esposito,Stefano,M,2002-10-08,2023-01-16,,ESPOSITOST,1,1,1,100,SPSSFN02R08I117Y,S,17735,3,1,,,,,,,,,
100261,900000000000261,S,Fontana,Marta,F,1969-11-11,2022-01-01,,FONTANAMAR,1,1,1,100,FNTMRT69S51A501I,S,17924,1,2,,,,,,,,,
100262,900000000000262,S,Gallo,Davide,M,1990-06-25,2023-10-08,,GALLODAVID,1,1,1,100,GLLDVD90H25A650S,S,20869,2,3,,,,,,,,,
100263,900000000000263,S,Costa,Marco,M,1934-07-23,2023-07-06,,COSTAMARCO,1,1,1,100,CSTMRC34L23M170R,S,20104,3,4,,,,,,,,,
100264,900000000000264,S,Ferrari,Anna,F,1931-12-29,2024-03-07,,FERRARIANN,1,1,1,100,FRRNNA31T69E490D,S,20105,1,1,,,,,,,,,
100265,900000000000265,S,Moretti,Davide,M,2006-04-17,2019-12-28,,MORETTIDAV,1,1,1,100,MRTDVD06D17A237T,S,20163,2,2,,,,,,,,,
100266,900000000000266,S,Marino,Sofia,F,2002-06-22,2018-05-21,,MARINOSOFI,1,1,1,100,MRNSFO02H62L584X,S,20358,3,3,,,,,,,,,
100267,900000000000267,S,Romano,Alessandro,M,1988-12-21,2020-02-10,,ROMANOALES,1,1,1,100,RMNLSN88T21L840L,S,19783,1,4,,,,,,,,,
100268,900000000000268,S,Bianchi,Gabriele,M,1999-05-05,2022-01-07,,BIANCHIGAB,1,1,1,100,BNCGRL99E05I040L,S,17542,2,1,,,,,,,,,
100269,900000000000269,S,Fontana,Valentina,F,1539-08-29,2018-11-08,,FONTANAVAL,1,1,1,100,FNTVNT39M69L706G,S,22665,3,2,,,,,,,,,
100270,900000000000270,S,Romano,Davide,M,2012-01-30,2019-03-15,,ROMANODAVI,1,1,1,100,RMNDVD12A30F033D,S,22728,1,3,,,,,,,,,
100271,900000000000271,S,Bruno,Chiara,F,1924-06-04,2023-10-18,,BRUNOCHIAR,1,1,1,100,BRNCHR24H44L781O,S,22920,2,4,,,,,,,,,
100272,900000000000272,S,Moretti,Andrea,M,1943-08-09,2022-09-09,,MORETTIAND,1,1,1,100,MRTNDR43M09C078G,S,22278,3,1,,,,,,,,,
100273,900000000000273,S,Barbieri,Gabriele,M,1988-10-30,2020-09-08,,BARBIERIGA,1,1,1,100,BRBGRL88R30I866X,S,54085,1,2,,,,,,,,,
100274,900000000000274,S,Fontana,Francesca,F,1956-07-23,2020-07-30,,FONTANAFRA,1,1,1,100,FNTFNC56L63D030R,S,22340,2,3,,,,,,,,,
100275,900000000000275,S,Esposito,Simone,M,1600-03-05,2023-07-25,,ESPOSITOSI,1,1,1,100,SPSSMN00C05E684W,S,22408,3,4,,,,,,,,,
100276,900000000000276,S,Bruno,Sara,F,2006-11-04,2018-02-23,,BRUNOSARA,1,1,1,100,BRNSRA06S44B213M,S,22468,1,1,,,,,,,,,
100277,900000000000277,S,Bianchi,Marco,M,1989-02-28,2020-10-26,,BIANCHIMAR,1,1,1,100,BNCMRC89B28I594C,S,21834,2,2,,,,,,,,,
100278,900000000000278,S,Conti,Stefano,M,1952-05-09,2021-09-09,,CONTISTEFA,1,1,1,100,CNTSFN52E09F218V,S,21899,3,3,,,,,,,,,
100279,900000000000279,S,Esposito,Sara,F,1999-07-02,2022-08-21,,ESPOSITOSA,1,1,1,100,SPSSRA99L42I927L,S,21900,1,4,,,,,,,,,
100280,900000000000280,S,Rizzo,Marco,M,1957-10-19,2020-12-15,,RIZZOMARCO,1,1,1,100,RZZMRC57R19B402B,S,21958,2,1,,,,,,,,,
100281,900000000000281,S,Greco,Laura,F,1969-09-21,2023-12-03,,GRECOLAURA,1,1,1,100,GRCLRA69P61C815L,S,22021,3,2,,,,,,,,,
100282,900000000000282,S,Moretti,Alessandro,M,1926-06-13,2017-08-25,,MORETTIALE,1,1,1,100,MRTLSN26H13D040Z,S,21318,1,3,,,,,,,,,
100283,900000000000283,S,Moretti,Marco,M,1983-07-03,2023-05-23,,MORETTIMAR,1,1,1,100,MRTMRC83L03A296V,S,21383,2,4,,,,,,,,,
100284,900000000000284,S,Gallo,Valentina,F,1967-09-02,2023-11-19,,GALLOVALEN,1,1,1,100,GLLVNT67P42B744J,S,20933,3,1,,,,,,,,,
100285,900000000000285,S,Romano,Giovanni,M,1944-09-08,2021-09-17,,ROMANOGIOV,1,1,1,100,RMNGNN44P08E358O,S,21128,1,2,,,,,,,,,
100286,900000000000286,S,Gallo,Elena,F,1992-05-10,2019-03-10,,GALLOELENA,1,1,1,100,GLLLNE92E50M189V,S,21129,2,3,,,,,,,,,
100287,900000000000287,S,Bruno,Alessandro,M,1937-06-20,2019-11-03,,BRUNOALESS,1,1,1,100,BRNLSN37H20B070D,S,21193,3,4,,,,,,,,,
100288,900000000000288,S,Costa,Gabriele,M,1978-07-13,2017-07-22,,COSTAGABRI,1,1,1,100,CSTGRL78L13F269N,S,21195,1,1,,,,,,,,,
100289,900000000000289,S,Marino,Martina,F,2007-06-21,2023-03-15,,MARINOMART,1,1,1,100,MRNMTN07H61C111U,S,21253,2,2,,,,,,,,,
100290,900000000000290,S,Ferrari,Gabriele,M,1983-11-18,2020-07-04,,FERRARIGAB,1,1,1,100,FRRGRL83S18G963T,S,17670,3,3,,,,,,,,,
100291,900000000000291,S,Rizzo,Marta,F,1991-03-18,2020-11-24,,RIZZOMARTA,1,1,1,100,RZZMRT91C58D942A,S,17671,1,4,,,,,,,,,
100292,900000000000292,S,Bruno,Gabriele,M,2012-06-15,2019-06-22,,BRUNOGABRI,1,1,1,100,BRNGRL12H15E864N,S,17033,2,1,,,,,,,,,
100293,900000000000293,S,Barbieri,Gabriele,M,1963-06-16,2022-03-09,,BARBIERIGA,1,1,1,100,BRBGRL63H16B835T,S,17093,3,2,,,,,,,,,
100294,900000000000294,S,Fontana,Marta,F,1979-01-30,2024-04-15,,FONTANAMAR,1,1,1,100,FNTMRT79A70F229T,S,16452,1,3,,,,,,,,,
100295,900000000000295,S,Rizzo,Andrea,M,1955-01-18,2021-02-14,,RIZZOANDRE,1,1,1,100,RZZNDR55A18L710I,S,24197,2,4,,,,,,,,,
100296,900000000000296,S,Conti,Anna,F,1932-04-20,2017-01-25,,CONTIANNA,1,1,1,100,CNTNNA32D60D740G,S,24263,3,1,,,,,,,,,
100297,900000000000297,S,Fontana,Alessandro,M,1926-09-24,2020-06-09,,FONTANAALE,1,1,1,100,FNTLSN26P24I673R,S,20038,1,2,,,,,,,,,
100298,900000000000298,S,Moretti,Paolo,M,1979-05-27,2017-10-25,,MORETTIPAO,1,1,1,100,MRTPLA79E27I088H,S,18951,2,3,,,,,,,,,
100299,900000000000299,S,Lombardi,Francesca,F,1981-02-21,2022-11-15,,LOMBARDIFR,1,1,1,100,LMBFNC81B61A266X,S,19013,3,4,,,,,,,,,
100300,900000000000300,S,Costa,Simone,M,1928-08-11,2017-03-11,,COSTASIMON,1,1,1,100,CSTSMN28M11H134D,S,16647,1,1,,,,,,,,,
100301,900000000000301,S,Romano,Anna,F,2001-09-15,2022-04-07,,ROMANOANNA,1,1,1,100,RMNNNA01P55L985O,S,16838,2,2,,,,,,,,,
100302,900000000000302,S,Romano,Paolo,M,1977-07-29,2017-06-06,,ROMANOPAOL,1,1,1,100,RMNPLA77L29A954K,S,16007,3,3,,,,,,,,,
100303,900000000000303,S,Fontana,Stefano,M,1993-08-01,2021-06-13,,FONTANASTE,1,1,1,100,FNTSFN93M01C388B,S,16135,1,4,,,,,,,,,
100304,900000000000304,S,Ferrari,Laura,F,1953-09-12,2021-02-12,,FERRARILAU,1,1,1,100,FRRLRA53P52I292T,S,16264,2,1,,,,,,,,,
100305,900000000000305,S,Esposito,Andrea,M,2008-04-19,2018-01-06,,ESPOSITOAN,1,1,1,100,SPSNDR08D19L979D,S,16265,3,2,,,,,,,,,
100306,900000000000306,S,Esposito,Giulia,F,1957-10-20,2017-11-04,,ESPOSITOGI,1,1,1,100,SPSGLI57R60C614E,S,13125,1,3,,,,,,,,,
100307,900000000000307,S,Conti,Marco,M,1938-04-27,2023-12-03,,CONTIMARCO,1,1,1,100,CNTMRC38D27D879K,S,13191,2,4,,,,,,,,,
100308,900000000000308,S,Moretti,Andrea,M,1983-06-30,2022-07-05,,MORETTIAND,1,1,1,100,MRTNDR83H30A568Q,S,13257,3,1,,,,,,,,,
100309,900000000000309,S,Marino,Francesca,F,1963-11-02,2018-09-10,,MARINOFRAN,1,1,1,100,MRNFNC63S42F999Z,S,13384,1,2,,,,,,,,,
100310,900000000000310,S,Lombardi,Matteo,M,1964-04-19,2020-11-17,,LOMBARDIMA,1,1,1,100,LMBMTT64D19C848N,S,13445,2,3,,,,,,,,,
100311,900000000000311,S,Lombardi,Elena,F,1964-01-14,2020-09-26,,LOMBARDIEL,1,1,1,100,LMBLNE64A54E146C,S,13511,3,4,,,,,,,,,
100312,900000000000312,S,Romano,Simone,M,1977-05-07,2018-05-25,,ROMANOSIMO,1,1,1,100,RMNSMN77E07I103H,S,15560,1,1,,,,,,,,,
100313,900000000000313,S,Bruno,Nicolo,M,1958-06-30,2021-07-27,,BRUNONICOL,1,1,1,100,BRNNCL58H30A465H,S,15685,2,2,,,,,,,,,
100314,900000000000314,S,Romano,Valentina,F,1985-05-17,2020-10-27,,ROMANOVALE,1,1,1,100,RMNVNT85E57G693N,S,15686,3,3,,,,,,,,,
100315,900000000000315,S,Conti,Matteo,M,1924-08-03,2021-12-23,,CONTIMATTE,1,1,1,100,CNTMTT24M03H608V,S,15179,1,4,,,,,,,,,
100316,900000000000316,S,Lombardi,Marta,F,1984-08-26,2020-09-24,,LOMBARDIMA,1,1,1,100,LMBMRT84M66D915D,S,15237,2,1,,,,,,,,,
100317,900000000000317,S,Barbieri,Andrea,M,1923-01-21,2024-10-12,,BARBIERIAN,1,1,1,100,BRBNDR23A21H523V,S,15238,3,2,,,,,,,,,
100318,900000000000318,S,Moretti,Giovanni,M,1964-07-17,2022-08-12,,MORETTIGIO,1,1,1,100,MRTGNN64L17E940K,S,15302,1,3,,,,,,,,,
100319,900000000000319,S,Fontana,Sofia,F,1980-10-15,2024-01-02,,FONTANASOF,1,1,1,100,FNTSFO80R55L899U,S,15303,2,4,,,,,,,,,
100320,900000000000320,S,Esposito,Stefano,M,1988-10-22,2017-05-13,,ESPOSITOST,1,1,1,100,SPSSFN88R22L349X,S,15304,3,1,,,,,,,,,
100321,900000000000321,S,Lombardi,Federica,F,1979-12-08,2018-09-25,,LOMBARDIFE,1,1,1,100,LMBFRC79T48D325A,S,15366,1,2,,,,,,,,,
100322,900000000000322,S,Lombardi,Gabriele,M,1997-11-19,2019-11-06,,LOMBARDIGA,1,1,1,100,LMBGRL97S19G525K,S,15426,2,3,,,,,,,,,
100323,900000000000323,S,Rizzo,Paolo,M,1947-05-14,2022-08-04,,RIZZOPAOLO,1,1,1,100,RZZPLA47E14H924L,S,15493,3,4,,,,,,,,,
100324,900000000000324,S,Lombardi,Martina,F,1983-09-15,2021-01-15,,LOMBARDIMA,1,1,1,100,LMBMTN83P55A539Q,S,15494,1,1,,,,,,,,,
100325,900000000000325,S,Costa,Giovanni,M,1928-09-27,2021-12-08,,COSTAGIOVA,1,1,1,100,CSTGNN28P27L912S,S,14791,2,2,,,,,,,,,
100326,900000000000326,S,Fontana,Sofia,F,2006-01-20,2019-08-29,,FONTANASOF,1,1,1,100,FNTSFO06A60A154S,S,14919,3,3,,,,,,,,,
100327,900000000000327,S,Fontana,Davide,M,1938-04-24,2020-12-10,,FONTANADAV,1,1,1,100,FNTDVD38D24L100K,S,14981,1,4,,,,,,,,,
100328,900000000000328,S,Bruno,Davide,M,1997-01-04,2024-04-14,,BRUNODAVID,1,1,1,100,BRNDVD97A04C638O,S,15048,2,1,,,,,,,,,
100329,900000000000329,S,Gallo,Laura,F,1965-06-27,2018-12-01,,GALLOLAURA,1,1,1,100,GLLLRA65H67B563C,S,14342,3,2,,,,,,,,,
100330,900000000000330,S,Moretti,Paolo,M,1961-12-07,2022-03-27,,MORETTIPAO,1,1,1,100,MRTPLA61T07G945O,S,14406,1,3,,,,,,,,,
100331,900000000000331,S,Greco,Federica,F,2006-01-26,2019-09-28,,GRECOFEDER,1,1,1,100,GRCFRC06A66G944J,S,14474,2,4,,,,,,,,,
100332,900000000000332,S,Lombardi,Andrea,M,1945-09-09,2023-12-05,,LOMBARDIAN,1,1,1,100,LMBNDR45P09D854G,S,14533,3,1,,,,,,,,,
100333,900000000000333,S,Ferrari,Matteo,M,1974-07-19,2021-01-17,,FERRARIMAT,1,1,1,100,FRRMTT74L19F161T,S,14597,1,2,,,,,,,,,
100334,900000000000334,S,Gallo,Laura,F,1954-11-12,2017-01-04,,GALLOLAURA,1,1,1,100,GLLLRA54S52B795K,S,14660,2,3,,,,,,,,,
100335,900000000000335,S,Barbieri,Matteo,M,1966-06-14,2023-01-12,,BARBIERIMA,1,1,1,100,BRBMTT66H14G297Y,S,14089,3,4,,,,,,,,,
100336,900000000000336,S,Rossi,Federica,F,1988-05-03,2022-01-09,,ROSSIFEDER,1,1,1,100,RSSFRC88E43L856F,S,14090,1,1,,,,,,,,,
100337,900000000000337,S,Bianchi,Luca,M,1982-03-28,2017-09-08,,BIANCHILUC,1,1,1,100,BNCLCU82C28C498M,S,14149,2,2,,,,,,,,,
100338,900000000000338,S,Barbieri,Davide,M,1963-02-07,2019-08-31,,BARBIERIDA,1,1,1,100,BRBDVD63B07D136H,S,1159,3,3,,,,,,,,,
100339,900000000000339,S,Bruno,Anna,F,1975-05-17,2023-07-05,,BRUNOANNA,1,1,1,100,BRNNNA75E57I353I,S,709,1,4,,,,,,,,,
100340,900000000000340,S,Bianchi,Marco,M,2017-01-23,2018-09-20,,BIANCHIMAR,1,1,1,100,BNCMRC17A23L988V,S,59781,2,1,,,,,,,,,
100341,900000000000341,S,Conti,Martina,F,2008-01-18,2018-03-04,,CONTIMARTI,1,1,1,100,CNTMTN08A58A574A,S,58438,3,2,,,,,,,,,
100342,900000000000342,S,Rizzo,Paolo,M,2006-02-05,2019-03-30,,RIZZOPAOLO,1,1,1,100,RZZPLA06B05H573Y,S,58694,1,3,,,,,,,,,
100343,900000000000343,S,Greco,Alessandro,M,1997-03-21,2018-10-01,,GRECOALESS,1,1,1,100,GRCLSN97C21G846U,S,14150,2,4,,,,,,,,,
100344,900000000000344,S,Conti,Sofia,F,1986-03-25,2020-02-10,,CONTISOFIA,1,1,1,100,CNTSFO86C65D654U,S,14213,3,1,,,,,,,,,
100345,900000000000345,S,Esposito,Nicolo,M,1997-04-02,2020-08-06,,ESPOSITONI,1,1,1,100,SPSNCL97D02I275U,S,14214,1,2,,,,,,,,,
100346,900000000000346,S,Greco,Giulia,F,1959-02-12,2017-10-08,,GRECOGIULI,1,1,1,100,GRCGLI59B52A302Q,S,14280,2,3,,,,,,,,,
100347,900000000000347,S,Moretti,Stefano,M,1952-08-20,2019-02-18,,MORETTISTE,1,1,1,100,MRTSFN52M20A906A,S,13573,3,4,,,,,,,,,
100348,900000000000348,S,Greco,Stefano,M,1948-01-16,2023-05-25,,GRECOSTEFA,1,1,1,100,GRCSFN48A16I850Y,S,13704,1,1,,,,,,,,,
100349,900000000000349,S,Fontana,Sofia,F,2004-06-27,2017-05-22,,FONTANASOF,1,1,1,100,FNTSFO04H67L407N,S,13769,2,2,,,,,,,,,
100350,900000000000350,S,Moretti,Marco,M,1922-04-22,2021-06-12,,MORETTIMAR,1,1,1,100,MRTMRC22D22G169T,S,12295,3,3,,,,,,,,,
100351,900000000000351,S,Bianchi,Chiara,F,2023-09-10,2019-06-12,,BIANCHICHI,1,1,1,100,BNCCHR23P50F012M,S,12296,1,4,,,,,,,,,
100352,900000000000352,S,Bruno,Paolo,M,2020-02-03,2022-01-17,,BRUNOPAOLO,1,1,1,100,BRNPLA20B03C743O,S,12423,2,1,,,,,,,,,
100353,900000000000353,S,Conti,Luca,M,1990-10-18,2024-08-08,,CONTILUCA,1,1,1,100,CNTLCU90R18A001G,S,12486,3,2,,,,,,,,,
100354,900000000000354,S,Fontana,Laura,F,1926-12-01,2021-08-31,,FONTANALAU,1,1,1,100,FNTLRA26T41D750T,S,7050,1,3,,,,,,,,,
100355,900000000000355,S,Greco,Paolo,M,1999-11-30,2023-03-13,,GRECOPAOLO,1,1,1,100,GRCPLA99S30A467G,S,7111,2,4,,,,,,,,,
100356,900000000000356,S,Ferrari,Marta,F,2006-09-26,2017-08-06,,FERRARIMAR,1,1,1,100,FRRMRT06P66L805P,S,7173,3,1,,,,,,,,,
100357,900000000000357,S,Esposito,Davide,M,1962-06-04,2019-04-17,,ESPOSITODA,1,1,1,100,SPSDVD62H04D741P,S,7240,1,2,,,,,,,,,
100358,900000000000358,S,Barbieri,Nicolo,M,2017-03-06,2020-08-09,,BARBIERINI,1,1,1,100,BRBNCL17C06G923H,S,7300,2,3,,,,,,,,,
100359,900000000000359,S,Esposito,Marta,F,1940-08-22,2022-01-10,,ESPOSITOMA,1,1,1,100,SPSMRT40M62I105N,S,7366,3,4,,,,,,,,,
100360,900000000000360,S,Ferrari,Stefano,M,1992-08-04,2023-02-20,,FERRARISTE,1,1,1,100,FRRSFN92M04L934C,S,7367,1,1,,,,,,,,,
100361,900000000000361,S,Barbieri,Anna,F,1943-04-19,2021-09-27,,BARBIERIAN,1,1,1,100,BRBNNA43D59B432M,S,7368,2,2,,,,,,,,,
100362,900000000000362,S,Costa,Davide,M,2010-12-24,2018-06-13,,COSTADAVID,1,1,1,100,CSTDVD10T24A059D,S,6598,3,3,,,,,,,,,
100363,900000000000363,S,Ferrari,Davide,M,1947-06-19,2022-05-18,,FERRARIDAV,1,1,1,100,FRRDVD47H19H706O,S,6665,1,4,,,,,,,,,
100364,900000000000364,S,Romano,Martina,F,1513-04-07,2019-03-25,,ROMANOMART,1,1,1,100,RMNMTN13D47A377R,S,6791,2,1,,,,,,,,,
100365,900000000000365,S,Lombardi,Matteo,M,1953-05-21,2020-09-12,,LOMBARDIMA,1,1,1,100,LMBMTT53E21G534P,S,6792,3,2,,,,,,,,,
100366,900000000000366,S,Ferrari,Chiara,F,1945-10-21,2017-06-04,,FERRARICHI,1,1,1,100,FRRCHR45R61C225X,S,5254,1,3,,,,,,,,,
100367,900000000000367,S,Barbieri,Davide,M,1977-10-31,2017-12-24,,BARBIERIDA,1,1,1,100,BRBDVD77R31G229L,S,5255,2,4,,,,,,,,,
100368,900000000000368,S,Conti,Stefano,M,1980-05-24,2017-02-27,,CONTISTEFA,1,1,1,100,CNTSFN80E24H540V,S,6282,3,1,,,,,,,,,
100369,900000000000369,S,Ferrari,Martina,F,1941-09-10,2020-03-26,,FERRARIMAR,1,1,1,100,FRRMTN41P50D420R,S,6344,1,2,,,,,,,,,
100370,900000000000370,S,Greco,Paolo,M,1958-01-10,2022-06-18,,GRECOPAOLO,1,1,1,100,GRCPLA58A10H238W,S,6345,2,3,,,,,,,,,
100371,900000000000371,S,Barbieri,Sara,F,1973-11-16,2023-09-20,,BARBIERISA,1,1,1,100,BRBSRA73S56E373F,S,6405,3,4,,,,,,,,,
100372,900000000000372,S,Romano,Nicolo,M,1957-03-08,2018-07-07,,ROMANONICO,1,1,1,100,RMNNCL57C08F095U,S,6531,1,1,,,,,,,,,
100373,900000000000373,S,Greco,Gabriele,M,1952-09-09,2021-06-30,,GRECOGABRI,1,1,1,100,GRCGRL52P09D193E,S,5895,2,2,,,,,,,,,
100374,900000000000374,S,Moretti,Elena,F,1152-05-18,2018-09-29,,MORETTIELE,1,1,1,100,MRTLNE52E58M163J,S,5961,3,3,,,,,,,,,
100375,900000000000375,S,Greco,Giovanni,M,1977-02-04,2018-07-19,,GRECOGIOVA,1,1,1,100,GRCGNN77B04C943M,S,6022,1,4,,,,,,,,,
100376,900000000000376,S,Fontana,Laura,F,1988-04-03,2020-10-11,,FONTANALAU,1,1,1,100,FNTLRA88D43D776B,S,8774,2,1,,,,,,,,,
100377,900000000000377,S,Costa,Matteo,M,1997-04-08,2019-03-22,,COSTAMATTE,1,1,1,100,CSTMTT97D08H829P,S,8841,3,2,,,,,,,,,
100378,900000000000378,S,Bruno,Giovanni,M,2020-12-03,2018-10-25,,BRUNOGIOVA,1,1,1,100,BRNGNN20T03C119F,S,8965,1,3,,,,,,,,,
100379,900000000000379,S,Gallo,Laura,F,1938-01-04,2021-08-07,,GALLOLAURA,1,1,1,100,GLLLRA38A44F486A,S,9225,2,4,,,,,,,,,
100380,900000000000380,S,Moretti,Simone,M,1985-05-14,2018-03-10,,MORETTISIM,1,1,1,100,MRTSMN85E14C824P,S,9286,3,1,,,,,,,,,
100381,900000000000381,S,Costa,Elena,F,1959-04-08,2023-01-06,,COSTAELENA,1,1,1,100,CSTLNE59D48L396A,S,5579,1,2,,,,,,,,,
100382,900000000000382,S,Gallo,Alessandro,M,1993-04-08,2023-12-20,,GALLOALESS,1,1,1,100,GLLLSN93D08B564H,S,5764,2,3,,,,,,,,,
100383,900000000000383,S,Moretti,Andrea,M,1964-10-16,2023-05-11,,MORETTIAND,1,1,1,100,MRTNDR64R16F918M,S,5192,3,4,,,,,,,,,
100384,900000000000384,S,Moretti,Valentina,F,1955-09-02,2024-07-16,,MORETTIVAL,1,1,1,100,MRTVNT55P42E848M,S,13001,1,1,,,,,,,,,
100385,900000000000385,S,Esposito,Giovanni,M,2002-10-23,2022-09-25,,ESPOSITOGI,1,1,1,100,SPSGNN02R23L014T,S,4878,2,2,,,,,,,,,
100386,900000000000386,S,Costa,Laura,F,1929-04-17,2019-03-05,,COSTALAURA,1,1,1,100,CSTLRA29D57B844I,S,60037,3,3,,,,,,,,,
100387,900000000000387,S,Fontana,Giovanni,M,1934-02-16,2024-10-27,,FONTANAGIO,1,1,1,100,FNTGNN34B16H214R,S,59591,1,4,,,,,,,,,
100388,900000000000388,S,Romano,Andrea,M,1947-10-12,2024-01-31,,ROMANOANDR,1,1,1,100,RMNNDR47R12L085V,S,6406,2,1,,,,,,,,,
100389,900000000000389,S,Gallo,Marta,F,1938-12-31,2024-03-31,,GALLOMARTA,1,1,1,100,GLLMRT38T71L132F,S,6407,3,2,,,,,,,,,
100390,900000000000390,S,Moretti,Davide,M,1984-09-07,2021-12-04,,MORETTIDAV,1,1,1,100,MRTDVD84P07F962A,S,6470,1,3,,,,,,,,,
100391,900000000000391,S,Lombardi,Martina,F,1975-03-15,2020-08-13,,LOMBARDIMA,1,1,1,100,LMBMTN75C55B877H,S,6530,2,4,,,,,,,,,
100392,900000000000392,S,Ferrari,Matteo,M,1689-11-22,2022-05-23,,FERRARIMAT,1,1,1,100,FRRMTT89S22B709F,S,4933,3,1,,,,,,,,,
100393,900000000000393,S,Rizzo,Matteo,M,1970-11-27,2020-06-03,,RIZZOMATTE,1,1,1,100,RZZMTT70S27L952T,S,2757,1,2,,,,,,,,,
100394,900000000000394,S,Romano,Martina,F,1362-05-02,2017-09-20,,ROMANOMART,1,1,1,100,RMNMTN62E42G694B,S,2183,2,3,,,,,,,,,
100395,900000000000395,S,Gallo,Nicolo,M,1191-01-03,2018-09-02,,GALLONICOL,1,1,1,100,GLLNCL91A03D530G,S,2310,3,4,,,,,,,,,
100396,900000000000396,S,Ferrari,Federica,F,1992-06-20,2024-12-04,,FERRARIFED,1,1,1,100,FRRFRC92H60E354S,S,7814,1,1,,,,,,,,,
100397,900000000000397,S,Gallo,Paolo,M,1929-11-24,2019-01-31,,GALLOPAOLO,1,1,1,100,GLLPLA29S24B196U,S,7878,2,2,,,,,,,,,
100398,900000000000398,S,Moretti,Matteo,M,1928-07-28,2018-09-04,,MORETTIMAT,1,1,1,100,MRTMTT28L28M401G,S,60673,3,3,,,,,,,,,
100399,900000000000399,S,Bianchi,Giulia,F,2009-02-20,2019-12-14,,BIANCHIGIU,1,1,1,100,BNCGLI09B60M402Y,S,60674,1,4,,,,,,,,,
100400,900000000000400,S,Greco,Stefano,M,1978-06-25,2020-04-25,,GRECOSTEFA,1,1,1,100,GRCSFN78H25I373X,S,60490,2,1,,,,,,,,,
100401,900000000000401,S,Greco,Anna,F,1977-03-04,2022-08-08,,GRECOANNA,1,1,1,100,GRCNNA77C44I107N,S,60491,3,2,,,,,,,,,
100402,900000000000402,S,Greco,Nicolo,M,1951-05-03,2023-12-10,,GRECONICOL,1,1,1,100,GRCNCL51E03M384R,S,60519,1,3,,,,,,,,,
100403,900000000000403,S,Moretti,Marco,M,1934-05-30,2022-05-26,,MORETTIMAR,1,1,1,100,MRTMRC34E30M421G,S,60713,2,4,,,,,,,,,
100404,900000000000404,S,Barbieri,Sara,F,1929-07-13,2022-01-10,,BARBIERISA,1,1,1,100,BRBSRA29L53M422G,S,60714,3,1,,,,,,,,,
100405,900000000000405,S,Moretti,Giovanni,M,1965-10-30,2021-04-22,,MORETTIGIO,1,1,1,100,MRTGNN65R30M423C,S,60715,1,2,,,,,,,,,
100406,900000000000406,S,Romano,Chiara,F,1932-08-21,2023-07-06,,ROMANOCHIA,1,1,1,100,RMNCHR32M61F861S,S,60716,2,3,,,,,,,,,
100407,900000000000407,S,Lombardi,Giovanni,M,1949-06-27,2021-07-03,,LOMBARDIGI,1,1,1,100,LMBGNN49H27M426O,S,60719,3,4,,,,,,,,,
100408,900000000000408,S,Bianchi,Simone,M,2012-01-25,2017-02-26,,BIANCHISIM,1,1,1,100,BNCSMN12A25M427B,S,60720,1,1,,,,,,,,,
100409,900000000000409,S,Ferrari,Elena,F,1952-08-07,2018-05-06,,FERRARIELE,1,1,1,100,FRRLNE52M47M437M,S,60884,2,2,,,,,,,,,
100410,900000000000410,S,Marino,Luca,M,1964-04-21,2019-07-12,,MARINOLUCA,1,1,1,100,MRNLCU64D21M436E,S,60887,3,3,,,,,,,,,
100411,900000000000411,S,Rizzo,Giulia,F,1981-10-01,2022-09-26,,RIZZOGIULI,1,1,1,100,RZZGLI81R41M438P,S,60890,1,4,,,,,,,,,
100412,900000000000412,S,Rizzo,Paolo,M,1973-01-05,2021-10-16,,RIZZOPAOLO,1,1,1,100,RZZPLA73A05M439R,S,60901,2,1,,,,,,,,,
100413,900000000000413,S,Romano,Matteo,M,1985-04-08,2021-10-08,,ROMANOMATT,1,1,1,100,RMNMTT85D08I242L,S,518,3,2,,,,,,,,,
100414,900000000000414,S,Esposito,Elena,F,1277-12-09,2020-09-24,,ESPOSITOEL,1,1,1,100,SPSLNE77T49E008Z,S,647,1,3,,,,,,,,,
100415,900000000000415,S,Ferrari,Nicolo,M,1706-11-12,2024-07-06,,FERRARINIC,1,1,1,100,FRRNCL06S12E912M,S,59977,2,4,,,,,,,,,
100416,900000000000416,S,Bruno,Valentina,F,1994-06-29,2022-12-22,,BRUNOVALEN,1,1,1,100,BRNVNT94H69L359E,S,59465,3,1,,,,,,,,,
100417,900000000000417,S,Costa,Paolo,M,1970-12-20,2024-02-25,,COSTAPAOLO,1,1,1,100,CSTPLA70T20C938Z,S,49414,1,2,,,,,,,,,
100418,900000000000418,S,Fontana,Matteo,M,1960-11-02,2020-12-04,,FONTANAMAT,1,1,1,100,FNTMTT60S02G167J,S,49415,2,3,,,,,,,,,
100419,900000000000419,S,Conti,Anna,F,1933-04-08,2019-09-23,,CONTIANNA,1,1,1,100,CNTNNA33D48B912R,S,49474,3,4,,,,,,,,,
100420,900000000000420,S,Rizzo,Marco,M,1980-11-11,2022-09-07,,RIZZOMARCO,1,1,1,100,RZZMRC80S11F994J,S,49475,1,1,,,,,,,,,
100421,900000000000421,S,Marino,Sara,F,1976-10-29,2018-04-01,,MARINOSARA,1,1,1,100,MRNSRA76R69A400I,S,49542,2,2,,,,,,,,,
100422,900000000000422,S,Barbieri,Matteo,M,2002-07-21,2024-04-20,,BARBIERIMA,1,1,1,100,BRBMTT02L21H781V,S,49608,3,3,,,,,,,,,
100423,900000000000423,S,Lombardi,Luca,M,1979-04-28,2023-11-18,,LOMBARDILU,1,1,1,100,LMBLCU79D28A444L,S,49733,1,4,,,,,,,,,
100424,900000000000424,S,Moretti,Chiara,F,1988-01-29,2024-10-15,,MORETTICHI,1,1,1,100,MRTCHR88A69G587K,S,49734,2,1,,,,,,,,,
100425,900000000000425,S,Conti,Andrea,M,1987-11-24,2022-07-24,,CONTIANDRE,1,1,1,100,CNTNDR87S24I799G,S,49028,3,2,,,,,,,,,
100426,900000000000426,S,Gallo,Laura,F,1928-02-11,2018-06-26,,GALLOLAURA,1,1,1,100,GLLLRA28B51C383Z,S,49098,1,3,,,,,,,,,
100427,900000000000427,S,Rizzo,Giovanni,M,1983-12-19,2017-02-20,,RIZZOGIOVA,1,1,1,100,RZZGNN83T19H606Z,S,49226,2,4,,,,,,,,,
100428,900000000000428,S,Romano,Luca,M,1992-10-17,2020-09-04,,ROMANOLUCA,1,1,1,100,RMNLCU92R17D549W,S,49288,3,1,,,,,,,,,
100429,900000000000429,S,Lombardi,Valentina,F,1974-11-10,2020-01-02,,LOMBARDIVA,1,1,1,100,LMBVNT74S50H253H,S,49289,1,2,,,,,,,,,
100430,900000000000430,S,Fontana,Luca,M,1963-03-15,2020-05-21,,FONTANALUC,1,1,1,100,FNTLCU63C15L810A,S,48838,2,3,,,,,,,,,
100431,900000000000431,S,Bruno,Sofia,F,1961-03-06,2018-07-24,,BRUNOSOFIA,1,1,1,100,BRNSFO61C46M171W,S,48905,3,4,,,,,,,,,
100432,900000000000432,S,Lombardi,Giovanni,M,1925-12-04,2023-09-10,,LOMBARDIGI,1,1,1,100,LMBGNN25T04C670X,S,48260,1,1,,,,,,,,,
100433,900000000000433,S,Greco,Stefano,M,1948-07-30,2022-11-04,,GRECOSTEFA,1,1,1,100,GRCSFN48L30I908A,S,9414,2,2,,,,,,,,,
100434,900000000000434,S,Ferrari,Francesca,F,1984-05-24,2018-12-10,,FERRARIFRA,1,1,1,100,FRRFNC84E64F442F,S,60297,3,3,,,,,,,,,
100435,900000000000435,S,Romano,Giovanni,M,2004-07-04,2020-12-07,,ROMANOGIOV,1,1,1,100,RMNGNN04L04F675J,S,1096,1,4,,,,,,,,,
100436,900000000000436,S,Rizzo,Laura,F,1948-11-18,2022-08-31,,RIZZOLAURA,1,1,1,100,RZZLRA48S58I124H,S,58503,2,1,,,,,,,,,
100437,900000000000437,S,Esposito,Giovanni,M,2003-09-25,2021-09-10,,ESPOSITOGI,1,1,1,100,SPSGNN03P25A206E,S,51971,3,2,,,,,,,,,
100438,900000000000438,S,Ferrari,Simone,M,1953-04-13,2019-06-09,,FERRARISIM,1,1,1,100,FRRSMN53D13F514V,S,52168,1,3,,,,,,,,,
100439,900000000000439,S,Greco,Anna,F,1928-03-09,2022-09-11,,GRECOANNA,1,1,1,100,GRCNNA28C49I965F,S,52358,2,4,,,,,,,,,
100440,900000000000440,S,Lombardi,Gabriele,M,1992-08-13,2018-03-17,,LOMBARDIGA,1,1,1,100,LMBGRL92M13D788L,S,51718,3,1,,,,,,,,,
100441,900000000000441,S,Lombardi,Sara,F,1970-09-25,2018-08-18,,LOMBARDISA,1,1,1,100,LMBSRA70P65C812D,S,55367,1,2,,,,,,,,,
100442,900000000000442,S,Rossi,Alessandro,M,1997-11-12,2022-02-19,,ROSSIALESS,1,1,1,100,RSSLSN97S12A075S,S,55430,2,3,,,,,,,,,
100443,900000000000443,S,Costa,Stefano,M,1974-05-16,2017-03-27,,COSTASTEFA,1,1,1,100,CSTSFN74E16A374N,S,54918,3,4,,,,,,,,,
100444,900000000000444,S,Lombardi,Federica,F,1995-03-10,2018-10-02,,LOMBARDIFE,1,1,1,100,LMBFRC95C50B349O,S,54981,1,1,,,,,,,,,
100445,900000000000445,S,Lombardi,Nicolo,M,2001-04-19,2018-11-14,,LOMBARDINI,1,1,1,100,LMBNCL01D19L040F,S,54408,2,2,,,,,,,,,
100446,900000000000446,S,Rizzo,Sara,F,1960-09-24,2019-03-08,,RIZZOSARA,1,1,1,100,RZZSRA60P64H938Y,S,52999,3,3,,,,,,,,,
100447,900000000000447,S,Esposito,Davide,M,2016-03-17,2022-06-22,,ESPOSITODA,1,1,1,100,SPSDVD16C17C872J,S,53060,1,4,,,,,,,,,
100448,900000000000448,S,Esposito,Nicolo,M,2017-07-10,2018-03-27,,ESPOSITONI,1,1,1,100,SPSNCL17L10H893O,S,52488,2,1,,,,,,,,,
100449,900000000000449,S,Greco,Sofia,F,1958-12-31,2019-03-30,,GRECOSOFIA,1,1,1,100,GRCSFO58T71I527D,S,52548,3,2,,,,,,,,,
100450,900000000000450,S,Gallo,Marco,M,1981-11-25,2017-08-29,,GALLOMARCO,1,1,1,100,GLLMRC81S25E113W,S,54150,1,3,,,,,,,,,
100451,900000000000451,S,Ferrari,Francesca,F,1962-03-11,2018-02-13,,FERRARIFRA,1,1,1,100,FRRFNC62C51D748P,S,50185,2,4,,,,,,,,,
100452,900000000000452,S,Bianchi,Gabriele,M,1970-09-08,2024-03-23,,BIANCHIGAB,1,1,1,100,BNCGRL70P08I109V,S,50311,3,1,,,,,,,,,
100453,900000000000453,S,Fontana,Simone,M,1971-07-01,2022-08-18,,FONTANASIM,1,1,1,100,FNTSMN71L01L937V,S,50312,1,2,,,,,,,,,
100454,900000000000454,S,Bruno,Sara,F,1969-11-25,2019-10-13,,BRUNOSARA,1,1,1,100,BRNSRA69S65B578Y,S,50313,2,3,,,,,,,,,
100455,900000000000455,S,Conti,Paolo,M,1967-03-27,2022-07-19,,CONTIPAOLO,1,1,1,100,CNTPLA67C27I435K,S,50374,3,4,,,,,,,,,
100456,900000000000456,S,Fontana,Giulia,F,1962-03-31,2024-10-06,,FONTANAGIU,1,1,1,100,FNTGLI62C71E980I,S,50500,1,1,,,,,,,,,
100457,900000000000457,S,Moretti,Simone,M,1983-01-28,2017-01-01,,MORETTISIM,1,1,1,100,MRTSMN83A28H996S,S,50565,2,2,,,,,,,,,
100458,900000000000458,S,Ferrari,Matteo,M,1997-04-11,2022-04-22,,FERRARIMAT,1,1,1,100,FRRMTT97D11C215G,S,50631,3,3,,,,,,,,,
100459,900000000000459,S,Costa,Sara,F,1978-09-13,2022-11-12,,COSTASARA,1,1,1,100,CSTSRA78P53D882A,S,49994,1,4,,,,,,,,,
100460,900000000000460,S,Lombardi,Gabriele,M,1931-05-14,2018-03-31,,LOMBARDIGA,1,1,1,100,LMBGRL31E14B493Q,S,57224,2,1,,,,,,,,,
100461,900000000000461,S,Costa,Federica,F,1967-12-08,2018-03-30,,COSTAFEDER,1,1,1,100,CSTFRC67T48H048S,S,57350,3,2,,,,,,,,,
100462,900000000000462,S,Lombardi,Gabriele,M,1960-06-08,2022-07-11,,LOMBARDIGA,1,1,1,100,LMBGRL60H08D118A,S,57418,1,3,,,,,,,,,
100463,900000000000463,S,Rizzo,Stefano,M,1366-01-14,2019-02-14,,RIZZOSTEFA,1,1,1,100,RZZSFN66A14H022E,S,57419,2,4,,,,,,,,,
100464,900000000000464,S,Lombardi,Federica,F,1988-05-04,2022-02-27,,LOMBARDIFE,1,1,1,100,LMBFRC88E44E692U,S,49350,3,1,,,,,,,,,
100465,900000000000465,S,Rizzo,Andrea,M,1448-01-21,2023-07-14,,RIZZOANDRE,1,1,1,100,RZZNDR48A21L267E,S,49351,1,2,,,,,,,,,
100466,900000000000466,S,Romano,Sofia,F,1989-11-20,2019-09-22,,ROMANOSOFI,1,1,1,100,RMNSFO89S60L199B,S,49352,2,3,,,,,,,,,
100467,900000000000467,S,Bruno,Alessandro,M,1955-12-26,2019-11-24,,BRUNOALESS,1,1,1,100,BRNLSN55T26F092Y,S,48648,3,4,,,,,,,,,
100468,900000000000468,S,Gallo,Davide,M,1981-12-10,2018-04-28,,GALLODAVID,1,1,1,100,GLLDVD81T10B589J,S,48708,1,1,,,,,,,,,
100469,900000000000469,S,Rizzo,Elena,F,1955-01-22,2019-03-06,,RIZZOELENA,1,1,1,100,RZZLNE55A62L551C,S,44933,2,2,,,,,,,,,
100470,900000000000470,S,Bruno,Alessandro,M,1960-05-22,2019-05-12,,BRUNOALESS,1,1,1,100,BRNLSN60E22B128U,S,12036,3,3,,,,,,,,,
100471,900000000000471,S,Rossi,Federica,F,1959-03-12,2018-10-01,,ROSSIFEDER,1,1,1,100,RSSFRC59C52F963J,S,8326,1,4,,,,,,,,,
100472,900000000000472,S,Conti,Luca,M,1989-09-13,2019-04-18,,CONTILUCA,1,1,1,100,CNTLCU89P13D161W,S,8455,2,1,,,,,,,,,
100473,900000000000473,S,Marino,Stefano,M,1956-02-21,2024-10-05,,MARINOSTEF,1,1,1,100,MRNSFN56B21H556A,S,8518,3,2,,,,,,,,,
100474,900000000000474,S,Greco,Giulia,F,1987-08-22,2018-07-17,,GRECOGIULI,1,1,1,100,GRCGLI87M62H117F,S,8644,1,3,,,,,,,,,
100475,900000000000475,S,Rossi,Giovanni,M,1939-04-29,2024-08-09,,ROSSIGIOVA,1,1,1,100,RSSGNN39D29I595R,S,6084,2,4,,,,,,,,,
100476,900000000000476,S,Costa,Chiara,F,1988-12-28,2024-08-10,,COSTACHIAR,1,1,1,100,CSTCHR88T68B642B,S,6153,3,1,,,,,,,,,
100477,900000000000477,S,Conti,Davide,M,1941-06-28,2021-10-19,,CONTIDAVID,1,1,1,100,CNTDVD41H28B345B,S,5444,1,2,,,,,,,,,
100478,900000000000478,S,Moretti,Paolo,M,1979-12-25,2019-04-03,,MORETTIPAO,1,1,1,100,MRTPLA79T25L624I,S,10886,2,3,,,,,,,,,
100479,900000000000479,S,Bruno,Federica,F,1992-04-28,2020-10-19,,BRUNOFEDER,1,1,1,100,BRNFRC92D68D407J,S,10055,3,4,,,,,,,,,
100480,900000000000480,S,Esposito,Stefano,M,2020-11-02,2019-05-21,,ESPOSITOST,1,1,1,100,SPSSFN20S02H379T,S,10056,1,1,,,,,,,,,
100481,900000000000481,S,Costa,Federica,F,2007-07-20,2019-09-08,,COSTAFEDER,1,1,1,100,CSTFRC07L60C672Z,S,10115,2,2,,,,,,,,,
100482,900000000000482,S,Bruno,Gabriele,M,1436-07-27,2024-09-08,,BRUNOGABRI,1,1,1,100,BRNGRL36L27F964F,S,10311,3,3,,,,,,,,,
100483,900000000000483,S,Fontana,Paolo,M,1963-02-19,2019-09-17,,FONTANAPAO,1,1,1,100,FNTPLA63B19I430D,S,9604,1,4,,,,,,,,,
100484,900000000000484,S,Esposito,Martina,F,2003-11-26,2020-03-12,,ESPOSITOMA,1,1,1,100,SPSMTN03S66I867P,S,9796,2,1,,,,,,,,,
100485,900000000000485,S,Bruno,Simone,M,1954-08-08,2019-08-31,,BRUNOSIMON,1,1,1,100,BRNSMN54M08F725A,S,13062,3,2,,,,,,,,,
100486,900000000000486,S,Gallo,Valentina,F,2001-07-26,2022-03-11,,GALLOVALEN,1,1,1,100,GLLVNT01L66E682N,S,8137,1,3,,,,,,,,,
100487,900000000000487,S,Ferrari,Luca,M,1997-01-22,2019-11-28,,FERRARILUC,1,1,1,100,FRRLCU97A22B485Q,S,8200,2,4,,,,,,,,,
100488,900000000000488,S,Fontana,Nicolo,M,1956-05-25,2022-12-08,,FONTANANIC,1,1,1,100,FNTNCL56E25I417X,S,7432,3,1,,,,,,,,,
100489,900000000000489,S,Gallo,Marta,F,1948-09-18,2020-02-28,,GALLOMARTA,1,1,1,100,GLLMRT48P58E936L,S,7557,1,2,,,,,,,,,
100490,900000000000490,S,Bruno,Gabriele,M,1998-12-15,2019-04-16,,BRUNOGABRI,1,1,1,100,BRNGRL98T15G855H,S,7558,2,3,,,,,,,,,
100491,900000000000491,S,Bruno,Chiara,F,1959-05-14,2021-01-23,,BRUNOCHIAR,1,1,1,100,BRNCHR59E54H768Q,S,7621,3,4,,,,,,,,,
100492,900000000000492,S,Rizzo,Alessandro,M,1957-08-08,2019-01-05,,RIZZOALESS,1,1,1,100,RZZLSN57M08C207P,S,7688,1,1,,,,,,,,,
100493,900000000000493,S,Rizzo,Stefano,M,1948-01-08,2020-01-23,,RIZZOSTEFA,1,1,1,100,RZZSFN48A08E709X,S,5386,2,2,,,,,,,,,
100494,900000000000494,S,Marino,Martina,F,1965-04-21,2020-03-13,,MARINOMART,1,1,1,100,MRNMTN65D61D889Q,S,4617,3,3,,,,,,,,,
100495,900000000000495,S,Conti,Nicolo,M,2006-05-05,2019-05-28,,CONTINICOL,1,1,1,100,CNTNCL06E05I775K,S,4810,1,4,,,,,,,,,
100496,900000000000496,S,Bianchi,Anna,F,1971-02-06,2023-07-21,,BIANCHIANN,1,1,1,100,BNCNNA71B46F461S,S,4877,2,1,,,,,,,,,
100497,900000000000497,S,Rizzo,Gabriele,M,1982-10-23,2024-09-03,,RIZZOGABRI,1,1,1,100,RZZGRL82R23D020Z,S,35206,3,2,,,,,,,,,
100498,900000000000498,S,Ferrari,Matteo,M,1961-03-30,2020-12-20,,FERRARIMAT,1,1,1,100,FRRMTT61C30H823Y,S,34565,1,3,,,,,,,,,
100499,900000000000499,S,Bianchi,Martina,F,1960-02-20,2021-02-11,,BIANCHIMAR,1,1,1,100,BNCMTN60B60D855L,S,34695,2,4,,,,,,,,,
